0.001000 0.001000 0.001000 0.001000 0.001000 0.001000 0.001000 0.001000 0.001000 0.001015 0.001212 0.001441 0.001706 0.002011 0.002360 0.002758 0.003210 0.003720 0.004292 0.004931 0.005641 0.006426 0.007290 0.008233 0.009260 0.010369 0.011563 0.012839 0.014194 0.015626 0.017130 0.018697 0.020322 0.021993 0.023700 0.025431 0.027172 0.028908 0.030624 0.032304 0.033930 0.035487 0.036957 0.038323 0.039571 0.040685 0.041652 0.042461 0.043100 0.043563 0.043843 0.043937 0.043843 0.043563 0.043100 0.042461 0.041652 0.040685 0.039571 0.038323 0.036957 0.035487 0.033930 0.032304 0.030624 0.028908 0.027172 0.025431 0.023700 0.021993 0.020322 0.018697 0.017130 0.015626 0.014194 0.012839 0.011563 0.010369 0.009260 0.008233 0.007290 0.006426 0.005641 0.004931 0.004292 0.003720 0.003210 0.002758 0.002360 0.002011 0.001706 0.001441 0.001212 0.001015 0.001000 0.001000 0.001000 0.001000 0.001000 0.001000 0.001000 0.001000 0.001000 0.001000 0.001000 0.001000 0.001000 0.001000 0.001000 0.001000 0.001000 0.001000 0.001000 0.001000 0.001000 0.001000 0.001000 0.001000 0.001000 0.001000 0.001000 0.001000 0.001000 0.001000 0.001000 0.001000 0.001000 0.001000 0.001000 0.001000 0.001000 0.001000 0.001000 0.001000 0.001000 0.001000 0.001000 0.001000 0.001000 0.001000 0.001000 0.001000 0.001000 0.001000 0.001000 0.001000 0.001000 0.001000 0.001000 0.001000 0.001000 0.001000 0.001000 0.001000 0.001000 0.001000 0.001000 0.001000 0.001000 0.001000 0.001000 0.001000 0.001015 0.001212 0.001441 0.001706 0.002011 0.002360 0.002758 0.003210 0.003720 0.004292 0.004931 0.005641 0.006426 0.007290 0.008233 0.009260 0.010369 0.011563 0.012839 0.014194 0.015626 0.017130 0.018697 0.020322 0.021993 0.023700 0.025431 0.027172 0.028908 0.030624 0.032304 0.033930 0.035487 0.036957 0.038323 0.039571 0.040685 0.041652 0.042461 0.043100 0.043563 0.043843 0.043937 0.043843 0.043563 0.043100 0.042461 0.041652 0.040685 0.039571 0.038323 0.036957 0.035487 0.033930 0.032304 0.030624 0.028908 0.027172 0.025431 0.023700 0.021993 0.020322 0.018697 0.017130 0.015626 0.014194 0.012839 0.011563 0.010369 0.009260 0.008233 0.007290 0.006426 0.005641 0.004931 0.004292 0.003720 0.003210 0.002758 0.002360 0.002011 0.001706 0.001441 0.001212 0.001015 0.001000 0.001000 0.001000 0.001000 0.001000 0.001000 0.001000 0.001000 0.001000
0.001000 0.001000 0.001000 0.001000 0.001000 0.001000 0.001000 0.001000 0.001000 0.001193 0.001424 0.001693 0.002004 0.002363 0.002773 0.003241 0.003772 0.004371 0.005043 0.005794 0.006629 0.007551 0.008565 0.009674 0.010880 0.012184 0.013586 0.015085 0.016678 0.018361 0.020127 0.021969 0.023878 0.025841 0.027847 0.029881 0.031926 0.033967 0.035983 0.037957 0.039868 0.041697 0.043424 0.045030 0.046496 0.047805 0.048941 0.049891 0.050643 0.051186 0.051515 0.051626 0.051515 0.051186 0.050643 0.049891 0.048941 0.047805 0.046496 0.045030 0.043424 0.041697 0.039868 0.037957 0.035983 0.033967 0.031926 0.029881 0.027847 0.025841 0.023878 0.021969 0.020127 0.018361 0.016678 0.015085 0.013586 0.012184 0.010880 0.009674 0.008565 0.007551 0.006629 0.005794 0.005043 0.004371 0.003772 0.003241 0.002773 0.002363 0.002004 0.001693 0.001424 0.001193 0.001000 0.001000 0.001000 0.001000 0.001000 0.001000 0.001000 0.001000 0.001000 0.001000 0.001000 0.001000 0.001000 0.001000 0.001000 0.001000 0.001000 0.001000 0.001000 0.001000 0.001000 0.001000 0.001000 0.001000 0.001000 0.001000 0.001000 0.001000 0.001000 0.001000 0.001000 0.001000 0.001000 0.001000 0.001000 0.001000 0.001000 0.001000 0.001000 0.001000 0.001000 0.001000 0.001000 0.001000 0.001000 0.001000 0.001000 0.001000 0.001000 0.001000 0.001000 0.001000 0.001000 0.001000 0.001000 0.001000 0.001000 0.001000 0.001000 0.001000 0.001000 0.001000 0.001000 0.001000 0.001000 0.001000 0.001000 0.001000 0.001193 0.001424 0.001693 0.002004 0.002363 0.002773 0.003241 0.003772 0.004371 0.005043 0.005794 0.006629 0.007551 0.008565 0.009674 0.010880 0.012184 0.013586 0.015085 0.016678 0.018361 0.020127 0.021969 0.023878 0.025841 0.027847 0.029881 0.031926 0.033967 0.035983 0.037957 0.039868 0.041697 0.043424 0.045030 0.046496 0.047805 0.048941 0.049891 0.050643 0.051186 0.051515 0.051626 0.051515 0.051186 0.050643 0.049891 0.048941 0.047805 0.046496 0.045030 0.043424 0.041697 0.039868 0.037957 0.035983 0.033967 0.031926 0.029881 0.027847 0.025841 0.023878 0.021969 0.020127 0.018361 0.016678 0.015085 0.013586 0.012184 0.010880 0.009674 0.008565 0.007551 0.006629 0.005794 0.005043 0.004371 0.003772 0.003241 0.002773 0.002363 0.002004 0.001693 0.001424 0.001193 0.001000 0.001000 0.001000 0.001000 0.001000 0.001000 0.001000 0.001000 0.001000
0.001000 0.001000 0.001000 0.001000 0.001000 0.001000 0.001000 0.001000 0.001164 0.001395 0.001666 0.001981 0.002345 0.002764 0.003244 0.003792 0.004413 0.005113 0.005900 0.006779 0.007755 0.008835 0.010021 0.011319 0.012729 0.014255 0.015896 0.017650 0.019513 0.021482 0.023549 0.025704 0.027937 0.030234 0.032581 0.034960 0.037353 0.039740 0.042100 0.044409 0.046645 0.048785 0.050805 0.052684 0.054399 0.055931 0.057260 0.058372 0.059251 0.059887 0.060272 0.060401 0.060272 0.059887 0.059251 0.058372 0.057260 0.055931 0.054399 0.052684 0.050805 0.048785 0.046645 0.044409 0.042100 0.039740 0.037353 0.034960 0.032581 0.030234 0.027937 0.025704 0.023549 0.021482 0.019513 0.017650 0.015896 0.014255 0.012729 0.011319 0.010021 0.008835 0.007755 0.006779 0.005900 0.005113 0.004413 0.003792 0.003244 0.002764 0.002345 0.001981 0.001666 0.001395 0.001164 0.001000 0.001000 0.001000 0.001000 0.001000 0.001000 0.001000 0.001000 0.001000 0.001000 0.001000 0.001000 0.001000 0.001000 0.001000 0.001000 0.001000 0.001000 0.001000 0.001000 0.001000 0.001000 0.001000 0.001000 0.001000 0.001000 0.001000 0.001000 0.001000 0.001000 0.001000 0.001000 0.001000 0.001000 0.001000 0.001000 0.001000 0.001000 0.001000 0.001000 0.001000 0.001000 0.001000 0.001000 0.001000 0.001000 0.001000 0.001000 0.001000 0.001000 0.001000 0.001000 0.001000 0.001000 0.001000 0.001000 0.001000 0.001000 0.001000 0.001000 0.001000 0.001000 0.001000 0.001000 0.001000 0.001000 0.001164 0.001395 0.001666 0.001981 0.002345 0.002764 0.003244 0.003792 0.004413 0.005113 0.005900 0.006779 0.007755 0.008835 0.010021 0.011319 0.012729 0.014255 0.015896 0.017650 0.019513 0.021482 0.023549 0.025704 0.027937 0.030234 0.032581 0.034960 0.037353 0.039740 0.042100 0.044409 0.046645 0.048785 0.050805 0.052684 0.054399 0.055931 0.057260 0.058372 0.059251 0.059887 0.060272 0.060401 0.060272 0.059887 0.059251 0.058372 0.057260 0.055931 0.054399 0.052684 0.050805 0.048785 0.046645 0.044409 0.042100 0.039740 0.037353 0.034960 0.032581 0.030234 0.027937 0.025704 0.023549 0.021482 0.019513 0.017650 0.015896 0.014255 0.012729 0.011319 0.010021 0.008835 0.007755 0.006779 0.005900 0.005113 0.004413 0.003792 0.003244 0.002764 0.002345 0.001981 0.001666 0.001395 0.001164 0.001000 0.001000 0.001000 0.001000 0.001000 0.001000 0.001000 0.001000
0.001000 0.001000 0.001000 0.001000 0.001000 0.001000 0.001000 0.001126 0.001356 0.001626 0.001941 0.002308 0.002732 0.003220 0.003780 0.004417 0.005141 0.005957 0.006874 0.007897 0.009035 0.010292 0.011675 0.013186 0.014830 0.016607 0.018519 0.020562 0.022733 0.025027 0.027434 0.029945 0.032546 0.035223 0.037957 0.040729 0.043517 0.046297 0.049046 0.051736 0.054341 0.056834 0.059188 0.061377 0.063375 0.065159 0.066708 0.068003 0.069027 0.069769 0.070217 0.070367 0.070217 0.069769 0.069027 0.068003 0.066708 0.065159 0.063375 0.061377 0.059188 0.056834 0.054341 0.051736 0.049046 0.046297 0.043517 0.040729 0.037957 0.035223 0.032546 0.029945 0.027434 0.025027 0.022733 0.020562 0.018519 0.016607 0.014830 0.013186 0.011675 0.010292 0.009035 0.007897 0.006874 0.005957 0.005141 0.004417 0.003780 0.003220 0.002732 0.002308 0.001941 0.001626 0.001356 0.001126 0.001000 0.001000 0.001000 0.001000 0.001000 0.001000 0.001000 0.001000 0.001000 0.001000 0.001000 0.001000 0.001000 0.001000 0.001000 0.001000 0.001000 0.001000 0.001000 0.001000 0.001000 0.001000 0.001000 0.001000 0.001000 0.001000 0.001000 0.001000 0.001000 0.001000 0.001000 0.001000 0.001000 0.001000 0.001000 0.001000 0.001000 0.001000 0.001000 0.001000 0.001000 0.001000 0.001000 0.001000 0.001000 0.001000 0.001000 0.001000 0.001000 0.001000 0.001000 0.001000 0.001000 0.001000 0.001000 0.001000 0.001000 0.001000 0.001000 0.001000 0.001000 0.001000 0.001000 0.001000 0.001126 0.001356 0.001626 0.001941 0.002308 0.002732 0.003220 0.003780 0.004417 0.005141 0.005957 0.006874 0.007897 0.009035 0.010292 0.011675 0.013186 0.014830 0.016607 0.018519 0.020562 0.022733 0.025027 0.027434 0.029945 0.032546 0.035223 0.037957 0.040729 0.043517 0.046297 0.049046 0.051736 0.054341 0.056834 0.059188 0.061377 0.063375 0.065159 0.066708 0.068003 0.069027 0.069769 0.070217 0.070367 0.070217 0.069769 0.069027 0.068003 0.066708 0.065159 0.063375 0.061377 0.059188 0.056834 0.054341 0.051736 0.049046 0.046297 0.043517 0.040729 0.037957 0.035223 0.032546 0.029945 0.027434 0.025027 0.022733 0.020562 0.018519 0.016607 0.014830 0.013186 0.011675 0.010292 0.009035 0.007897 0.006874 0.005957 0.005141 0.004417 0.003780 0.003220 0.002732 0.002308 0.001941 0.001626 0.001356 0.001126 0.001000 0.001000 0.001000 0.001000 0.001000 0.001000 0.001000
0.001000 0.001000 0.001000 0.001000 0.001000 0.001000 0.001080 0.001306 0.001573 0.001886 0.002252 0.002677 0.003169 0.003736 0.004385 0.005124 0.005964 0.006910 0.007974 0.009161 0.010481 0.011939 0.013543 0.015296 0.017203 0.019265 0.021482 0.023852 0.026371 0.029032 0.031824 0.034737 0.037754 0.040859 0.044031 0.047246 0.050481 0.053706 0.056895 0.060015 0.063037 0.065929 0.068660 0.071199 0.073517 0.075587 0.077384 0.078886 0.080074 0.080934 0.081454 0.081628 0.081454 0.080934 0.080074 0.078886 0.077384 0.075587 0.073517 0.071199 0.068660 0.065929 0.063037 0.060015 0.056895 0.053706 0.050481 0.047246 0.044031 0.040859 0.037754 0.034737 0.031824 0.029032 0.026371 0.023852 0.021482 0.019265 0.017203 0.015296 0.013543 0.011939 0.010481 0.009161 0.007974 0.006910 0.005964 0.005124 0.004385 0.003736 0.003169 0.002677 0.002252 0.001886 0.001573 0.001306 0.001080 0.001000 0.001000 0.001000 0.001000 0.001000 0.001000 0.001000 0.001000 0.001000 0.001000 0.001000 0.001000 0.001000 0.001000 0.001000 0.001000 0.001000 0.001000 0.001000 0.001000 0.001000 0.001000 0.001000 0.001000 0.001000 0.001000 0.001000 0.001000 0.001000 0.001000 0.001000 0.001000 0.001000 0.001000 0.001000 0.001000 0.001000 0.001000 0.001000 0.001000 0.001000 0.001000 0.001000 0.001000 0.001000 0.001000 0.001000 0.001000 0.001000 0.001000 0.001000 0.001000 0.001000 0.001000 0.001000 0.001000 0.001000 0.001000 0.001000 0.001000 0.001000 0.001000 0.001080 0.001306 0.001573 0.001886 0.002252 0.002677 0.003169 0.003736 0.004385 0.005124 0.005964 0.006910 0.007974 0.009161 0.010481 0.011939 0.013543 0.015296 0.017203 0.019265 0.021482 0.023852 0.026371 0.029032 0.031824 0.034737 0.037754 0.040859 0.044031 0.047246 0.050481 0.053706 0.056895 0.060015 0.063037 0.065929 0.068660 0.071199 0.073517 0.075587 0.077384 0.078886 0.080074 0.080934 0.081454 0.081628 0.081454 0.080934 0.080074 0.078886 0.077384 0.075587 0.073517 0.071199 0.068660 0.065929 0.063037 0.060015 0.056895 0.053706 0.050481 0.047246 0.044031 0.040859 0.037754 0.034737 0.031824 0.029032 0.026371 0.023852 0.021482 0.019265 0.017203 0.015296 0.013543 0.011939 0.010481 0.009161 0.007974 0.006910 0.005964 0.005124 0.004385 0.003736 0.003169 0.002677 0.002252 0.001886 0.001573 0.001306 0.001080 0.001000 0.001000 0.001000 0.001000 0.001000 0.001000
0.001000 0.001000 0.001000 0.001000 0.001000 0.001027 0.001247 0.001509 0.001817 0.002178 0.002601 0.003092 0.003661 0.004315 0.005065 0.005919 0.006888 0.007982 0.009210 0.010582 0.012106 0.013791 0.015643 0.017668 0.019871 0.022253 0.024814 0.027551 0.030461 0.033534 0.036760 0.040124 0.043610 0.047196 0.050859 0.054574 0.058310 0.062036 0.065718 0.069323 0.072814 0.076154 0.079308 0.082241 0.084918 0.087309 0.089385 0.091120 0.092492 0.093486 0.094086 0.094288 0.094086 0.093486 0.092492 0.091120 0.089385 0.087309 0.084918 0.082241 0.079308 0.076154 0.072814 0.069323 0.065718 0.062036 0.058310 0.054574 0.050859 0.047196 0.043610 0.040124 0.036760 0.033534 0.030461 0.027551 0.024814 0.022253 0.019871 0.017668 0.015643 0.013791 0.012106 0.010582 0.009210 0.007982 0.006888 0.005919 0.005065 0.004315 0.003661 0.003092 0.002601 0.002178 0.001817 0.001509 0.001247 0.001027 0.001000 0.001000 0.001000 0.001000 0.001000 0.001000 0.001000 0.001000 0.001000 0.001000 0.001000 0.001000 0.001000 0.001000 0.001000 0.001000 0.001000 0.001000 0.001000 0.001000 0.001000 0.001000 0.001000 0.001000 0.001000 0.001000 0.001000 0.001000 0.001000 0.001000 0.001000 0.001000 0.001000 0.001000 0.001000 0.001000 0.001000 0.001000 0.001000 0.001000 0.001000 0.001000 0.001000 0.001000 0.001000 0.001000 0.001000 0.001000 0.001000 0.001000 0.001000 0.001000 0.001000 0.001000 0.001000 0.001000 0.001000 0.001000 0.001000 0.001000 0.001027 0.001247 0.001509 0.001817 0.002178 0.002601 0.003092 0.003661 0.004315 0.005065 0.005919 0.006888 0.007982 0.009210 0.010582 0.012106 0.013791 0.015643 0.017668 0.019871 0.022253 0.024814 0.027551 0.030461 0.033534 0.036760 0.040124 0.043610 0.047196 0.050859 0.054574 0.058310 0.062036 0.065718 0.069323 0.072814 0.076154 0.079308 0.082241 0.084918 0.087309 0.089385 0.091120 0.092492 0.093486 0.094086 0.094288 0.094086 0.093486 0.092492 0.091120 0.089385 0.087309 0.084918 0.082241 0.079308 0.076154 0.072814 0.069323 0.065718 0.062036 0.058310 0.054574 0.050859 0.047196 0.043610 0.040124 0.036760 0.033534 0.030461 0.027551 0.024814 0.022253 0.019871 0.017668 0.015643 0.013791 0.012106 0.010582 0.009210 0.007982 0.006888 0.005919 0.005065 0.004315 0.003661 0.003092 0.002601 0.002178 0.001817 0.001509 0.001247 0.001027 0.001000 0.001000 0.001000 0.001000 0.001000
0.001000 0.001000 0.001000 0.001000 0.001000 0.001181 0.001435 0.001735 0.002089 0.002505 0.002991 0.003556 0.004210 0.004963 0.005825 0.006808 0.007923 0.009181 0.010593 0.012171 0.013924 0.015862 0.017992 0.020322 0.022855 0.025594 0.028540 0.031689 0.035035 0.038570 0.042280 0.046149 0.050158 0.054283 0.058497 0.062769 0.067065 0.071351 0.075587 0.079733 0.083748 0.087589 0.091217 0.094590 0.097670 0.100420 0.102807 0.104803 0.106381 0.107524 0.108215 0.108446 0.108215 0.107524 0.106381 0.104803 0.102807 0.100420 0.097670 0.094590 0.091217 0.087589 0.083748 0.079733 0.075587 0.071351 0.067065 0.062769 0.058497 0.054283 0.050158 0.046149 0.042280 0.038570 0.035035 0.031689 0.028540 0.025594 0.022855 0.020322 0.017992 0.015862 0.013924 0.012171 0.010593 0.009181 0.007923 0.006808 0.005825 0.004963 0.004210 0.003556 0.002991 0.002505 0.002089 0.001735 0.001435 0.001181 0.001000 0.001000 0.001000 0.001000 0.001000 0.001000 0.001000 0.001000 0.001000 0.001000 0.001000 0.001000 0.001000 0.001000 0.001000 0.001000 0.001000 0.001000 0.001000 0.001000 0.001000 0.001000 0.001000 0.001000 0.001000 0.001000 0.001000 0.001000 0.001000 0.001000 0.001000 0.001000 0.001000 0.001000 0.001000 0.001000 0.001000 0.001000 0.001000 0.001000 0.001000 0.001000 0.001000 0.001000 0.001000 0.001000 0.001000 0.001000 0.001000 0.001000 0.001000 0.001000 0.001000 0.001000 0.001000 0.001000 0.001000 0.001000 0.001000 0.001000 0.001181 0.001435 0.001735 0.002089 0.002505 0.002991 0.003556 0.004210 0.004963 0.005825 0.006808 0.007923 0.009181 0.010593 0.012171 0.013924 0.015862 0.017992 0.020322 0.022855 0.025594 0.028540 0.031689 0.035035 0.038570 0.042280 0.046149 0.050158 0.054283 0.058497 0.062769 0.067065 0.071351 0.075587 0.079733 0.083748 0.087589 0.091217 0.094590 0.097670 0.100420 0.102807 0.104803 0.106381 0.107524 0.108215 0.108446 0.108215 0.107524 0.106381 0.104803 0.102807 0.100420 0.097670 0.094590 0.091217 0.087589 0.083748 0.079733 0.075587 0.071351 0.067065 0.062769 0.058497 0.054283 0.050158 0.046149 0.042280 0.038570 0.035035 0.031689 0.028540 0.025594 0.022855 0.020322 0.017992 0.015862 0.013924 0.012171 0.010593 0.009181 0.007923 0.006808 0.005825 0.004963 0.004210 0.003556 0.002991 0.002505 0.002089 0.001735 0.001435 0.001181 0.001000 0.001000 0.001000 0.001000 0.001000
0.001000 0.001000 0.001000 0.001000 0.001109 0.001353 0.001643 0.001987 0.002393 0.002869 0.003426 0.004073 0.004822 0.005684 0.006671 0.007797 0.009074 0.010514 0.012132 0.013939 0.015947 0.018166 0.020606 0.023274 0.026175 0.029312 0.032685 0.036292 0.040124 0.044172 0.048421 0.052853 0.057444 0.062168 0.066994 0.071886 0.076807 0.081715 0.086567 0.091315 0.095913 0.100313 0.104467 0.108330 0.111857 0.115007 0.117741 0.120026 0.121834 0.123142 0.123934 0.124199 0.123934 0.123142 0.121834 0.120026 0.117741 0.115007 0.111857 0.108330 0.104467 0.100313 0.095913 0.091315 0.086567 0.081715 0.076807 0.071886 0.066994 0.062168 0.057444 0.052853 0.048421 0.044172 0.040124 0.036292 0.032685 0.029312 0.026175 0.023274 0.020606 0.018166 0.015947 0.013939 0.012132 0.010514 0.009074 0.007797 0.006671 0.005684 0.004822 0.004073 0.003426 0.002869 0.002393 0.001987 0.001643 0.001353 0.001109 0.001000 0.001000 0.001000 0.001000 0.001000 0.001000 0.001000 0.001000 0.001000 0.001000 0.001000 0.001000 0.001000 0.001000 0.001000 0.001000 0.001000 0.001000 0.001000 0.001000 0.001000 0.001000 0.001000 0.001000 0.001000 0.001000 0.001000 0.001000 0.001000 0.001000 0.001000 0.001000 0.001000 0.001000 0.001000 0.001000 0.001000 0.001000 0.001000 0.001000 0.001000 0.001000 0.001000 0.001000 0.001000 0.001000 0.001000 0.001000 0.001000 0.001000 0.001000 0.001000 0.001000 0.001000 0.001000 0.001000 0.001000 0.001000 0.001109 0.001353 0.001643 0.001987 0.002393 0.002869 0.003426 0.004073 0.004822 0.005684 0.006671 0.007797 0.009074 0.010514 0.012132 0.013939 0.015947 0.018166 0.020606 0.023274 0.026175 0.029312 0.032685 0.036292 0.040124 0.044172 0.048421 0.052853 0.057444 0.062168 0.066994 0.071886 0.076807 0.081715 0.086567 0.091315 0.095913 0.100313 0.104467 0.108330 0.111857 0.115007 0.117741 0.120026 0.121834 0.123142 0.123934 0.124199 0.123934 0.123142 0.121834 0.120026 0.117741 0.115007 0.111857 0.108330 0.104467 0.100313 0.095913 0.091315 0.086567 0.081715 0.076807 0.071886 0.066994 0.062168 0.057444 0.052853 0.048421 0.044172 0.040124 0.036292 0.032685 0.029312 0.026175 0.023274 0.020606 0.018166 0.015947 0.013939 0.012132 0.010514 0.009074 0.007797 0.006671 0.005684 0.004822 0.004073 0.003426 0.002869 0.002393 0.001987 0.001643 0.001353 0.001109 0.001000 0.001000 0.001000 0.001000
0.001000 0.001000 0.001000 0.001033 0.001265 0.001543 0.001874 0.002266 0.002729 0.003272 0.003907 0.004645 0.005499 0.006482 0.007608 0.008891 0.010347 0.011990 0.013835 0.015896 0.018185 0.020716 0.023498 0.026541 0.029849 0.033427 0.037274 0.041386 0.045757 0.050373 0.055219 0.060272 0.065508 0.070895 0.076398 0.081978 0.087589 0.093186 0.098719 0.104133 0.109377 0.114394 0.119132 0.123538 0.127560 0.131151 0.134269 0.136875 0.138937 0.140429 0.141332 0.141634 0.141332 0.140429 0.138937 0.136875 0.134269 0.131151 0.127560 0.123538 0.119132 0.114394 0.109377 0.104133 0.098719 0.093186 0.087589 0.081978 0.076398 0.070895 0.065508 0.060272 0.055219 0.050373 0.045757 0.041386 0.037274 0.033427 0.029849 0.026541 0.023498 0.020716 0.018185 0.015896 0.013835 0.011990 0.010347 0.008891 0.007608 0.006482 0.005499 0.004645 0.003907 0.003272 0.002729 0.002266 0.001874 0.001543 0.001265 0.001033 0.001000 0.001000 0.001000 0.001000 0.001000 0.001000 0.001000 0.001000 0.001000 0.001000 0.001000 0.001000 0.001000 0.001000 0.001000 0.001000 0.001000 0.001000 0.001000 0.001000 0.001000 0.001000 0.001000 0.001000 0.001000 0.001000 0.001000 0.001000 0.001000 0.001000 0.001000 0.001000 0.001000 0.001000 0.001000 0.001000 0.001000 0.001000 0.001000 0.001000 0.001000 0.001000 0.001000 0.001000 0.001000 0.001000 0.001000 0.001000 0.001000 0.001000 0.001000 0.001000 0.001000 0.001000 0.001000 0.001000 0.001033 0.001265 0.001543 0.001874 0.002266 0.002729 0.003272 0.003907 0.004645 0.005499 0.006482 0.007608 0.008891 0.010347 0.011990 0.013835 0.015896 0.018185 0.020716 0.023498 0.026541 0.029849 0.033427 0.037274 0.041386 0.045757 0.050373 0.055219 0.060272 0.065508 0.070895 0.076398 0.081978 0.087589 0.093186 0.098719 0.104133 0.109377 0.114394 0.119132 0.123538 0.127560 0.131151 0.134269 0.136875 0.138937 0.140429 0.141332 0.141634 0.141332 0.140429 0.138937 0.136875 0.134269 0.131151 0.127560 0.123538 0.119132 0.114394 0.109377 0.104133 0.098719 0.093186 0.087589 0.081978 0.076398 0.070895 0.065508 0.060272 0.055219 0.050373 0.045757 0.041386 0.037274 0.033427 0.029849 0.026541 0.023498 0.020716 0.018185 0.015896 0.013835 0.011990 0.010347 0.008891 0.007608 0.006482 0.005499 0.004645 0.003907 0.003272 0.002729 0.002266 0.001874 0.001543 0.001265 0.001033 0.001000 0.001000 0.001000
0.001000 0.001000 0.001000 0.001173 0.001436 0.001752 0.002128 0.002573 0.003099 0.003716 0.004436 0.005274 0.006244 0.007360 0.008639 0.010096 0.011750 0.013615 0.015710 0.018050 0.020650 0.023523 0.026683 0.030137 0.033894 0.037957 0.042325 0.046995 0.051957 0.057199 0.062702 0.068440 0.074386 0.080503 0.086752 0.093087 0.099459 0.105815 0.112097 0.118245 0.124199 0.129897 0.135277 0.140279 0.144846 0.148925 0.152465 0.155424 0.157766 0.159459 0.160484 0.160828 0.160484 0.159459 0.157766 0.155424 0.152465 0.148925 0.144846 0.140279 0.135277 0.129897 0.124199 0.118245 0.112097 0.105815 0.099459 0.093087 0.086752 0.080503 0.074386 0.068440 0.062702 0.057199 0.051957 0.046995 0.042325 0.037957 0.033894 0.030137 0.026683 0.023523 0.020650 0.018050 0.015710 0.013615 0.011750 0.010096 0.008639 0.007360 0.006244 0.005274 0.004436 0.003716 0.003099 0.002573 0.002128 0.001752 0.001436 0.001173 0.001000 0.001000 0.001000 0.001000 0.001000 0.001000 0.001000 0.001000 0.001000 0.001000 0.001000 0.001000 0.001000 0.001000 0.001000 0.001000 0.001000 0.001000 0.001000 0.001000 0.001000 0.001000 0.001000 0.001000 0.001000 0.001000 0.001000 0.001000 0.001000 0.001000 0.001000 0.001000 0.001000 0.001000 0.001000 0.001000 0.001000 0.001000 0.001000 0.001000 0.001000 0.001000 0.001000 0.001000 0.001000 0.001000 0.001000 0.001000 0.001000 0.001000 0.001000 0.001000 0.001000 0.001000 0.001000 0.001000 0.001173 0.001436 0.001752 0.002128 0.002573 0.003099 0.003716 0.004436 0.005274 0.006244 0.007360 0.008639 0.010096 0.011750 0.013615 0.015710 0.018050 0.020650 0.023523 0.026683 0.030137 0.033894 0.037957 0.042325 0.046995 0.051957 0.057199 0.062702 0.068440 0.074386 0.080503 0.086752 0.093087 0.099459 0.105815 0.112097 0.118245 0.124199 0.129897 0.135277 0.140279 0.144846 0.148925 0.152465 0.155424 0.157766 0.159459 0.160484 0.160828 0.160484 0.159459 0.157766 0.155424 0.152465 0.148925 0.144846 0.140279 0.135277 0.129897 0.124199 0.118245 0.112097 0.105815 0.099459 0.093087 0.086752 0.080503 0.074386 0.068440 0.062702 0.057199 0.051957 0.046995 0.042325 0.037957 0.033894 0.030137 0.026683 0.023523 0.020650 0.018050 0.015710 0.013615 0.011750 0.010096 0.008639 0.007360 0.006244 0.005274 0.004436 0.003716 0.003099 0.002573 0.002128 0.001752 0.001436 0.001173 0.001000 0.001000 0.001000
0.001000 0.001000 0.001078 0.001326 0.001624 0.001981 0.002406 0.002910 0.003504 0.004201 0.005016 0.005964 0.007060 0.008322 0.009767 0.011416 0.013285 0.015395 0.017763 0.020409 0.023348 0.026597 0.030170 0.034076 0.038323 0.042917 0.047856 0.053136 0.058747 0.064674 0.070895 0.077384 0.084106 0.091023 0.098088 0.105251 0.112456 0.119642 0.126745 0.133697 0.140429 0.146871 0.152954 0.158610 0.163774 0.168385 0.172389 0.175734 0.178382 0.180297 0.181456 0.181844 0.181456 0.180297 0.178382 0.175734 0.172389 0.168385 0.163774 0.158610 0.152954 0.146871 0.140429 0.133697 0.126745 0.119642 0.112456 0.105251 0.098088 0.091023 0.084106 0.077384 0.070895 0.064674 0.058747 0.053136 0.047856 0.042917 0.038323 0.034076 0.030170 0.026597 0.023348 0.020409 0.017763 0.015395 0.013285 0.011416 0.009767 0.008322 0.007060 0.005964 0.005016 0.004201 0.003504 0.002910 0.002406 0.001981 0.001624 0.001326 0.001078 0.001000 0.001000 0.001000 0.001000 0.001000 0.001000 0.001000 0.001000 0.001000 0.001000 0.001000 0.001000 0.001000 0.001000 0.001000 0.001000 0.001000 0.001000 0.001000 0.001000 0.001000 0.001000 0.001000 0.001000 0.001000 0.001000 0.001000 0.001000 0.001000 0.001000 0.001000 0.001000 0.001000 0.001000 0.001000 0.001000 0.001000 0.001000 0.001000 0.001000 0.001000 0.001000 0.001000 0.001000 0.001000 0.001000 0.001000 0.001000 0.001000 0.001000 0.001000 0.001000 0.001000 0.001000 0.001078 0.001326 0.001624 0.001981 0.002406 0.002910 0.003504 0.004201 0.005016 0.005964 0.007060 0.008322 0.009767 0.011416 0.013285 0.015395 0.017763 0.020409 0.023348 0.026597 0.030170 0.034076 0.038323 0.042917 0.047856 0.053136 0.058747 0.064674 0.070895 0.077384 0.084106 0.091023 0.098088 0.105251 0.112456 0.119642 0.126745 0.133697 0.140429 0.146871 0.152954 0.158610 0.163774 0.168385 0.172389 0.175734 0.178382 0.180297 0.181456 0.181844 0.181456 0.180297 0.178382 0.175734 0.172389 0.168385 0.163774 0.158610 0.152954 0.146871 0.140429 0.133697 0.126745 0.119642 0.112456 0.105251 0.098088 0.091023 0.084106 0.077384 0.070895 0.064674 0.058747 0.053136 0.047856 0.042917 0.038323 0.034076 0.030170 0.026597 0.023348 0.020409 0.017763 0.015395 0.013285 0.011416 0.009767 0.008322 0.007060 0.005964 0.005016 0.004201 0.003504 0.002910 0.002406 0.001981 0.001624 0.001326 0.001078 0.001000 0.001000
0.001000 0.001000 0.001213 0.001493 0.001828 0.002230 0.002709 0.003276 0.003945 0.004730 0.005647 0.006714 0.007948 0.009369 0.010997 0.012852 0.014957 0.017332 0.019999 0.022977 0.026287 0.029945 0.033967 0.038364 0.043146 0.048318 0.053879 0.059823 0.066141 0.072814 0.079818 0.087123 0.094691 0.102478 0.110433 0.118498 0.126610 0.134700 0.142697 0.150524 0.158103 0.165356 0.172205 0.178572 0.184386 0.189578 0.194085 0.197852 0.200832 0.202989 0.204293 0.204730 0.204293 0.202989 0.200832 0.197852 0.194085 0.189578 0.184386 0.178572 0.172205 0.165356 0.158103 0.150524 0.142697 0.134700 0.126610 0.118498 0.110433 0.102478 0.094691 0.087123 0.079818 0.072814 0.066141 0.059823 0.053879 0.048318 0.043146 0.038364 0.033967 0.029945 0.026287 0.022977 0.019999 0.017332 0.014957 0.012852 0.010997 0.009369 0.007948 0.006714 0.005647 0.004730 0.003945 0.003276 0.002709 0.002230 0.001828 0.001493 0.001213 0.001000 0.001000 0.001000 0.001000 0.001000 0.001000 0.001000 0.001000 0.001000 0.001000 0.001000 0.001000 0.001000 0.001000 0.001000 0.001000 0.001000 0.001000 0.001000 0.001000 0.001000 0.001000 0.001000 0.001000 0.001000 0.001000 0.001000 0.001000 0.001000 0.001000 0.001000 0.001000 0.001000 0.001000 0.001000 0.001000 0.001000 0.001000 0.001000 0.001000 0.001000 0.001000 0.001000 0.001000 0.001000 0.001000 0.001000 0.001000 0.001000 0.001000 0.001000 0.001000 0.001000 0.001000 0.001213 0.001493 0.001828 0.002230 0.002709 0.003276 0.003945 0.004730 0.005647 0.006714 0.007948 0.009369 0.010997 0.012852 0.014957 0.017332 0.019999 0.022977 0.026287 0.029945 0.033967 0.038364 0.043146 0.048318 0.053879 0.059823 0.066141 0.072814 0.079818 0.087123 0.094691 0.102478 0.110433 0.118498 0.126610 0.134700 0.142697 0.150524 0.158103 0.165356 0.172205 0.178572 0.184386 0.189578 0.194085 0.197852 0.200832 0.202989 0.204293 0.204730 0.204293 0.202989 0.200832 0.197852 0.194085 0.189578 0.184386 0.178572 0.172205 0.165356 0.158103 0.150524 0.142697 0.134700 0.126610 0.118498 0.110433 0.102478 0.094691 0.087123 0.079818 0.072814 0.066141 0.059823 0.053879 0.048318 0.043146 0.038364 0.033967 0.029945 0.026287 0.022977 0.019999 0.017332 0.014957 0.012852 0.010997 0.009369 0.007948 0.006714 0.005647 0.004730 0.003945 0.003276 0.002709 0.002230 0.001828 0.001493 0.001213 0.001000 0.001000
0.001000 0.001101 0.001360 0.001673 0.002050 0.002500 0.003037 0.003672 0.004422 0.005303 0.006331 0.007527 0.008910 0.010503 0.012328 0.014408 0.016768 0.019430 0.022420 0.025759 0.029469 0.033570 0.038078 0.043008 0.048370 0.054167 0.060401 0.067065 0.074148 0.081628 0.089480 0.097670 0.106154 0.114884 0.123802 0.132843 0.141937 0.151007 0.159971 0.168745 0.177242 0.185373 0.193051 0.200190 0.206708 0.212528 0.217580 0.221803 0.225144 0.227562 0.229025 0.229514 0.229025 0.227562 0.225144 0.221803 0.217580 0.212528 0.206708 0.200190 0.193051 0.185373 0.177242 0.168745 0.159971 0.151007 0.141937 0.132843 0.123802 0.114884 0.106154 0.097670 0.089480 0.081628 0.074148 0.067065 0.060401 0.054167 0.048370 0.043008 0.038078 0.033570 0.029469 0.025759 0.022420 0.019430 0.016768 0.014408 0.012328 0.010503 0.008910 0.007527 0.006331 0.005303 0.004422 0.003672 0.003037 0.002500 0.002050 0.001673 0.001360 0.001101 0.001000 0.001000 0.001000 0.001000 0.001000 0.001000 0.001000 0.001000 0.001000 0.001000 0.001000 0.001000 0.001000 0.001000 0.001000 0.001000 0.001000 0.001000 0.001000 0.001000 0.001000 0.001000 0.001000 0.001000 0.001000 0.001000 0.001000 0.001000 0.001000 0.001000 0.001000 0.001000 0.001000 0.001000 0.001000 0.001000 0.001000 0.001000 0.001000 0.001000 0.001000 0.001000 0.001000 0.001000 0.001000 0.001000 0.001000 0.001000 0.001000 0.001000 0.001000 0.001000 0.001101 0.001360 0.001673 0.002050 0.002500 0.003037 0.003672 0.004422 0.005303 0.006331 0.007527 0.008910 0.010503 0.012328 0.014408 0.016768 0.019430 0.022420 0.025759 0.029469 0.033570 0.038078 0.043008 0.048370 0.054167 0.060401 0.067065 0.074148 0.081628 0.089480 0.097670 0.106154 0.114884 0.123802 0.132843 0.141937 0.151007 0.159971 0.168745 0.177242 0.185373 0.193051 0.200190 0.206708 0.212528 0.217580 0.221803 0.225144 0.227562 0.229025 0.229514 0.229025 0.227562 0.225144 0.221803 0.217580 0.212528 0.206708 0.200190 0.193051 0.185373 0.177242 0.168745 0.159971 0.151007 0.141937 0.132843 0.123802 0.114884 0.106154 0.097670 0.089480 0.081628 0.074148 0.067065 0.060401 0.054167 0.048370 0.043008 0.038078 0.033570 0.029469 0.025759 0.022420 0.019430 0.016768 0.014408 0.012328 0.010503 0.008910 0.007527 0.006331 0.005303 0.004422 0.003672 0.003037 0.002500 0.002050 0.001673 0.001360 0.001101 0.001000
0.001000 0.001229 0.001518 0.001868 0.002288 0.002791 0.003390 0.004099 0.004936 0.005919 0.007067 0.008402 0.009946 0.011725 0.013762 0.016084 0.018717 0.021690 0.025027 0.028754 0.032896 0.037473 0.042506 0.048009 0.053994 0.060466 0.067425 0.074864 0.082769 0.091120 0.099885 0.109027 0.118498 0.128243 0.138197 0.148290 0.158441 0.168565 0.178572 0.188367 0.197852 0.206928 0.215499 0.223468 0.230743 0.237240 0.242880 0.247594 0.251324 0.254022 0.255655 0.256202 0.255655 0.254022 0.251324 0.247594 0.242880 0.237240 0.230743 0.223468 0.215499 0.206928 0.197852 0.188367 0.178572 0.168565 0.158441 0.148290 0.138197 0.128243 0.118498 0.109027 0.099885 0.091120 0.082769 0.074864 0.067425 0.060466 0.053994 0.048009 0.042506 0.037473 0.032896 0.028754 0.025027 0.021690 0.018717 0.016084 0.013762 0.011725 0.009946 0.008402 0.007067 0.005919 0.004936 0.004099 0.003390 0.002791 0.002288 0.001868 0.001518 0.001229 0.001000 0.001000 0.001000 0.001000 0.001000 0.001000 0.001000 0.001000 0.001000 0.001000 0.001000 0.001000 0.001000 0.001000 0.001000 0.001000 0.001000 0.001000 0.001000 0.001000 0.001000 0.001000 0.001000 0.001000 0.001000 0.001000 0.001000 0.001000 0.001000 0.001000 0.001000 0.001000 0.001000 0.001000 0.001000 0.001000 0.001000 0.001000 0.001000 0.001000 0.001000 0.001000 0.001000 0.001000 0.001000 0.001000 0.001000 0.001000 0.001000 0.001000 0.001000 0.001000 0.001229 0.001518 0.001868 0.002288 0.002791 0.003390 0.004099 0.004936 0.005919 0.007067 0.008402 0.009946 0.011725 0.013762 0.016084 0.018717 0.021690 0.025027 0.028754 0.032896 0.037473 0.042506 0.048009 0.053994 0.060466 0.067425 0.074864 0.082769 0.091120 0.099885 0.109027 0.118498 0.128243 0.138197 0.148290 0.158441 0.168565 0.178572 0.188367 0.197852 0.206928 0.215499 0.223468 0.230743 0.237240 0.242880 0.247594 0.251324 0.254022 0.255655 0.256202 0.255655 0.254022 0.251324 0.247594 0.242880 0.237240 0.230743 0.223468 0.215499 0.206928 0.197852 0.188367 0.178572 0.168565 0.158441 0.148290 0.138197 0.128243 0.118498 0.109027 0.099885 0.091120 0.082769 0.074864 0.067425 0.060466 0.053994 0.048009 0.042506 0.037473 0.032896 0.028754 0.025027 0.021690 0.018717 0.016084 0.013762 0.011725 0.009946 0.008402 0.007067 0.005919 0.004936 0.004099 0.003390 0.002791 0.002288 0.001868 0.001518 0.001229 0.001000
0.001101 0.001366 0.001688 0.002076 0.002543 0.003102 0.003768 0.004556 0.005487 0.006579 0.007855 0.009339 0.011056 0.013032 0.015296 0.017877 0.020805 0.024108 0.027818 0.031961 0.036564 0.041652 0.047246 0.053363 0.060015 0.067209 0.074944 0.083213 0.092000 0.101282 0.111024 0.121185 0.131713 0.142544 0.153609 0.164827 0.176110 0.187364 0.198487 0.209374 0.219916 0.230005 0.239531 0.248389 0.256476 0.263697 0.269966 0.275206 0.279352 0.282351 0.284166 0.284774 0.284166 0.282351 0.279352 0.275206 0.269966 0.263697 0.256476 0.248389 0.239531 0.230005 0.219916 0.209374 0.198487 0.187364 0.176110 0.164827 0.153609 0.142544 0.131713 0.121185 0.111024 0.101282 0.092000 0.083213 0.074944 0.067209 0.060015 0.053363 0.047246 0.041652 0.036564 0.031961 0.027818 0.024108 0.020805 0.017877 0.015296 0.013032 0.011056 0.009339 0.007855 0.006579 0.005487 0.004556 0.003768 0.003102 0.002543 0.002076 0.001688 0.001366 0.001101 0.001000 0.001000 0.001000 0.001000 0.001000 0.001000 0.001000 0.001000 0.001000 0.001000 0.001000 0.001000 0.001000 0.001000 0.001000 0.001000 0.001000 0.001000 0.001000 0.001000 0.001000 0.001000 0.001000 0.001000 0.001000 0.001000 0.001000 0.001000 0.001000 0.001000 0.001000 0.001000 0.001000 0.001000 0.001000 0.001000 0.001000 0.001000 0.001000 0.001000 0.001000 0.001000 0.001000 0.001000 0.001000 0.001000 0.001000 0.001000 0.001000 0.001000 0.001101 0.001366 0.001688 0.002076 0.002543 0.003102 0.003768 0.004556 0.005487 0.006579 0.007855 0.009339 0.011056 0.013032 0.015296 0.017877 0.020805 0.024108 0.027818 0.031961 0.036564 0.041652 0.047246 0.053363 0.060015 0.067209 0.074944 0.083213 0.092000 0.101282 0.111024 0.121185 0.131713 0.142544 0.153609 0.164827 0.176110 0.187364 0.198487 0.209374 0.219916 0.230005 0.239531 0.248389 0.256476 0.263697 0.269966 0.275206 0.279352 0.282351 0.284166 0.284774 0.284166 0.282351 0.279352 0.275206 0.269966 0.263697 0.256476 0.248389 0.239531 0.230005 0.219916 0.209374 0.198487 0.187364 0.176110 0.164827 0.153609 0.142544 0.131713 0.121185 0.111024 0.101282 0.092000 0.083213 0.074944 0.067209 0.060015 0.053363 0.047246 0.041652 0.036564 0.031961 0.027818 0.024108 0.020805 0.017877 0.015296 0.013032 0.011056 0.009339 0.007855 0.006579 0.005487 0.004556 0.003768 0.003102 0.002543 0.002076 0.001688 0.001366 0.001101
0.001218 0.001512 0.001868 0.002298 0.002815 0.003433 0.004170 0.005043 0.006073 0.007282 0.008694 0.010336 0.012236 0.014424 0.016930 0.019786 0.023026 0.026683 0.030788 0.035373 0.040468 0.046100 0.052291 0.059062 0.066424 0.074386 0.082946 0.092098 0.101824 0.112097 0.122880 0.134126 0.145777 0.157766 0.170012 0.182428 0.194916 0.207371 0.219682 0.231731 0.243399 0.254566 0.265109 0.274912 0.283863 0.291855 0.298794 0.304593 0.309181 0.312501 0.314510 0.315182 0.314510 0.312501 0.309181 0.304593 0.298794 0.291855 0.283863 0.274912 0.265109 0.254566 0.243399 0.231731 0.219682 0.207371 0.194916 0.182428 0.170012 0.157766 0.145777 0.134126 0.122880 0.112097 0.101824 0.092098 0.082946 0.074386 0.066424 0.059062 0.052291 0.046100 0.040468 0.035373 0.030788 0.026683 0.023026 0.019786 0.016930 0.014424 0.012236 0.010336 0.008694 0.007282 0.006073 0.005043 0.004170 0.003433 0.002815 0.002298 0.001868 0.001512 0.001218 0.001000 0.001000 0.001000 0.001000 0.001000 0.001000 0.001000 0.001000 0.001000 0.001000 0.001000 0.001000 0.001000 0.001000 0.001000 0.001000 0.001000 0.001000 0.001000 0.001000 0.001000 0.001000 0.001000 0.001000 0.001000 0.001000 0.001000 0.001000 0.001000 0.001000 0.001000 0.001000 0.001000 0.001000 0.001000 0.001000 0.001000 0.001000 0.001000 0.001000 0.001000 0.001000 0.001000 0.001000 0.001000 0.001000 0.001000 0.001000 0.001000 0.001000 0.001218 0.001512 0.001868 0.002298 0.002815 0.003433 0.004170 0.005043 0.006073 0.007282 0.008694 0.010336 0.012236 0.014424 0.016930 0.019786 0.023026 0.026683 0.030788 0.035373 0.040468 0.046100 0.052291 0.059062 0.066424 0.074386 0.082946 0.092098 0.101824 0.112097 0.122880 0.134126 0.145777 0.157766 0.170012 0.182428 0.194916 0.207371 0.219682 0.231731 0.243399 0.254566 0.265109 0.274912 0.283863 0.291855 0.298794 0.304593 0.309181 0.312501 0.314510 0.315182 0.314510 0.312501 0.309181 0.304593 0.298794 0.291855 0.283863 0.274912 0.265109 0.254566 0.243399 0.231731 0.219682 0.207371 0.194916 0.182428 0.170012 0.157766 0.145777 0.134126 0.122880 0.112097 0.101824 0.092098 0.082946 0.074386 0.066424 0.059062 0.052291 0.046100 0.040468 0.035373 0.030788 0.026683 0.023026 0.019786 0.016930 0.014424 0.012236 0.010336 0.008694 0.007282 0.006073 0.005043 0.004170 0.003433 0.002815 0.002298 0.001868 0.001512 0.001218
0.001343 0.001666 0.002058 0.002532 0.003102 0.003784 0.004595 0.005558 0.006693 0.008025 0.009582 0.011391 0.013485 0.015896 0.018657 0.021806 0.025376 0.029406 0.033930 0.038984 0.044599 0.050805 0.057629 0.065090 0.073203 0.081978 0.091412 0.101498 0.112216 0.123538 0.135421 0.147815 0.160656 0.173868 0.187364 0.201047 0.214810 0.228536 0.242103 0.255382 0.268242 0.280548 0.292167 0.302971 0.312835 0.321643 0.329290 0.335681 0.340738 0.344396 0.346610 0.347351 0.346610 0.344396 0.340738 0.335681 0.329290 0.321643 0.312835 0.302971 0.292167 0.280548 0.268242 0.255382 0.242103 0.228536 0.214810 0.201047 0.187364 0.173868 0.160656 0.147815 0.135421 0.123538 0.112216 0.101498 0.091412 0.081978 0.073203 0.065090 0.057629 0.050805 0.044599 0.038984 0.033930 0.029406 0.025376 0.021806 0.018657 0.015896 0.013485 0.011391 0.009582 0.008025 0.006693 0.005558 0.004595 0.003784 0.003102 0.002532 0.002058 0.001666 0.001343 0.001078 0.001000 0.001000 0.001000 0.001000 0.001000 0.001000 0.001000 0.001000 0.001000 0.001000 0.001000 0.001000 0.001000 0.001000 0.001000 0.001000 0.001000 0.001000 0.001000 0.001000 0.001000 0.001000 0.001000 0.001000 0.001000 0.001000 0.001000 0.001000 0.001000 0.001000 0.001000 0.001000 0.001000 0.001000 0.001000 0.001000 0.001000 0.001000 0.001000 0.001000 0.001000 0.001000 0.001000 0.001000 0.001000 0.001000 0.001000 0.001000 0.001078 0.001343 0.001666 0.002058 0.002532 0.003102 0.003784 0.004595 0.005558 0.006693 0.008025 0.009582 0.011391 0.013485 0.015896 0.018657 0.021806 0.025376 0.029406 0.033930 0.038984 0.044599 0.050805 0.057629 0.065090 0.073203 0.081978 0.091412 0.101498 0.112216 0.123538 0.135421 0.147815 0.160656 0.173868 0.187364 0.201047 0.214810 0.228536 0.242103 0.255382 0.268242 0.280548 0.292167 0.302971 0.312835 0.321643 0.329290 0.335681 0.340738 0.344396 0.346610 0.347351 0.346610 0.344396 0.340738 0.335681 0.329290 0.321643 0.312835 0.302971 0.292167 0.280548 0.268242 0.255382 0.242103 0.228536 0.214810 0.201047 0.187364 0.173868 0.160656 0.147815 0.135421 0.123538 0.112216 0.101498 0.091412 0.081978 0.073203 0.065090 0.057629 0.050805 0.044599 0.038984 0.033930 0.029406 0.025376 0.021806 0.018657 0.015896 0.013485 0.011391 0.009582 0.008025 0.006693 0.005558 0.004595 0.003784 0.003102 0.002532 0.002058 0.001666 0.001343
0.001474 0.001828 0.002259 0.002779 0.003404 0.004152 0.005043 0.006099 0.007344 0.008806 0.010514 0.012500 0.014798 0.017443 0.020474 0.023929 0.027847 0.032269 0.037234 0.042779 0.048941 0.055752 0.063240 0.071427 0.080331 0.089960 0.100313 0.111381 0.123142 0.135566 0.148607 0.162208 0.176298 0.190797 0.205607 0.220622 0.235725 0.250788 0.265676 0.280248 0.294359 0.307863 0.320614 0.332470 0.343294 0.352960 0.361351 0.368365 0.373914 0.377929 0.380358 0.381171 0.380358 0.377929 0.373914 0.368365 0.361351 0.352960 0.343294 0.332470 0.320614 0.307863 0.294359 0.280248 0.265676 0.250788 0.235725 0.220622 0.205607 0.190797 0.176298 0.162208 0.148607 0.135566 0.123142 0.111381 0.100313 0.089960 0.080331 0.071427 0.063240 0.055752 0.048941 0.042779 0.037234 0.032269 0.027847 0.023929 0.020474 0.017443 0.014798 0.012500 0.010514 0.008806 0.007344 0.006099 0.005043 0.004152 0.003404 0.002779 0.002259 0.001828 0.001474 0.001183 0.001000 0.001000 0.001000 0.001000 0.001000 0.001000 0.001000 0.001000 0.001000 0.001000 0.001000 0.001000 0.001000 0.001000 0.001000 0.001000 0.001000 0.001000 0.001000 0.001000 0.001000 0.001000 0.001000 0.001000 0.001000 0.001000 0.001000 0.001000 0.001000 0.001000 0.001000 0.001000 0.001000 0.001000 0.001000 0.001000 0.001000 0.001000 0.001000 0.001000 0.001000 0.001000 0.001000 0.001000 0.001000 0.001000 0.001000 0.001000 0.001183 0.001474 0.001828 0.002259 0.002779 0.003404 0.004152 0.005043 0.006099 0.007344 0.008806 0.010514 0.012500 0.014798 0.017443 0.020474 0.023929 0.027847 0.032269 0.037234 0.042779 0.048941 0.055752 0.063240 0.071427 0.080331 0.089960 0.100313 0.111381 0.123142 0.135566 0.148607 0.162208 0.176298 0.190797 0.205607 0.220622 0.235725 0.250788 0.265676 0.280248 0.294359 0.307863 0.320614 0.332470 0.343294 0.352960 0.361351 0.368365 0.373914 0.377929 0.380358 0.381171 0.380358 0.377929 0.373914 0.368365 0.361351 0.352960 0.343294 0.332470 0.320614 0.307863 0.294359 0.280248 0.265676 0.250788 0.235725 0.220622 0.205607 0.190797 0.176298 0.162208 0.148607 0.135566 0.123142 0.111381 0.100313 0.089960 0.080331 0.071427 0.063240 0.055752 0.048941 0.042779 0.037234 0.032269 0.027847 0.023929 0.020474 0.017443 0.014798 0.012500 0.010514 0.008806 0.007344 0.006099 0.005043 0.004152 0.003404 0.002779 0.002259 0.001828 0.001474
0.001610 0.001998 0.002468 0.003037 0.003720 0.004537 0.005510 0.006664 0.008025 0.009623 0.011489 0.013659 0.016170 0.019060 0.022372 0.026147 0.030428 0.035260 0.040685 0.046745 0.053477 0.060919 0.069101 0.078048 0.087777 0.098298 0.109611 0.121704 0.134556 0.148131 0.162381 0.177242 0.192639 0.208481 0.224664 0.241071 0.257574 0.274033 0.290301 0.306224 0.321643 0.336399 0.350331 0.363286 0.375114 0.385676 0.394844 0.402508 0.408571 0.412958 0.415613 0.416502 0.415613 0.412958 0.408571 0.402508 0.394844 0.385676 0.375114 0.363286 0.350331 0.336399 0.321643 0.306224 0.290301 0.274033 0.257574 0.241071 0.224664 0.208481 0.192639 0.177242 0.162381 0.148131 0.134556 0.121704 0.109611 0.098298 0.087777 0.078048 0.069101 0.060919 0.053477 0.046745 0.040685 0.035260 0.030428 0.026147 0.022372 0.019060 0.016170 0.013659 0.011489 0.009623 0.008025 0.006664 0.005510 0.004537 0.003720 0.003037 0.002468 0.001998 0.001610 0.001292 0.001033 0.001000 0.001000 0.001000 0.001000 0.001000 0.001000 0.001000 0.001000 0.001000 0.001000 0.001000 0.001000 0.001000 0.001000 0.001000 0.001000 0.001000 0.001000 0.001000 0.001000 0.001000 0.001000 0.001000 0.001000 0.001000 0.001000 0.001000 0.001000 0.001000 0.001000 0.001000 0.001000 0.001000 0.001000 0.001000 0.001000 0.001000 0.001000 0.001000 0.001000 0.001000 0.001000 0.001000 0.001000 0.001000 0.001000 0.001033 0.001292 0.001610 0.001998 0.002468 0.003037 0.003720 0.004537 0.005510 0.006664 0.008025 0.009623 0.011489 0.013659 0.016170 0.019060 0.022372 0.026147 0.030428 0.035260 0.040685 0.046745 0.053477 0.060919 0.069101 0.078048 0.087777 0.098298 0.109611 0.121704 0.134556 0.148131 0.162381 0.177242 0.192639 0.208481 0.224664 0.241071 0.257574 0.274033 0.290301 0.306224 0.321643 0.336399 0.350331 0.363286 0.375114 0.385676 0.394844 0.402508 0.408571 0.412958 0.415613 0.416502 0.415613 0.412958 0.408571 0.402508 0.394844 0.385676 0.375114 0.363286 0.350331 0.336399 0.321643 0.306224 0.290301 0.274033 0.257574 0.241071 0.224664 0.208481 0.192639 0.177242 0.162381 0.148131 0.134556 0.121704 0.109611 0.098298 0.087777 0.078048 0.069101 0.060919 0.053477 0.046745 0.040685 0.035260 0.030428 0.026147 0.022372 0.019060 0.016170 0.013659 0.011489 0.009623 0.008025 0.006664 0.005510 0.004537 0.003720 0.003037 0.002468 0.001998 0.001610
0.001752 0.002174 0.002686 0.003304 0.004047 0.004936 0.005995 0.007251 0.008731 0.010470 0.012500 0.014861 0.017593 0.020738 0.024341 0.028448 0.033107 0.038364 0.044267 0.050859 0.058185 0.066282 0.075184 0.084918 0.095504 0.106951 0.119260 0.132418 0.146401 0.161172 0.176675 0.192845 0.209597 0.226834 0.244441 0.262293 0.280248 0.298156 0.315856 0.333181 0.349958 0.366012 0.381171 0.395266 0.408135 0.419627 0.429603 0.437941 0.444538 0.449311 0.452200 0.453166 0.452200 0.449311 0.444538 0.437941 0.429603 0.419627 0.408135 0.395266 0.381171 0.366012 0.349958 0.333181 0.315856 0.298156 0.280248 0.262293 0.244441 0.226834 0.209597 0.192845 0.176675 0.161172 0.146401 0.132418 0.119260 0.106951 0.095504 0.084918 0.075184 0.066282 0.058185 0.050859 0.044267 0.038364 0.033107 0.028448 0.024341 0.020738 0.017593 0.014861 0.012500 0.010470 0.008731 0.007251 0.005995 0.004936 0.004047 0.003304 0.002686 0.002174 0.001752 0.001406 0.001123 0.001000 0.001000 0.001000 0.001000 0.001000 0.001000 0.001000 0.001000 0.001000 0.001000 0.001000 0.001000 0.001000 0.001000 0.001000 0.001000 0.001000 0.001000 0.001000 0.001000 0.001000 0.001000 0.001000 0.001000 0.001000 0.001000 0.001000 0.001000 0.001000 0.001000 0.001000 0.001000 0.001000 0.001000 0.001000 0.001000 0.001000 0.001000 0.001000 0.001000 0.001000 0.001000 0.001000 0.001000 0.001000 0.001000 0.001123 0.001406 0.001752 0.002174 0.002686 0.003304 0.004047 0.004936 0.005995 0.007251 0.008731 0.010470 0.012500 0.014861 0.017593 0.020738 0.024341 0.028448 0.033107 0.038364 0.044267 0.050859 0.058185 0.066282 0.075184 0.084918 0.095504 0.106951 0.119260 0.132418 0.146401 0.161172 0.176675 0.192845 0.209597 0.226834 0.244441 0.262293 0.280248 0.298156 0.315856 0.333181 0.349958 0.366012 0.381171 0.395266 0.408135 0.419627 0.429603 0.437941 0.444538 0.449311 0.452200 0.453166 0.452200 0.449311 0.444538 0.437941 0.429603 0.419627 0.408135 0.395266 0.381171 0.366012 0.349958 0.333181 0.315856 0.298156 0.280248 0.262293 0.244441 0.226834 0.209597 0.192845 0.176675 0.161172 0.146401 0.132418 0.119260 0.106951 0.095504 0.084918 0.075184 0.066282 0.058185 0.050859 0.044267 0.038364 0.033107 0.028448 0.024341 0.020738 0.017593 0.014861 0.012500 0.010470 0.008731 0.007251 0.005995 0.004936 0.004047 0.003304 0.002686 0.002174 0.001752
0.001898 0.002355 0.002910 0.003579 0.004385 0.005348 0.006495 0.007855 0.009460 0.011343 0.013543 0.016101 0.019060 0.022468 0.026371 0.030821 0.035868 0.041563 0.047958 0.055101 0.063037 0.071810 0.081454 0.092000 0.103468 0.115870 0.129205 0.143461 0.158610 0.174612 0.191409 0.208927 0.227076 0.245750 0.264826 0.284166 0.303619 0.323020 0.342196 0.360966 0.379141 0.396535 0.412958 0.428229 0.442171 0.454621 0.465429 0.474462 0.481609 0.486780 0.489910 0.490957 0.489910 0.486780 0.481609 0.474462 0.465429 0.454621 0.442171 0.428229 0.412958 0.396535 0.379141 0.360966 0.342196 0.323020 0.303619 0.284166 0.264826 0.245750 0.227076 0.208927 0.191409 0.174612 0.158610 0.143461 0.129205 0.115870 0.103468 0.092000 0.081454 0.071810 0.063037 0.055101 0.047958 0.041563 0.035868 0.030821 0.026371 0.022468 0.019060 0.016101 0.013543 0.011343 0.009460 0.007855 0.006495 0.005348 0.004385 0.003579 0.002910 0.002355 0.001898 0.001523 0.001217 0.001000 0.001000 0.001000 0.001000 0.001000 0.001000 0.001000 0.001000 0.001000 0.001000 0.001000 0.001000 0.001000 0.001000 0.001000 0.001000 0.001000 0.001000 0.001000 0.001000 0.001000 0.001000 0.001000 0.001000 0.001000 0.001000 0.001000 0.001000 0.001000 0.001000 0.001000 0.001000 0.001000 0.001000 0.001000 0.001000 0.001000 0.001000 0.001000 0.001000 0.001000 0.001000 0.001000 0.001000 0.001000 0.001000 0.001217 0.001523 0.001898 0.002355 0.002910 0.003579 0.004385 0.005348 0.006495 0.007855 0.009460 0.011343 0.013543 0.016101 0.019060 0.022468 0.026371 0.030821 0.035868 0.041563 0.047958 0.055101 0.063037 0.071810 0.081454 0.092000 0.103468 0.115870 0.129205 0.143461 0.158610 0.174612 0.191409 0.208927 0.227076 0.245750 0.264826 0.284166 0.303619 0.323020 0.342196 0.360966 0.379141 0.396535 0.412958 0.428229 0.442171 0.454621 0.465429 0.474462 0.481609 0.486780 0.489910 0.490957 0.489910 0.486780 0.481609 0.474462 0.465429 0.454621 0.442171 0.428229 0.412958 0.396535 0.379141 0.360966 0.342196 0.323020 0.303619 0.284166 0.264826 0.245750 0.227076 0.208927 0.191409 0.174612 0.158610 0.143461 0.129205 0.115870 0.103468 0.092000 0.081454 0.071810 0.063037 0.055101 0.047958 0.041563 0.035868 0.030821 0.026371 0.022468 0.019060 0.016101 0.013543 0.011343 0.009460 0.007855 0.006495 0.005348 0.004385 0.003579 0.002910 0.002355 0.001898
0.002048 0.002540 0.003139 0.003861 0.004730 0.005769 0.007007 0.008474 0.010205 0.012236 0.014610 0.017369 0.020562 0.024237 0.028448 0.033249 0.038693 0.044838 0.051736 0.059441 0.068003 0.077466 0.087871 0.099247 0.111619 0.124997 0.139383 0.154762 0.171105 0.188367 0.206487 0.225385 0.244964 0.265109 0.285687 0.306551 0.327536 0.348466 0.369153 0.389401 0.409008 0.427772 0.445489 0.461962 0.477003 0.490433 0.502092 0.511838 0.519548 0.525126 0.528502 0.529632 0.528502 0.525126 0.519548 0.511838 0.502092 0.490433 0.477003 0.461962 0.445489 0.427772 0.409008 0.389401 0.369153 0.348466 0.327536 0.306551 0.285687 0.265109 0.244964 0.225385 0.206487 0.188367 0.171105 0.154762 0.139383 0.124997 0.111619 0.099247 0.087871 0.077466 0.068003 0.059441 0.051736 0.044838 0.038693 0.033249 0.028448 0.024237 0.020562 0.017369 0.014610 0.012236 0.010205 0.008474 0.007007 0.005769 0.004730 0.003861 0.003139 0.002540 0.002048 0.001643 0.001313 0.001045 0.001000 0.001000 0.001000 0.001000 0.001000 0.001000 0.001000 0.001000 0.001000 0.001000 0.001000 0.001000 0.001000 0.001000 0.001000 0.001000 0.001000 0.001000 0.001000 0.001000 0.001000 0.001000 0.001000 0.001000 0.001000 0.001000 0.001000 0.001000 0.001000 0.001000 0.001000 0.001000 0.001000 0.001000 0.001000 0.001000 0.001000 0.001000 0.001000 0.001000 0.001000 0.001000 0.001000 0.001000 0.001045 0.001313 0.001643 0.002048 0.002540 0.003139 0.003861 0.004730 0.005769 0.007007 0.008474 0.010205 0.012236 0.014610 0.017369 0.020562 0.024237 0.028448 0.033249 0.038693 0.044838 0.051736 0.059441 0.068003 0.077466 0.087871 0.099247 0.111619 0.124997 0.139383 0.154762 0.171105 0.188367 0.206487 0.225385 0.244964 0.265109 0.285687 0.306551 0.327536 0.348466 0.369153 0.389401 0.409008 0.427772 0.445489 0.461962 0.477003 0.490433 0.502092 0.511838 0.519548 0.525126 0.528502 0.529632 0.528502 0.525126 0.519548 0.511838 0.502092 0.490433 0.477003 0.461962 0.445489 0.427772 0.409008 0.389401 0.369153 0.348466 0.327536 0.306551 0.285687 0.265109 0.244964 0.225385 0.206487 0.188367 0.171105 0.154762 0.139383 0.124997 0.111619 0.099247 0.087871 0.077466 0.068003 0.059441 0.051736 0.044838 0.038693 0.033249 0.028448 0.024237 0.020562 0.017369 0.014610 0.012236 0.010205 0.008474 0.007007 0.005769 0.004730 0.003861 0.003139 0.002540 0.002048
0.002199 0.002729 0.003372 0.004148 0.005081 0.006197 0.007527 0.009103 0.010962 0.013144 0.015693 0.018657 0.022087 0.026035 0.030559 0.035715 0.041563 0.048163 0.055574 0.063850 0.073047 0.083213 0.094388 0.106609 0.119898 0.134269 0.149722 0.166241 0.183796 0.202339 0.221803 0.242103 0.263134 0.284774 0.306879 0.329290 0.351831 0.374314 0.396535 0.418285 0.439347 0.459502 0.478533 0.496229 0.512385 0.526811 0.539336 0.549804 0.558086 0.564078 0.567704 0.568918 0.567704 0.564078 0.558086 0.549804 0.539336 0.526811 0.512385 0.496229 0.478533 0.459502 0.439347 0.418285 0.396535 0.374314 0.351831 0.329290 0.306879 0.284774 0.263134 0.242103 0.221803 0.202339 0.183796 0.166241 0.149722 0.134269 0.119898 0.106609 0.094388 0.083213 0.073047 0.063850 0.055574 0.048163 0.041563 0.035715 0.030559 0.026035 0.022087 0.018657 0.015693 0.013144 0.010962 0.009103 0.007527 0.006197 0.005081 0.004148 0.003372 0.002729 0.002199 0.001765 0.001410 0.001122 0.001000 0.001000 0.001000 0.001000 0.001000 0.001000 0.001000 0.001000 0.001000 0.001000 0.001000 0.001000 0.001000 0.001000 0.001000 0.001000 0.001000 0.001000 0.001000 0.001000 0.001000 0.001000 0.001000 0.001000 0.001000 0.001000 0.001000 0.001000 0.001000 0.001000 0.001000 0.001000 0.001000 0.001000 0.001000 0.001000 0.001000 0.001000 0.001000 0.001000 0.001000 0.001000 0.001000 0.001000 0.001122 0.001410 0.001765 0.002199 0.002729 0.003372 0.004148 0.005081 0.006197 0.007527 0.009103 0.010962 0.013144 0.015693 0.018657 0.022087 0.026035 0.030559 0.035715 0.041563 0.048163 0.055574 0.063850 0.073047 0.083213 0.094388 0.106609 0.119898 0.134269 0.149722 0.166241 0.183796 0.202339 0.221803 0.242103 0.263134 0.284774 0.306879 0.329290 0.351831 0.374314 0.396535 0.418285 0.439347 0.459502 0.478533 0.496229 0.512385 0.526811 0.539336 0.549804 0.558086 0.564078 0.567704 0.568918 0.567704 0.564078 0.558086 0.549804 0.539336 0.526811 0.512385 0.496229 0.478533 0.459502 0.439347 0.418285 0.396535 0.374314 0.351831 0.329290 0.306879 0.284774 0.263134 0.242103 0.221803 0.202339 0.183796 0.166241 0.149722 0.134269 0.119898 0.106609 0.094388 0.083213 0.073047 0.063850 0.055574 0.048163 0.041563 0.035715 0.030559 0.026035 0.022087 0.018657 0.015693 0.013144 0.010962 0.009103 0.007527 0.006197 0.005081 0.004148 0.003372 0.002729 0.002199
0.002352 0.002919 0.003606 0.004436 0.005434 0.006629 0.008051 0.009736 0.011725 0.014059 0.016786 0.019956 0.023624 0.027847 0.032685 0.038201 0.044456 0.051515 0.059441 0.068294 0.078131 0.089004 0.100958 0.114028 0.128243 0.143614 0.160142 0.177811 0.196588 0.216421 0.237240 0.258953 0.281448 0.304593 0.328236 0.352207 0.376318 0.400365 0.424132 0.447396 0.469924 0.491482 0.511838 0.530764 0.548045 0.563476 0.576872 0.588068 0.596927 0.603336 0.607214 0.608513 0.607214 0.603336 0.596927 0.588068 0.576872 0.563476 0.548045 0.530764 0.511838 0.491482 0.469924 0.447396 0.424132 0.400365 0.376318 0.352207 0.328236 0.304593 0.281448 0.258953 0.237240 0.216421 0.196588 0.177811 0.160142 0.143614 0.128243 0.114028 0.100958 0.089004 0.078131 0.068294 0.059441 0.051515 0.044456 0.038201 0.032685 0.027847 0.023624 0.019956 0.016786 0.014059 0.011725 0.009736 0.008051 0.006629 0.005434 0.004436 0.003606 0.002919 0.002352 0.001888 0.001509 0.001200 0.001000 0.001000 0.001000 0.001000 0.001000 0.001000 0.001000 0.001000 0.001000 0.001000 0.001000 0.001000 0.001000 0.001000 0.001000 0.001000 0.001000 0.001000 0.001000 0.001000 0.001000 0.001000 0.001000 0.001000 0.001000 0.001000 0.001000 0.001000 0.001000 0.001000 0.001000 0.001000 0.001000 0.001000 0.001000 0.001000 0.001000 0.001000 0.001000 0.001000 0.001000 0.001000 0.001000 0.001000 0.001200 0.001509 0.001888 0.002352 0.002919 0.003606 0.004436 0.005434 0.006629 0.008051 0.009736 0.011725 0.014059 0.016786 0.019956 0.023624 0.027847 0.032685 0.038201 0.044456 0.051515 0.059441 0.068294 0.078131 0.089004 0.100958 0.114028 0.128243 0.143614 0.160142 0.177811 0.196588 0.216421 0.237240 0.258953 0.281448 0.304593 0.328236 0.352207 0.376318 0.400365 0.424132 0.447396 0.469924 0.491482 0.511838 0.530764 0.548045 0.563476 0.576872 0.588068 0.596927 0.603336 0.607214 0.608513 0.607214 0.603336 0.596927 0.588068 0.576872 0.563476 0.548045 0.530764 0.511838 0.491482 0.469924 0.447396 0.424132 0.400365 0.376318 0.352207 0.328236 0.304593 0.281448 0.258953 0.237240 0.216421 0.196588 0.177811 0.160142 0.143614 0.128243 0.114028 0.100958 0.089004 0.078131 0.068294 0.059441 0.051515 0.044456 0.038201 0.032685 0.027847 0.023624 0.019956 0.016786 0.014059 0.011725 0.009736 0.008051 0.006629 0.005434 0.004436 0.003606 0.002919 0.002352
0.002505 0.003109 0.003841 0.004725 0.005788 0.007060 0.008574 0.010369 0.012487 0.014973 0.017877 0.021254 0.025161 0.029658 0.034811 0.040685 0.047347 0.054866 0.063307 0.072736 0.083213 0.094793 0.107524 0.121445 0.136583 0.152954 0.170557 0.189376 0.209374 0.230497 0.252670 0.275794 0.299752 0.324403 0.349584 0.375114 0.400792 0.426403 0.451717 0.476493 0.500486 0.523446 0.545126 0.565284 0.583688 0.600123 0.614390 0.626315 0.635749 0.642575 0.646706 0.648089 0.646706 0.642575 0.635749 0.626315 0.614390 0.600123 0.583688 0.565284 0.545126 0.523446 0.500486 0.476493 0.451717 0.426403 0.400792 0.375114 0.349584 0.324403 0.299752 0.275794 0.252670 0.230497 0.209374 0.189376 0.170557 0.152954 0.136583 0.121445 0.107524 0.094793 0.083213 0.072736 0.063307 0.054866 0.047347 0.040685 0.034811 0.029658 0.025161 0.021254 0.017877 0.014973 0.012487 0.010369 0.008574 0.007060 0.005788 0.004725 0.003841 0.003109 0.002505 0.002011 0.001607 0.001278 0.001013 0.001000 0.001000 0.001000 0.001000 0.001000 0.001000 0.001000 0.001000 0.001000 0.001000 0.001000 0.001000 0.001000 0.001000 0.001000 0.001000 0.001000 0.001000 0.001000 0.001000 0.001000 0.001000 0.001000 0.001000 0.001000 0.001000 0.001000 0.001000 0.001000 0.001000 0.001000 0.001000 0.001000 0.001000 0.001000 0.001000 0.001000 0.001000 0.001000 0.001000 0.001000 0.001000 0.001013 0.001278 0.001607 0.002011 0.002505 0.003109 0.003841 0.004725 0.005788 0.007060 0.008574 0.010369 0.012487 0.014973 0.017877 0.021254 0.025161 0.029658 0.034811 0.040685 0.047347 0.054866 0.063307 0.072736 0.083213 0.094793 0.107524 0.121445 0.136583 0.152954 0.170557 0.189376 0.209374 0.230497 0.252670 0.275794 0.299752 0.324403 0.349584 0.375114 0.400792 0.426403 0.451717 0.476493 0.500486 0.523446 0.545126 0.565284 0.583688 0.600123 0.614390 0.626315 0.635749 0.642575 0.646706 0.648089 0.646706 0.642575 0.635749 0.626315 0.614390 0.600123 0.583688 0.565284 0.545126 0.523446 0.500486 0.476493 0.451717 0.426403 0.400792 0.375114 0.349584 0.324403 0.299752 0.275794 0.252670 0.230497 0.209374 0.189376 0.170557 0.152954 0.136583 0.121445 0.107524 0.094793 0.083213 0.072736 0.063307 0.054866 0.047347 0.040685 0.034811 0.029658 0.025161 0.021254 0.017877 0.014973 0.012487 0.010369 0.008574 0.007060 0.005788 0.004725 0.003841 0.003109 0.002505
0.002657 0.003297 0.004073 0.005011 0.006138 0.007487 0.009093 0.010997 0.013242 0.015879 0.018959 0.022540 0.026683 0.031453 0.036917 0.043146 0.050212 0.058185 0.067137 0.077136 0.088247 0.100527 0.114028 0.128792 0.144846 0.162208 0.180876 0.200832 0.222040 0.244441 0.267955 0.292479 0.317887 0.344028 0.370733 0.397807 0.425039 0.452200 0.479045 0.505320 0.530764 0.555114 0.578105 0.599482 0.619000 0.636429 0.651559 0.664205 0.674211 0.681450 0.685830 0.687297 0.685830 0.681450 0.674211 0.664205 0.651559 0.636429 0.619000 0.599482 0.578105 0.555114 0.530764 0.505320 0.479045 0.452200 0.425039 0.397807 0.370733 0.344028 0.317887 0.292479 0.267955 0.244441 0.222040 0.200832 0.180876 0.162208 0.144846 0.128792 0.114028 0.100527 0.088247 0.077136 0.067137 0.058185 0.050212 0.043146 0.036917 0.031453 0.026683 0.022540 0.018959 0.015879 0.013242 0.010997 0.009093 0.007487 0.006138 0.005011 0.004073 0.003297 0.002657 0.002132 0.001704 0.001356 0.001074 0.001000 0.001000 0.001000 0.001000 0.001000 0.001000 0.001000 0.001000 0.001000 0.001000 0.001000 0.001000 0.001000 0.001000 0.001000 0.001000 0.001000 0.001000 0.001000 0.001000 0.001000 0.001000 0.001000 0.001000 0.001000 0.001000 0.001000 0.001000 0.001000 0.001000 0.001000 0.001000 0.001000 0.001000 0.001000 0.001000 0.001000 0.001000 0.001000 0.001000 0.001000 0.001000 0.001074 0.001356 0.001704 0.002132 0.002657 0.003297 0.004073 0.005011 0.006138 0.007487 0.009093 0.010997 0.013242 0.015879 0.018959 0.022540 0.026683 0.031453 0.036917 0.043146 0.050212 0.058185 0.067137 0.077136 0.088247 0.100527 0.114028 0.128792 0.144846 0.162208 0.180876 0.200832 0.222040 0.244441 0.267955 0.292479 0.317887 0.344028 0.370733 0.397807 0.425039 0.452200 0.479045 0.505320 0.530764 0.555114 0.578105 0.599482 0.619000 0.636429 0.651559 0.664205 0.674211 0.681450 0.685830 0.687297 0.685830 0.681450 0.674211 0.664205 0.651559 0.636429 0.619000 0.599482 0.578105 0.555114 0.530764 0.505320 0.479045 0.452200 0.425039 0.397807 0.370733 0.344028 0.317887 0.292479 0.267955 0.244441 0.222040 0.200832 0.180876 0.162208 0.144846 0.128792 0.114028 0.100527 0.088247 0.077136 0.067137 0.058185 0.050212 0.043146 0.036917 0.031453 0.026683 0.022540 0.018959 0.015879 0.013242 0.010997 0.009093 0.007487 0.006138 0.005011 0.004073 0.003297 0.002657
0.002806 0.003481 0.004301 0.005291 0.006482 0.007906 0.009602 0.011612 0.013984 0.016768 0.020020 0.023801 0.028176 0.033213 0.038984 0.045562 0.053023 0.061442 0.070895 0.081454 0.093186 0.106154 0.120411 0.136001 0.152954 0.171287 0.191000 0.212074 0.234469 0.258124 0.282955 0.308851 0.335681 0.363286 0.391485 0.420075 0.448832 0.477512 0.505860 0.533606 0.560475 0.586187 0.610466 0.633039 0.653650 0.672054 0.688031 0.701385 0.711951 0.719595 0.724221 0.725769 0.724221 0.719595 0.711951 0.701385 0.688031 0.672054 0.653650 0.633039 0.610466 0.586187 0.560475 0.533606 0.505860 0.477512 0.448832 0.420075 0.391485 0.363286 0.335681 0.308851 0.282955 0.258124 0.234469 0.212074 0.191000 0.171287 0.152954 0.136001 0.120411 0.106154 0.093186 0.081454 0.070895 0.061442 0.053023 0.045562 0.038984 0.033213 0.028176 0.023801 0.020020 0.016768 0.013984 0.011612 0.009602 0.007906 0.006482 0.005291 0.004301 0.003481 0.002806 0.002252 0.001799 0.001432 0.001134 0.001000 0.001000 0.001000 0.001000 0.001000 0.001000 0.001000 0.001000 0.001000 0.001000 0.001000 0.001000 0.001000 0.001000 0.001000 0.001000 0.001000 0.001000 0.001000 0.001000 0.001000 0.001000 0.001000 0.001000 0.001000 0.001000 0.001000 0.001000 0.001000 0.001000 0.001000 0.001000 0.001000 0.001000 0.001000 0.001000 0.001000 0.001000 0.001000 0.001000 0.001000 0.001000 0.001134 0.001432 0.001799 0.002252 0.002806 0.003481 0.004301 0.005291 0.006482 0.007906 0.009602 0.011612 0.013984 0.016768 0.020020 0.023801 0.028176 0.033213 0.038984 0.045562 0.053023 0.061442 0.070895 0.081454 0.093186 0.106154 0.120411 0.136001 0.152954 0.171287 0.191000 0.212074 0.234469 0.258124 0.282955 0.308851 0.335681 0.363286 0.391485 0.420075 0.448832 0.477512 0.505860 0.533606 0.560475 0.586187 0.610466 0.633039 0.653650 0.672054 0.688031 0.701385 0.711951 0.719595 0.724221 0.725769 0.724221 0.719595 0.711951 0.701385 0.688031 0.672054 0.653650 0.633039 0.610466 0.586187 0.560475 0.533606 0.505860 0.477512 0.448832 0.420075 0.391485 0.363286 0.335681 0.308851 0.282955 0.258124 0.234469 0.212074 0.191000 0.171287 0.152954 0.136001 0.120411 0.106154 0.093186 0.081454 0.070895 0.061442 0.053023 0.045562 0.038984 0.033213 0.028176 0.023801 0.020020 0.016768 0.013984 0.011612 0.009602 0.007906 0.006482 0.005291 0.004301 0.003481 0.002806
0.002950 0.003661 0.004522 0.005564 0.006815 0.008313 0.010096 0.012210 0.014704 0.017631 0.021051 0.025027 0.029627 0.034923 0.040990 0.047907 0.055752 0.064605 0.074545 0.085647 0.097983 0.111619 0.126610 0.143002 0.160828 0.180105 0.200832 0.222991 0.246539 0.271412 0.297520 0.324750 0.352960 0.381986 0.411637 0.441699 0.471935 0.502092 0.531899 0.561074 0.589326 0.616361 0.641890 0.665625 0.687297 0.706648 0.723448 0.737489 0.748599 0.756636 0.761500 0.763129 0.761500 0.756636 0.748599 0.737489 0.723448 0.706648 0.687297 0.665625 0.641890 0.616361 0.589326 0.561074 0.531899 0.502092 0.471935 0.441699 0.411637 0.381986 0.352960 0.324750 0.297520 0.271412 0.246539 0.222991 0.200832 0.180105 0.160828 0.143002 0.126610 0.111619 0.097983 0.085647 0.074545 0.064605 0.055752 0.047907 0.040990 0.034923 0.029627 0.025027 0.021051 0.017631 0.014704 0.012210 0.010096 0.008313 0.006815 0.005564 0.004522 0.003661 0.002950 0.002368 0.001892 0.001505 0.001193 0.001000 0.001000 0.001000 0.001000 0.001000 0.001000 0.001000 0.001000 0.001000 0.001000 0.001000 0.001000 0.001000 0.001000 0.001000 0.001000 0.001000 0.001000 0.001000 0.001000 0.001000 0.001000 0.001000 0.001000 0.001000 0.001000 0.001000 0.001000 0.001000 0.001000 0.001000 0.001000 0.001000 0.001000 0.001000 0.001000 0.001000 0.001000 0.001000 0.001000 0.001000 0.001000 0.001193 0.001505 0.001892 0.002368 0.002950 0.003661 0.004522 0.005564 0.006815 0.008313 0.010096 0.012210 0.014704 0.017631 0.021051 0.025027 0.029627 0.034923 0.040990 0.047907 0.055752 0.064605 0.074545 0.085647 0.097983 0.111619 0.126610 0.143002 0.160828 0.180105 0.200832 0.222991 0.246539 0.271412 0.297520 0.324750 0.352960 0.381986 0.411637 0.441699 0.471935 0.502092 0.531899 0.561074 0.589326 0.616361 0.641890 0.665625 0.687297 0.706648 0.723448 0.737489 0.748599 0.756636 0.761500 0.763129 0.761500 0.756636 0.748599 0.737489 0.723448 0.706648 0.687297 0.665625 0.641890 0.616361 0.589326 0.561074 0.531899 0.502092 0.471935 0.441699 0.411637 0.381986 0.352960 0.324750 0.297520 0.271412 0.246539 0.222991 0.200832 0.180105 0.160828 0.143002 0.126610 0.111619 0.097983 0.085647 0.074545 0.064605 0.055752 0.047907 0.040990 0.034923 0.029627 0.025027 0.021051 0.017631 0.014704 0.012210 0.010096 0.008313 0.006815 0.005564 0.004522 0.003661 0.002950
0.003089 0.003833 0.004735 0.005825 0.007135 0.008703 0.010571 0.012784 0.015395 0.018459 0.022040 0.026203 0.031019 0.036564 0.042917 0.050158 0.058372 0.067641 0.078048 0.089672 0.102588 0.116864 0.132559 0.149722 0.168385 0.188568 0.210270 0.233470 0.258124 0.284166 0.311501 0.340011 0.369547 0.399937 0.430981 0.462456 0.494113 0.525687 0.556895 0.587441 0.617020 0.645326 0.672054 0.696905 0.719595 0.739856 0.757445 0.772146 0.783778 0.792193 0.797286 0.798991 0.797286 0.792193 0.783778 0.772146 0.757445 0.739856 0.719595 0.696905 0.672054 0.645326 0.617020 0.587441 0.556895 0.525687 0.494113 0.462456 0.430981 0.399937 0.369547 0.340011 0.311501 0.284166 0.258124 0.233470 0.210270 0.188568 0.168385 0.149722 0.132559 0.116864 0.102588 0.089672 0.078048 0.067641 0.058372 0.050158 0.042917 0.036564 0.031019 0.026203 0.022040 0.018459 0.015395 0.012784 0.010571 0.008703 0.007135 0.005825 0.004735 0.003833 0.003089 0.002479 0.001981 0.001576 0.001249 0.001000 0.001000 0.001000 0.001000 0.001000 0.001000 0.001000 0.001000 0.001000 0.001000 0.001000 0.001000 0.001000 0.001000 0.001000 0.001000 0.001000 0.001000 0.001000 0.001000 0.001000 0.001000 0.001000 0.001000 0.001000 0.001000 0.001000 0.001000 0.001000 0.001000 0.001000 0.001000 0.001000 0.001000 0.001000 0.001000 0.001000 0.001000 0.001000 0.001000 0.001000 0.001000 0.001249 0.001576 0.001981 0.002479 0.003089 0.003833 0.004735 0.005825 0.007135 0.008703 0.010571 0.012784 0.015395 0.018459 0.022040 0.026203 0.031019 0.036564 0.042917 0.050158 0.058372 0.067641 0.078048 0.089672 0.102588 0.116864 0.132559 0.149722 0.168385 0.188568 0.210270 0.233470 0.258124 0.284166 0.311501 0.340011 0.369547 0.399937 0.430981 0.462456 0.494113 0.525687 0.556895 0.587441 0.617020 0.645326 0.672054 0.696905 0.719595 0.739856 0.757445 0.772146 0.783778 0.792193 0.797286 0.798991 0.797286 0.792193 0.783778 0.772146 0.757445 0.739856 0.719595 0.696905 0.672054 0.645326 0.617020 0.587441 0.556895 0.525687 0.494113 0.462456 0.430981 0.399937 0.369547 0.340011 0.311501 0.284166 0.258124 0.233470 0.210270 0.188568 0.168385 0.149722 0.132559 0.116864 0.102588 0.089672 0.078048 0.067641 0.058372 0.050158 0.042917 0.036564 0.031019 0.026203 0.022040 0.018459 0.015395 0.012784 0.010571 0.008703 0.007135 0.005825 0.004735 0.003833 0.003089
0.003220 0.003996 0.004936 0.006073 0.007439 0.009074 0.011020 0.013328 0.016049 0.019244 0.022977 0.027317 0.032338 0.038119 0.044742 0.052291 0.060854 0.070518 0.081367 0.093486 0.106951 0.121834 0.138197 0.156090 0.175547 0.196588 0.219213 0.243399 0.269103 0.296252 0.324750 0.354471 0.385264 0.416947 0.449311 0.482124 0.515128 0.548045 0.580580 0.612425 0.643262 0.672772 0.700637 0.726545 0.750199 0.771322 0.789659 0.804986 0.817112 0.825885 0.831194 0.832972 0.831194 0.825885 0.817112 0.804986 0.789659 0.771322 0.750199 0.726545 0.700637 0.672772 0.643262 0.612425 0.580580 0.548045 0.515128 0.482124 0.449311 0.416947 0.385264 0.354471 0.324750 0.296252 0.269103 0.243399 0.219213 0.196588 0.175547 0.156090 0.138197 0.121834 0.106951 0.093486 0.081367 0.070518 0.060854 0.052291 0.044742 0.038119 0.032338 0.027317 0.022977 0.019244 0.016049 0.013328 0.011020 0.009074 0.007439 0.006073 0.004936 0.003996 0.003220 0.002584 0.002065 0.001643 0.001302 0.001027 0.001000 0.001000 0.001000 0.001000 0.001000 0.001000 0.001000 0.001000 0.001000 0.001000 0.001000 0.001000 0.001000 0.001000 0.001000 0.001000 0.001000 0.001000 0.001000 0.001000 0.001000 0.001000 0.001000 0.001000 0.001000 0.001000 0.001000 0.001000 0.001000 0.001000 0.001000 0.001000 0.001000 0.001000 0.001000 0.001000 0.001000 0.001000 0.001000 0.001000 0.001027 0.001302 0.001643 0.002065 0.002584 0.003220 0.003996 0.004936 0.006073 0.007439 0.009074 0.011020 0.013328 0.016049 0.019244 0.022977 0.027317 0.032338 0.038119 0.044742 0.052291 0.060854 0.070518 0.081367 0.093486 0.106951 0.121834 0.138197 0.156090 0.175547 0.196588 0.219213 0.243399 0.269103 0.296252 0.324750 0.354471 0.385264 0.416947 0.449311 0.482124 0.515128 0.548045 0.580580 0.612425 0.643262 0.672772 0.700637 0.726545 0.750199 0.771322 0.789659 0.804986 0.817112 0.825885 0.831194 0.832972 0.831194 0.825885 0.817112 0.804986 0.789659 0.771322 0.750199 0.726545 0.700637 0.672772 0.643262 0.612425 0.580580 0.548045 0.515128 0.482124 0.449311 0.416947 0.385264 0.354471 0.324750 0.296252 0.269103 0.243399 0.219213 0.196588 0.175547 0.156090 0.138197 0.121834 0.106951 0.093486 0.081367 0.070518 0.060854 0.052291 0.044742 0.038119 0.032338 0.027317 0.022977 0.019244 0.016049 0.013328 0.011020 0.009074 0.007439 0.006073 0.004936 0.003996 0.003220
0.003343 0.004148 0.005124 0.006304 0.007722 0.009419 0.011440 0.013835 0.016661 0.019977 0.023852 0.028357 0.033570 0.039571 0.046446 0.054283 0.063172 0.073203 0.084466 0.097046 0.111024 0.126475 0.143461 0.162034 0.182233 0.204075 0.227562 0.252670 0.279352 0.307535 0.337118 0.367972 0.399937 0.432827 0.466424 0.500486 0.534747 0.568918 0.602692 0.635749 0.667761 0.698395 0.727321 0.754216 0.778772 0.800699 0.819734 0.835645 0.848233 0.857340 0.862851 0.864696 0.862851 0.857340 0.848233 0.835645 0.819734 0.800699 0.778772 0.754216 0.727321 0.698395 0.667761 0.635749 0.602692 0.568918 0.534747 0.500486 0.466424 0.432827 0.399937 0.367972 0.337118 0.307535 0.279352 0.252670 0.227562 0.204075 0.182233 0.162034 0.143461 0.126475 0.111024 0.097046 0.084466 0.073203 0.063172 0.054283 0.046446 0.039571 0.033570 0.028357 0.023852 0.019977 0.016661 0.013835 0.011440 0.009419 0.007722 0.006304 0.005124 0.004148 0.003343 0.002683 0.002144 0.001706 0.001351 0.001066 0.001000 0.001000 0.001000 0.001000 0.001000 0.001000 0.001000 0.001000 0.001000 0.001000 0.001000 0.001000 0.001000 0.001000 0.001000 0.001000 0.001000 0.001000 0.001000 0.001000 0.001000 0.001000 0.001000 0.001000 0.001000 0.001000 0.001000 0.001000 0.001000 0.001000 0.001000 0.001000 0.001000 0.001000 0.001000 0.001000 0.001000 0.001000 0.001000 0.001000 0.001066 0.001351 0.001706 0.002144 0.002683 0.003343 0.004148 0.005124 0.006304 0.007722 0.009419 0.011440 0.013835 0.016661 0.019977 0.023852 0.028357 0.033570 0.039571 0.046446 0.054283 0.063172 0.073203 0.084466 0.097046 0.111024 0.126475 0.143461 0.162034 0.182233 0.204075 0.227562 0.252670 0.279352 0.307535 0.337118 0.367972 0.399937 0.432827 0.466424 0.500486 0.534747 0.568918 0.602692 0.635749 0.667761 0.698395 0.727321 0.754216 0.778772 0.800699 0.819734 0.835645 0.848233 0.857340 0.862851 0.864696 0.862851 0.857340 0.848233 0.835645 0.819734 0.800699 0.778772 0.754216 0.727321 0.698395 0.667761 0.635749 0.602692 0.568918 0.534747 0.500486 0.466424 0.432827 0.399937 0.367972 0.337118 0.307535 0.279352 0.252670 0.227562 0.204075 0.182233 0.162034 0.143461 0.126475 0.111024 0.097046 0.084466 0.073203 0.063172 0.054283 0.046446 0.039571 0.033570 0.028357 0.023852 0.019977 0.016661 0.013835 0.011440 0.009419 0.007722 0.006304 0.005124 0.004148 0.003343
0.003455 0.004287 0.005297 0.006516 0.007982 0.009736 0.011825 0.014301 0.017221 0.020650 0.024655 0.029312 0.034700 0.040903 0.048009 0.056110 0.065299 0.075668 0.087309 0.100313 0.114762 0.130732 0.148290 0.167489 0.188367 0.210945 0.235222 0.261175 0.288755 0.317887 0.348466 0.380358 0.413400 0.447396 0.482124 0.517333 0.552747 0.588068 0.622979 0.657149 0.690239 0.721904 0.751804 0.779604 0.804986 0.827651 0.847327 0.863773 0.876785 0.886199 0.891896 0.893803 0.891896 0.886199 0.876785 0.863773 0.847327 0.827651 0.804986 0.779604 0.751804 0.721904 0.690239 0.657149 0.622979 0.588068 0.552747 0.517333 0.482124 0.447396 0.413400 0.380358 0.348466 0.317887 0.288755 0.261175 0.235222 0.210945 0.188367 0.167489 0.148290 0.130732 0.114762 0.100313 0.087309 0.075668 0.065299 0.056110 0.048009 0.040903 0.034700 0.029312 0.024655 0.020650 0.017221 0.014301 0.011825 0.009736 0.007982 0.006516 0.005297 0.004287 0.003455 0.002773 0.002216 0.001763 0.001397 0.001102 0.001000 0.001000 0.001000 0.001000 0.001000 0.001000 0.001000 0.001000 0.001000 0.001000 0.001000 0.001000 0.001000 0.001000 0.001000 0.001000 0.001000 0.001000 0.001000 0.001000 0.001000 0.001000 0.001000 0.001000 0.001000 0.001000 0.001000 0.001000 0.001000 0.001000 0.001000 0.001000 0.001000 0.001000 0.001000 0.001000 0.001000 0.001000 0.001000 0.001000 0.001102 0.001397 0.001763 0.002216 0.002773 0.003455 0.004287 0.005297 0.006516 0.007982 0.009736 0.011825 0.014301 0.017221 0.020650 0.024655 0.029312 0.034700 0.040903 0.048009 0.056110 0.065299 0.075668 0.087309 0.100313 0.114762 0.130732 0.148290 0.167489 0.188367 0.210945 0.235222 0.261175 0.288755 0.317887 0.348466 0.380358 0.413400 0.447396 0.482124 0.517333 0.552747 0.588068 0.622979 0.657149 0.690239 0.721904 0.751804 0.779604 0.804986 0.827651 0.847327 0.863773 0.876785 0.886199 0.891896 0.893803 0.891896 0.886199 0.876785 0.863773 0.847327 0.827651 0.804986 0.779604 0.751804 0.721904 0.690239 0.657149 0.622979 0.588068 0.552747 0.517333 0.482124 0.447396 0.413400 0.380358 0.348466 0.317887 0.288755 0.261175 0.235222 0.210945 0.188367 0.167489 0.148290 0.130732 0.114762 0.100313 0.087309 0.075668 0.065299 0.056110 0.048009 0.040903 0.034700 0.029312 0.024655 0.020650 0.017221 0.014301 0.011825 0.009736 0.007982 0.006516 0.005297 0.004287 0.003455
0.003556 0.004413 0.005452 0.006707 0.008216 0.010021 0.012171 0.014719 0.017725 0.021254 0.025376 0.030170 0.035715 0.042100 0.049414 0.057752 0.067209 0.077881 0.089864 0.103247 0.118119 0.134556 0.152628 0.172389 0.193878 0.217116 0.242103 0.268815 0.297202 0.327186 0.358660 0.391485 0.425493 0.460484 0.496229 0.532468 0.568918 0.605272 0.641204 0.676374 0.710432 0.743023 0.773797 0.802411 0.828536 0.851864 0.872116 0.889043 0.902435 0.912125 0.917988 0.919951 0.917988 0.912125 0.902435 0.889043 0.872116 0.851864 0.828536 0.802411 0.773797 0.743023 0.710432 0.676374 0.641204 0.605272 0.568918 0.532468 0.496229 0.460484 0.425493 0.391485 0.358660 0.327186 0.297202 0.268815 0.242103 0.217116 0.193878 0.172389 0.152628 0.134556 0.118119 0.103247 0.089864 0.077881 0.067209 0.057752 0.049414 0.042100 0.035715 0.030170 0.025376 0.021254 0.017725 0.014719 0.012171 0.010021 0.008216 0.006707 0.005452 0.004413 0.003556 0.002854 0.002281 0.001815 0.001438 0.001134 0.001000 0.001000 0.001000 0.001000 0.001000 0.001000 0.001000 0.001000 0.001000 0.001000 0.001000 0.001000 0.001000 0.001000 0.001000 0.001000 0.001000 0.001000 0.001000 0.001000 0.001000 0.001000 0.001000 0.001000 0.001000 0.001000 0.001000 0.001000 0.001000 0.001000 0.001000 0.001000 0.001000 0.001000 0.001000 0.001000 0.001000 0.001000 0.001000 0.001000 0.001134 0.001438 0.001815 0.002281 0.002854 0.003556 0.004413 0.005452 0.006707 0.008216 0.010021 0.012171 0.014719 0.017725 0.021254 0.025376 0.030170 0.035715 0.042100 0.049414 0.057752 0.067209 0.077881 0.089864 0.103247 0.118119 0.134556 0.152628 0.172389 0.193878 0.217116 0.242103 0.268815 0.297202 0.327186 0.358660 0.391485 0.425493 0.460484 0.496229 0.532468 0.568918 0.605272 0.641204 0.676374 0.710432 0.743023 0.773797 0.802411 0.828536 0.851864 0.872116 0.889043 0.902435 0.912125 0.917988 0.919951 0.917988 0.912125 0.902435 0.889043 0.872116 0.851864 0.828536 0.802411 0.773797 0.743023 0.710432 0.676374 0.641204 0.605272 0.568918 0.532468 0.496229 0.460484 0.425493 0.391485 0.358660 0.327186 0.297202 0.268815 0.242103 0.217116 0.193878 0.172389 0.152628 0.134556 0.118119 0.103247 0.089864 0.077881 0.067209 0.057752 0.049414 0.042100 0.035715 0.030170 0.025376 0.021254 0.017725 0.014719 0.012171 0.010021 0.008216 0.006707 0.005452 0.004413 0.003556
0.003645 0.004522 0.005587 0.006874 0.008420 0.010270 0.012474 0.015085 0.018166 0.021782 0.026007 0.030920 0.036603 0.043146 0.050643 0.059188 0.068880 0.079818 0.092098 0.105815 0.121056 0.137902 0.156423 0.176675 0.198699 0.222515 0.248124 0.275500 0.304593 0.335323 0.367579 0.401221 0.436074 0.471935 0.508568 0.545709 0.583065 0.620324 0.657149 0.693194 0.728098 0.761500 0.793040 0.822365 0.849139 0.873048 0.893803 0.911151 0.924877 0.934807 0.940816 0.942828 0.940816 0.934807 0.924877 0.911151 0.893803 0.873048 0.849139 0.822365 0.793040 0.761500 0.728098 0.693194 0.657149 0.620324 0.583065 0.545709 0.508568 0.471935 0.436074 0.401221 0.367579 0.335323 0.304593 0.275500 0.248124 0.222515 0.198699 0.176675 0.156423 0.137902 0.121056 0.105815 0.092098 0.079818 0.068880 0.059188 0.050643 0.043146 0.036603 0.030920 0.026007 0.021782 0.018166 0.015085 0.012474 0.010270 0.008420 0.006874 0.005587 0.004522 0.003645 0.002925 0.002337 0.001860 0.001474 0.001163 0.001000 0.001000 0.001000 0.001000 0.001000 0.001000 0.001000 0.001000 0.001000 0.001000 0.001000 0.001000 0.001000 0.001000 0.001000 0.001000 0.001000 0.001000 0.001000 0.001000 0.001000 0.001000 0.001000 0.001000 0.001000 0.001000 0.001000 0.001000 0.001000 0.001000 0.001000 0.001000 0.001000 0.001000 0.001000 0.001000 0.001000 0.001000 0.001000 0.001000 0.001163 0.001474 0.001860 0.002337 0.002925 0.003645 0.004522 0.005587 0.006874 0.008420 0.010270 0.012474 0.015085 0.018166 0.021782 0.026007 0.030920 0.036603 0.043146 0.050643 0.059188 0.068880 0.079818 0.092098 0.105815 0.121056 0.137902 0.156423 0.176675 0.198699 0.222515 0.248124 0.275500 0.304593 0.335323 0.367579 0.401221 0.436074 0.471935 0.508568 0.545709 0.583065 0.620324 0.657149 0.693194 0.728098 0.761500 0.793040 0.822365 0.849139 0.873048 0.893803 0.911151 0.924877 0.934807 0.940816 0.942828 0.940816 0.934807 0.924877 0.911151 0.893803 0.873048 0.849139 0.822365 0.793040 0.761500 0.728098 0.693194 0.657149 0.620324 0.583065 0.545709 0.508568 0.471935 0.436074 0.401221 0.367579 0.335323 0.304593 0.275500 0.248124 0.222515 0.198699 0.176675 0.156423 0.137902 0.121056 0.105815 0.092098 0.079818 0.068880 0.059188 0.050643 0.043146 0.036603 0.030920 0.026007 0.021782 0.018166 0.015085 0.012474 0.010270 0.008420 0.006874 0.005587 0.004522 0.003645
0.003720 0.004615 0.005702 0.007015 0.008593 0.010481 0.012729 0.015395 0.018538 0.022229 0.026541 0.031554 0.037353 0.044031 0.051681 0.060401 0.070292 0.081454 0.093986 0.107984 0.123538 0.140729 0.159630 0.180297 0.202772 0.227076 0.253210 0.281147 0.310837 0.342196 0.375114 0.409445 0.445013 0.481609 0.518993 0.556895 0.595017 0.633039 0.670620 0.707403 0.743023 0.777110 0.809296 0.839222 0.866545 0.890944 0.912125 0.929828 0.943835 0.953969 0.960102 0.962154 0.960102 0.953969 0.943835 0.929828 0.912125 0.890944 0.866545 0.839222 0.809296 0.777110 0.743023 0.707403 0.670620 0.633039 0.595017 0.556895 0.518993 0.481609 0.445013 0.409445 0.375114 0.342196 0.310837 0.281147 0.253210 0.227076 0.202772 0.180297 0.159630 0.140729 0.123538 0.107984 0.093986 0.081454 0.070292 0.060401 0.051681 0.044031 0.037353 0.031554 0.026541 0.022229 0.018538 0.015395 0.012729 0.010481 0.008593 0.007015 0.005702 0.004615 0.003720 0.002985 0.002385 0.001898 0.001504 0.001186 0.001000 0.001000 0.001000 0.001000 0.001000 0.001000 0.001000 0.001000 0.001000 0.001000 0.001000 0.001000 0.001000 0.001000 0.001000 0.001000 0.001000 0.001000 0.001000 0.001000 0.001000 0.001000 0.001000 0.001000 0.001000 0.001000 0.001000 0.001000 0.001000 0.001000 0.001000 0.001000 0.001000 0.001000 0.001000 0.001000 0.001000 0.001000 0.001000 0.001000 0.001186 0.001504 0.001898 0.002385 0.002985 0.003720 0.004615 0.005702 0.007015 0.008593 0.010481 0.012729 0.015395 0.018538 0.022229 0.026541 0.031554 0.037353 0.044031 0.051681 0.060401 0.070292 0.081454 0.093986 0.107984 0.123538 0.140729 0.159630 0.180297 0.202772 0.227076 0.253210 0.281147 0.310837 0.342196 0.375114 0.409445 0.445013 0.481609 0.518993 0.556895 0.595017 0.633039 0.670620 0.707403 0.743023 0.777110 0.809296 0.839222 0.866545 0.890944 0.912125 0.929828 0.943835 0.953969 0.960102 0.962154 0.960102 0.953969 0.943835 0.929828 0.912125 0.890944 0.866545 0.839222 0.809296 0.777110 0.743023 0.707403 0.670620 0.633039 0.595017 0.556895 0.518993 0.481609 0.445013 0.409445 0.375114 0.342196 0.310837 0.281147 0.253210 0.227076 0.202772 0.180297 0.159630 0.140729 0.123538 0.107984 0.093986 0.081454 0.070292 0.060401 0.051681 0.044031 0.037353 0.031554 0.026541 0.022229 0.018538 0.015395 0.012729 0.010481 0.008593 0.007015 0.005702 0.004615 0.003720
0.003780 0.004690 0.005794 0.007128 0.008731 0.010650 0.012935 0.015643 0.018838 0.022588 0.026969 0.032063 0.037957 0.044742 0.052515 0.061377 0.071427 0.082769 0.095504 0.109728 0.125533 0.143002 0.162208 0.183209 0.206046 0.230743 0.257299 0.285687 0.315856 0.347722 0.381171 0.416057 0.452200 0.489387 0.527374 0.565888 0.604626 0.643262 0.681450 0.718827 0.755022 0.789659 0.822365 0.852774 0.880539 0.905331 0.926854 0.944844 0.959077 0.969374 0.975606 0.977692 0.975606 0.969374 0.959077 0.944844 0.926854 0.905331 0.880539 0.852774 0.822365 0.789659 0.755022 0.718827 0.681450 0.643262 0.604626 0.565888 0.527374 0.489387 0.452200 0.416057 0.381171 0.347722 0.315856 0.285687 0.257299 0.230743 0.206046 0.183209 0.162208 0.143002 0.125533 0.109728 0.095504 0.082769 0.071427 0.061377 0.052515 0.044742 0.037957 0.032063 0.026969 0.022588 0.018838 0.015643 0.012935 0.010650 0.008731 0.007128 0.005794 0.004690 0.003780 0.003033 0.002424 0.001929 0.001528 0.001206 0.001000 0.001000 0.001000 0.001000 0.001000 0.001000 0.001000 0.001000 0.001000 0.001000 0.001000 0.001000 0.001000 0.001000 0.001000 0.001000 0.001000 0.001000 0.001000 0.001000 0.001000 0.001000 0.001000 0.001000 0.001000 0.001000 0.001000 0.001000 0.001000 0.001000 0.001000 0.001000 0.001000 0.001000 0.001000 0.001000 0.001000 0.001000 0.001000 0.001000 0.001206 0.001528 0.001929 0.002424 0.003033 0.003780 0.004690 0.005794 0.007128 0.008731 0.010650 0.012935 0.015643 0.018838 0.022588 0.026969 0.032063 0.037957 0.044742 0.052515 0.061377 0.071427 0.082769 0.095504 0.109728 0.125533 0.143002 0.162208 0.183209 0.206046 0.230743 0.257299 0.285687 0.315856 0.347722 0.381171 0.416057 0.452200 0.489387 0.527374 0.565888 0.604626 0.643262 0.681450 0.718827 0.755022 0.789659 0.822365 0.852774 0.880539 0.905331 0.926854 0.944844 0.959077 0.969374 0.975606 0.977692 0.975606 0.969374 0.959077 0.944844 0.926854 0.905331 0.880539 0.852774 0.822365 0.789659 0.755022 0.718827 0.681450 0.643262 0.604626 0.565888 0.527374 0.489387 0.452200 0.416057 0.381171 0.347722 0.315856 0.285687 0.257299 0.230743 0.206046 0.183209 0.162208 0.143002 0.125533 0.109728 0.095504 0.082769 0.071427 0.061377 0.052515 0.044742 0.037957 0.032063 0.026969 0.022588 0.018838 0.015643 0.012935 0.010650 0.008731 0.007128 0.005794 0.004690 0.003780
0.003824 0.004745 0.005862 0.007212 0.008835 0.010776 0.013088 0.015828 0.019060 0.022855 0.027288 0.032442 0.038405 0.045271 0.053136 0.062102 0.072271 0.083748 0.096632 0.111024 0.127016 0.144692 0.164124 0.185373 0.208481 0.233470 0.260339 0.289063 0.319589 0.351831 0.385676 0.420973 0.457543 0.495170 0.533606 0.572575 0.611771 0.650863 0.689502 0.727321 0.763944 0.798991 0.832083 0.862851 0.890944 0.916030 0.937807 0.956009 0.970410 0.980829 0.987134 0.989245 0.987134 0.980829 0.970410 0.956009 0.937807 0.916030 0.890944 0.862851 0.832083 0.798991 0.763944 0.727321 0.689502 0.650863 0.611771 0.572575 0.533606 0.495170 0.457543 0.420973 0.385676 0.351831 0.319589 0.289063 0.260339 0.233470 0.208481 0.185373 0.164124 0.144692 0.127016 0.111024 0.096632 0.083748 0.072271 0.062102 0.053136 0.045271 0.038405 0.032442 0.027288 0.022855 0.019060 0.015828 0.013088 0.010776 0.008835 0.007212 0.005862 0.004745 0.003824 0.003069 0.002453 0.001951 0.001546 0.001220 0.001000 0.001000 0.001000 0.001000 0.001000 0.001000 0.001000 0.001000 0.001000 0.001000 0.001000 0.001000 0.001000 0.001000 0.001000 0.001000 0.001000 0.001000 0.001000 0.001000 0.001000 0.001000 0.001000 0.001000 0.001000 0.001000 0.001000 0.001000 0.001000 0.001000 0.001000 0.001000 0.001000 0.001000 0.001000 0.001000 0.001000 0.001000 0.001000 0.001000 0.001220 0.001546 0.001951 0.002453 0.003069 0.003824 0.004745 0.005862 0.007212 0.008835 0.010776 0.013088 0.015828 0.019060 0.022855 0.027288 0.032442 0.038405 0.045271 0.053136 0.062102 0.072271 0.083748 0.096632 0.111024 0.127016 0.144692 0.164124 0.185373 0.208481 0.233470 0.260339 0.289063 0.319589 0.351831 0.385676 0.420973 0.457543 0.495170 0.533606 0.572575 0.611771 0.650863 0.689502 0.727321 0.763944 0.798991 0.832083 0.862851 0.890944 0.916030 0.937807 0.956009 0.970410 0.980829 0.987134 0.989245 0.987134 0.980829 0.970410 0.956009 0.937807 0.916030 0.890944 0.862851 0.832083 0.798991 0.763944 0.727321 0.689502 0.650863 0.611771 0.572575 0.533606 0.495170 0.457543 0.420973 0.385676 0.351831 0.319589 0.289063 0.260339 0.233470 0.208481 0.185373 0.164124 0.144692 0.127016 0.111024 0.096632 0.083748 0.072271 0.062102 0.053136 0.045271 0.038405 0.032442 0.027288 0.022855 0.019060 0.015828 0.013088 0.010776 0.008835 0.007212 0.005862 0.004745 0.003824
0.003853 0.004781 0.005906 0.007266 0.008901 0.010857 0.013186 0.015947 0.019203 0.023026 0.027493 0.032685 0.038693 0.045610 0.053535 0.062568 0.072814 0.084376 0.097357 0.111857 0.127969 0.145777 0.165356 0.186764 0.210046 0.235222 0.262293 0.291232 0.321987 0.354471 0.388570 0.424132 0.460976 0.498885 0.537610 0.576872 0.616361 0.655747 0.694676 0.732779 0.769676 0.804986 0.838326 0.869326 0.897629 0.922903 0.944844 0.963183 0.977692 0.988189 0.994542 0.996668 0.994542 0.988189 0.977692 0.963183 0.944844 0.922903 0.897629 0.869326 0.838326 0.804986 0.769676 0.732779 0.694676 0.655747 0.616361 0.576872 0.537610 0.498885 0.460976 0.424132 0.388570 0.354471 0.321987 0.291232 0.262293 0.235222 0.210046 0.186764 0.165356 0.145777 0.127969 0.111857 0.097357 0.084376 0.072814 0.062568 0.053535 0.045610 0.038693 0.032685 0.027493 0.023026 0.019203 0.015947 0.013186 0.010857 0.008901 0.007266 0.005906 0.004781 0.003853 0.003092 0.002471 0.001966 0.001558 0.001229 0.001000 0.001000 0.001000 0.001000 0.001000 0.001000 0.001000 0.001000 0.001000 0.001000 0.001000 0.001000 0.001000 0.001000 0.001000 0.001000 0.001000 0.001000 0.001000 0.001000 0.001000 0.001000 0.001000 0.001000 0.001000 0.001000 0.001000 0.001000 0.001000 0.001000 0.001000 0.001000 0.001000 0.001000 0.001000 0.001000 0.001000 0.001000 0.001000 0.001000 0.001229 0.001558 0.001966 0.002471 0.003092 0.003853 0.004781 0.005906 0.007266 0.008901 0.010857 0.013186 0.015947 0.019203 0.023026 0.027493 0.032685 0.038693 0.045610 0.053535 0.062568 0.072814 0.084376 0.097357 0.111857 0.127969 0.145777 0.165356 0.186764 0.210046 0.235222 0.262293 0.291232 0.321987 0.354471 0.388570 0.424132 0.460976 0.498885 0.537610 0.576872 0.616361 0.655747 0.694676 0.732779 0.769676 0.804986 0.838326 0.869326 0.897629 0.922903 0.944844 0.963183 0.977692 0.988189 0.994542 0.996668 0.994542 0.988189 0.977692 0.963183 0.944844 0.922903 0.897629 0.869326 0.838326 0.804986 0.769676 0.732779 0.694676 0.655747 0.616361 0.576872 0.537610 0.498885 0.460976 0.424132 0.388570 0.354471 0.321987 0.291232 0.262293 0.235222 0.210046 0.186764 0.165356 0.145777 0.127969 0.111857 0.097357 0.084376 0.072814 0.062568 0.053535 0.045610 0.038693 0.032685 0.027493 0.023026 0.019203 0.015947 0.013186 0.010857 0.008901 0.007266 0.005906 0.004781 0.003853
0.003865 0.004796 0.005925 0.007290 0.008929 0.010892 0.013228 0.015998 0.019265 0.023100 0.027581 0.032790 0.038818 0.045757 0.053706 0.062769 0.073047 0.084647 0.097670 0.112216 0.128380 0.146245 0.165887 0.187364 0.210720 0.235977 0.263134 0.292167 0.323020 0.355609 0.389817 0.425493 0.462456 0.500486 0.539336 0.578723 0.618339 0.657852 0.696905 0.735130 0.772146 0.807569 0.841017 0.872116 0.900510 0.925865 0.947876 0.966273 0.980829 0.991360 0.997733 0.999867 0.997733 0.991360 0.980829 0.966273 0.947876 0.925865 0.900510 0.872116 0.841017 0.807569 0.772146 0.735130 0.696905 0.657852 0.618339 0.578723 0.539336 0.500486 0.462456 0.425493 0.389817 0.355609 0.323020 0.292167 0.263134 0.235977 0.210720 0.187364 0.165887 0.146245 0.128380 0.112216 0.097670 0.084647 0.073047 0.062769 0.053706 0.045757 0.038818 0.032790 0.027581 0.023100 0.019265 0.015998 0.013228 0.010892 0.008929 0.007290 0.005925 0.004796 0.003865 0.003102 0.002479 0.001972 0.001563 0.001233 0.001000 0.001000 0.001000 0.001000 0.001000 0.001000 0.001000 0.001000 0.001000 0.001000 0.001000 0.001000 0.001000 0.001000 0.001000 0.001000 0.001000 0.001000 0.001000 0.001000 0.001000 0.001000 0.001000 0.001000 0.001000 0.001000 0.001000 0.001000 0.001000 0.001000 0.001000 0.001000 0.001000 0.001000 0.001000 0.001000 0.001000 0.001000 0.001000 0.001000 0.001233 0.001563 0.001972 0.002479 0.003102 0.003865 0.004796 0.005925 0.007290 0.008929 0.010892 0.013228 0.015998 0.019265 0.023100 0.027581 0.032790 0.038818 0.045757 0.053706 0.062769 0.073047 0.084647 0.097670 0.112216 0.128380 0.146245 0.165887 0.187364 0.210720 0.235977 0.263134 0.292167 0.323020 0.355609 0.389817 0.425493 0.462456 0.500486 0.539336 0.578723 0.618339 0.657852 0.696905 0.735130 0.772146 0.807569 0.841017 0.872116 0.900510 0.925865 0.947876 0.966273 0.980829 0.991360 0.997733 0.999867 0.997733 0.991360 0.980829 0.966273 0.947876 0.925865 0.900510 0.872116 0.841017 0.807569 0.772146 0.735130 0.696905 0.657852 0.618339 0.578723 0.539336 0.500486 0.462456 0.425493 0.389817 0.355609 0.323020 0.292167 0.263134 0.235977 0.210720 0.187364 0.165887 0.146245 0.128380 0.112216 0.097670 0.084647 0.073047 0.062769 0.053706 0.045757 0.038818 0.032790 0.027581 0.023100 0.019265 0.015998 0.013228 0.010892 0.008929 0.007290 0.005925 0.004796 0.003865
0.003866 0.004797 0.005926 0.007290 0.008931 0.010893 0.013230 0.016000 0.019267 0.023103 0.027585 0.032795 0.038823 0.045763 0.053714 0.062777 0.073057 0.084658 0.097683 0.112231 0.128397 0.146265 0.165909 0.187389 0.210748 0.236008 0.263170 0.292206 0.323063 0.355656 0.389869 0.425550 0.462517 0.500553 0.539408 0.578800 0.618422 0.657939 0.696998 0.735228 0.772249 0.807677 0.841129 0.872232 0.900630 0.925988 0.948002 0.966402 0.980960 0.991493 0.997866 1.000000 0.997866 0.991493 0.980960 0.966402 0.948002 0.925988 0.900630 0.872232 0.841129 0.807677 0.772249 0.735228 0.696998 0.657939 0.618422 0.578800 0.539408 0.500553 0.462517 0.425550 0.389869 0.355656 0.323063 0.292206 0.263170 0.236008 0.210748 0.187389 0.165909 0.146265 0.128397 0.112231 0.097683 0.084658 0.073057 0.062777 0.053714 0.045763 0.038823 0.032795 0.027585 0.023103 0.019267 0.016000 0.013230 0.010893 0.008931 0.007290 0.005926 0.004797 0.003866 0.003102 0.002479 0.001973 0.001563 0.001233 0.001000 0.001000 0.001000 0.001000 0.001000 0.001000 0.001000 0.001000 0.001000 0.001000 0.001000 0.001000 0.001000 0.001000 0.001000 0.001000 0.001000 0.001000 0.001000 0.001000 0.001000 0.001000 0.001000 0.001000 0.001000 0.001000 0.001000 0.001000 0.001000 0.001000 0.001000 0.001000 0.001000 0.001000 0.001000 0.001000 0.001000 0.001000 0.001000 0.001000 0.001233 0.001563 0.001973 0.002479 0.003102 0.003866 0.004797 0.005926 0.007290 0.008931 0.010893 0.013230 0.016000 0.019267 0.023103 0.027585 0.032795 0.038823 0.045763 0.053714 0.062777 0.073057 0.084658 0.097683 0.112231 0.128397 0.146265 0.165909 0.187389 0.210748 0.236008 0.263170 0.292206 0.323063 0.355656 0.389869 0.425550 0.462517 0.500553 0.539408 0.578800 0.618422 0.657939 0.696998 0.735228 0.772249 0.807677 0.841129 0.872232 0.900630 0.925988 0.948002 0.966402 0.980960 0.991493 0.997866 1.000000 0.997866 0.991493 0.980960 0.966402 0.948002 0.925988 0.900630 0.872232 0.841129 0.807677 0.772249 0.735228 0.696998 0.657939 0.618422 0.578800 0.539408 0.500553 0.462517 0.425550 0.389869 0.355656 0.323063 0.292206 0.263170 0.236008 0.210748 0.187389 0.165909 0.146265 0.128397 0.112231 0.097683 0.084658 0.073057 0.062777 0.053714 0.045763 0.038823 0.032795 0.027585 0.023103 0.019267 0.016000 0.013230 0.010893 0.008931 0.007290 0.005926 0.004797 0.003866
0.003866 0.004797 0.005926 0.007290 0.008931 0.010893 0.013230 0.016000 0.019267 0.023103 0.027585 0.032795 0.038823 0.045763 0.053714 0.062777 0.073057 0.084658 0.097683 0.112231 0.128397 0.146265 0.165909 0.187389 0.210748 0.236008 0.263170 0.292206 0.323063 0.355656 0.389869 0.425550 0.462517 0.500553 0.539408 0.578800 0.618422 0.657939 0.696998 0.735228 0.772249 0.807677 0.841129 0.872232 0.900630 0.925988 0.948002 0.966402 0.980960 0.991493 0.997866 1.000000 0.997866 0.991493 0.980960 0.966402 0.948002 0.925988 0.900630 0.872232 0.841129 0.807677 0.772249 0.735228 0.696998 0.657939 0.618422 0.578800 0.539408 0.500553 0.462517 0.425550 0.389869 0.355656 0.323063 0.292206 0.263170 0.236008 0.210748 0.187389 0.165909 0.146265 0.128397 0.112231 0.097683 0.084658 0.073057 0.062777 0.053714 0.045763 0.038823 0.032795 0.027585 0.023103 0.019267 0.016000 0.013230 0.010893 0.008931 0.007290 0.005926 0.004797 0.003866 0.003102 0.002479 0.001973 0.001563 0.001233 0.001000 0.001000 0.001000 0.001000 0.001000 0.001000 0.001000 0.001000 0.001000 0.001000 0.001000 0.001000 0.001000 0.001000 0.001000 0.001000 0.001000 0.001000 0.001000 0.001000 0.001000 0.001000 0.001000 0.001000 0.001000 0.001000 0.001000 0.001000 0.001000 0.001000 0.001000 0.001000 0.001000 0.001000 0.001000 0.001000 0.001000 0.001000 0.001000 0.001000 0.001233 0.001563 0.001973 0.002479 0.003102 0.003866 0.004797 0.005926 0.007290 0.008931 0.010893 0.013230 0.016000 0.019267 0.023103 0.027585 0.032795 0.038823 0.045763 0.053714 0.062777 0.073057 0.084658 0.097683 0.112231 0.128397 0.146265 0.165909 0.187389 0.210748 0.236008 0.263170 0.292206 0.323063 0.355656 0.389869 0.425550 0.462517 0.500553 0.539408 0.578800 0.618422 0.657939 0.696998 0.735228 0.772249 0.807677 0.841129 0.872232 0.900630 0.925988 0.948002 0.966402 0.980960 0.991493 0.997866 1.000000 0.997866 0.991493 0.980960 0.966402 0.948002 0.925988 0.900630 0.872232 0.841129 0.807677 0.772249 0.735228 0.696998 0.657939 0.618422 0.578800 0.539408 0.500553 0.462517 0.425550 0.389869 0.355656 0.323063 0.292206 0.263170 0.236008 0.210748 0.187389 0.165909 0.146265 0.128397 0.112231 0.097683 0.084658 0.073057 0.062777 0.053714 0.045763 0.038823 0.032795 0.027585 0.023103 0.019267 0.016000 0.013230 0.010893 0.008931 0.007290 0.005926 0.004797 0.003866
0.003866 0.004797 0.005926 0.007290 0.008931 0.010893 0.013230 0.016000 0.019267 0.023103 0.027585 0.032795 0.038823 0.045763 0.053714 0.062777 0.073057 0.084658 0.097683 0.112231 0.128397 0.146265 0.165909 0.187389 0.210748 0.236008 0.263170 0.292206 0.323063 0.355656 0.389869 0.425550 0.462517 0.500553 0.539408 0.578800 0.618422 0.657939 0.696998 0.735228 0.772249 0.807677 0.841129 0.872232 0.900630 0.925988 0.948002 0.966402 0.980960 0.991493 0.997866 1.000000 0.997866 0.991493 0.980960 0.966402 0.948002 0.925988 0.900630 0.872232 0.841129 0.807677 0.772249 0.735228 0.696998 0.657939 0.618422 0.578800 0.539408 0.500553 0.462517 0.425550 0.389869 0.355656 0.323063 0.292206 0.263170 0.236008 0.210748 0.187389 0.165909 0.146265 0.128397 0.112231 0.097683 0.084658 0.073057 0.062777 0.053714 0.045763 0.038823 0.032795 0.027585 0.023103 0.019267 0.016000 0.013230 0.010893 0.008931 0.007290 0.005926 0.004797 0.003866 0.003102 0.002479 0.001973 0.001563 0.001233 0.001000 0.001000 0.001000 0.001000 0.001000 0.001000 0.001000 0.001000 0.001000 0.001000 0.001000 0.001000 0.001000 0.001000 0.001000 0.001000 0.001000 0.001000 0.001000 0.001000 0.001000 0.001000 0.001000 0.001000 0.001000 0.001000 0.001000 0.001000 0.001000 0.001000 0.001000 0.001000 0.001000 0.001000 0.001000 0.001000 0.001000 0.001000 0.001000 0.001000 0.001233 0.001563 0.001973 0.002479 0.003102 0.003866 0.004797 0.005926 0.007290 0.008931 0.010893 0.013230 0.016000 0.019267 0.023103 0.027585 0.032795 0.038823 0.045763 0.053714 0.062777 0.073057 0.084658 0.097683 0.112231 0.128397 0.146265 0.165909 0.187389 0.210748 0.236008 0.263170 0.292206 0.323063 0.355656 0.389869 0.425550 0.462517 0.500553 0.539408 0.578800 0.618422 0.657939 0.696998 0.735228 0.772249 0.807677 0.841129 0.872232 0.900630 0.925988 0.948002 0.966402 0.980960 0.991493 0.997866 1.000000 0.997866 0.991493 0.980960 0.966402 0.948002 0.925988 0.900630 0.872232 0.841129 0.807677 0.772249 0.735228 0.696998 0.657939 0.618422 0.578800 0.539408 0.500553 0.462517 0.425550 0.389869 0.355656 0.323063 0.292206 0.263170 0.236008 0.210748 0.187389 0.165909 0.146265 0.128397 0.112231 0.097683 0.084658 0.073057 0.062777 0.053714 0.045763 0.038823 0.032795 0.027585 0.023103 0.019267 0.016000 0.013230 0.010893 0.008931 0.007290 0.005926 0.004797 0.003866
0.003866 0.004797 0.005926 0.007290 0.008931 0.010893 0.013230 0.016000 0.019267 0.023103 0.027585 0.032795 0.038823 0.045763 0.053714 0.062777 0.073057 0.084658 0.097683 0.112231 0.128397 0.146265 0.165909 0.187389 0.210748 0.236008 0.263170 0.292206 0.323063 0.355656 0.389869 0.425550 0.462517 0.500553 0.539408 0.578800 0.618422 0.657939 0.696998 0.735228 0.772249 0.807677 0.841129 0.872232 0.900630 0.925988 0.948002 0.966402 0.980960 0.991493 0.997866 1.000000 0.997866 0.991493 0.980960 0.966402 0.948002 0.925988 0.900630 0.872232 0.841129 0.807677 0.772249 0.735228 0.696998 0.657939 0.618422 0.578800 0.539408 0.500553 0.462517 0.425550 0.389869 0.355656 0.323063 0.292206 0.263170 0.236008 0.210748 0.187389 0.165909 0.146265 0.128397 0.112231 0.097683 0.084658 0.073057 0.062777 0.053714 0.045763 0.038823 0.032795 0.027585 0.023103 0.019267 0.016000 0.013230 0.010893 0.008931 0.007290 0.005926 0.004797 0.003866 0.003102 0.002479 0.001973 0.001563 0.001233 0.001000 0.001000 0.001000 0.001000 0.001000 0.001000 0.001000 0.001000 0.001000 0.001000 0.001000 0.001000 0.001000 0.001000 0.001000 0.001000 0.001000 0.001000 0.001000 0.001000 0.001000 0.001000 0.001000 0.001000 0.001000 0.001000 0.001000 0.001000 0.001000 0.001000 0.001000 0.001000 0.001000 0.001000 0.001000 0.001000 0.001000 0.001000 0.001000 0.001000 0.001233 0.001563 0.001973 0.002479 0.003102 0.003866 0.004797 0.005926 0.007290 0.008931 0.010893 0.013230 0.016000 0.019267 0.023103 0.027585 0.032795 0.038823 0.045763 0.053714 0.062777 0.073057 0.084658 0.097683 0.112231 0.128397 0.146265 0.165909 0.187389 0.210748 0.236008 0.263170 0.292206 0.323063 0.355656 0.389869 0.425550 0.462517 0.500553 0.539408 0.578800 0.618422 0.657939 0.696998 0.735228 0.772249 0.807677 0.841129 0.872232 0.900630 0.925988 0.948002 0.966402 0.980960 0.991493 0.997866 1.000000 0.997866 0.991493 0.980960 0.966402 0.948002 0.925988 0.900630 0.872232 0.841129 0.807677 0.772249 0.735228 0.696998 0.657939 0.618422 0.578800 0.539408 0.500553 0.462517 0.425550 0.389869 0.355656 0.323063 0.292206 0.263170 0.236008 0.210748 0.187389 0.165909 0.146265 0.128397 0.112231 0.097683 0.084658 0.073057 0.062777 0.053714 0.045763 0.038823 0.032795 0.027585 0.023103 0.019267 0.016000 0.013230 0.010893 0.008931 0.007290 0.005926 0.004797 0.003866
0.003866 0.004797 0.005926 0.007290 0.008931 0.010893 0.013230 0.016000 0.019267 0.023103 0.027585 0.032795 0.038823 0.045763 0.053714 0.062777 0.073057 0.084658 0.097683 0.112231 0.128397 0.146265 0.165909 0.187389 0.210748 0.236008 0.263170 0.292206 0.323063 0.355656 0.389869 0.425550 0.462517 0.500553 0.539408 0.578800 0.618422 0.657939 0.696998 0.735228 0.772249 0.807677 0.841129 0.872232 0.900630 0.925988 0.948002 0.966402 0.980960 0.991493 0.997866 1.000000 0.997866 0.991493 0.980960 0.966402 0.948002 0.925988 0.900630 0.872232 0.841129 0.807677 0.772249 0.735228 0.696998 0.657939 0.618422 0.578800 0.539408 0.500553 0.462517 0.425550 0.389869 0.355656 0.323063 0.292206 0.263170 0.236008 0.210748 0.187389 0.165909 0.146265 0.128397 0.112231 0.097683 0.084658 0.073057 0.062777 0.053714 0.045763 0.038823 0.032795 0.027585 0.023103 0.019267 0.016000 0.013230 0.010893 0.008931 0.007290 0.005926 0.004797 0.003866 0.003102 0.002479 0.001973 0.001563 0.001233 0.001000 0.001000 0.001000 0.001000 0.001000 0.001000 0.001000 0.001000 0.001000 0.001000 0.001000 0.001000 0.001000 0.001000 0.001000 0.001000 0.001000 0.001000 0.001000 0.001000 0.001000 0.001000 0.001000 0.001000 0.001000 0.001000 0.001000 0.001000 0.001000 0.001000 0.001000 0.001000 0.001000 0.001000 0.001000 0.001000 0.001000 0.001000 0.001000 0.001000 0.001233 0.001563 0.001973 0.002479 0.003102 0.003866 0.004797 0.005926 0.007290 0.008931 0.010893 0.013230 0.016000 0.019267 0.023103 0.027585 0.032795 0.038823 0.045763 0.053714 0.062777 0.073057 0.084658 0.097683 0.112231 0.128397 0.146265 0.165909 0.187389 0.210748 0.236008 0.263170 0.292206 0.323063 0.355656 0.389869 0.425550 0.462517 0.500553 0.539408 0.578800 0.618422 0.657939 0.696998 0.735228 0.772249 0.807677 0.841129 0.872232 0.900630 0.925988 0.948002 0.966402 0.980960 0.991493 0.997866 1.000000 0.997866 0.991493 0.980960 0.966402 0.948002 0.925988 0.900630 0.872232 0.841129 0.807677 0.772249 0.735228 0.696998 0.657939 0.618422 0.578800 0.539408 0.500553 0.462517 0.425550 0.389869 0.355656 0.323063 0.292206 0.263170 0.236008 0.210748 0.187389 0.165909 0.146265 0.128397 0.112231 0.097683 0.084658 0.073057 0.062777 0.053714 0.045763 0.038823 0.032795 0.027585 0.023103 0.019267 0.016000 0.013230 0.010893 0.008931 0.007290 0.005926 0.004797 0.003866
0.003866 0.004797 0.005926 0.007290 0.008931 0.010893 0.013230 0.016000 0.019267 0.023103 0.027585 0.032795 0.038823 0.045763 0.053714 0.062777 0.073057 0.084658 0.097683 0.112231 0.128397 0.146265 0.165909 0.187389 0.210748 0.236008 0.263170 0.292206 0.323063 0.355656 0.389869 0.425550 0.462517 0.500553 0.539408 0.578800 0.618422 0.657939 0.696998 0.735228 0.772249 0.807677 0.841129 0.872232 0.900630 0.925988 0.948002 0.966402 0.980960 0.991493 0.997866 1.000000 0.997866 0.991493 0.980960 0.966402 0.948002 0.925988 0.900630 0.872232 0.841129 0.807677 0.772249 0.735228 0.696998 0.657939 0.618422 0.578800 0.539408 0.500553 0.462517 0.425550 0.389869 0.355656 0.323063 0.292206 0.263170 0.236008 0.210748 0.187389 0.165909 0.146265 0.128397 0.112231 0.097683 0.084658 0.073057 0.062777 0.053714 0.045763 0.038823 0.032795 0.027585 0.023103 0.019267 0.016000 0.013230 0.010893 0.008931 0.007290 0.005926 0.004797 0.003866 0.003102 0.002479 0.001973 0.001563 0.001233 0.001000 0.001000 0.001000 0.001000 0.001000 0.001000 0.001000 0.001000 0.001000 0.001000 0.001000 0.001000 0.001000 0.001000 0.001000 0.001000 0.001000 0.001000 0.001000 0.001000 0.001000 0.001000 0.001000 0.001000 0.001000 0.001000 0.001000 0.001000 0.001000 0.001000 0.001000 0.001000 0.001000 0.001000 0.001000 0.001000 0.001000 0.001000 0.001000 0.001000 0.001233 0.001563 0.001973 0.002479 0.003102 0.003866 0.004797 0.005926 0.007290 0.008931 0.010893 0.013230 0.016000 0.019267 0.023103 0.027585 0.032795 0.038823 0.045763 0.053714 0.062777 0.073057 0.084658 0.097683 0.112231 0.128397 0.146265 0.165909 0.187389 0.210748 0.236008 0.263170 0.292206 0.323063 0.355656 0.389869 0.425550 0.462517 0.500553 0.539408 0.578800 0.618422 0.657939 0.696998 0.735228 0.772249 0.807677 0.841129 0.872232 0.900630 0.925988 0.948002 0.966402 0.980960 0.991493 0.997866 1.000000 0.997866 0.991493 0.980960 0.966402 0.948002 0.925988 0.900630 0.872232 0.841129 0.807677 0.772249 0.735228 0.696998 0.657939 0.618422 0.578800 0.539408 0.500553 0.462517 0.425550 0.389869 0.355656 0.323063 0.292206 0.263170 0.236008 0.210748 0.187389 0.165909 0.146265 0.128397 0.112231 0.097683 0.084658 0.073057 0.062777 0.053714 0.045763 0.038823 0.032795 0.027585 0.023103 0.019267 0.016000 0.013230 0.010893 0.008931 0.007290 0.005926 0.004797 0.003866
0.003866 0.004797 0.005926 0.007290 0.008931 0.010893 0.013230 0.016000 0.019267 0.023103 0.027585 0.032795 0.038823 0.045763 0.053714 0.062777 0.073057 0.084658 0.097683 0.112231 0.128397 0.146265 0.165909 0.187389 0.210748 0.236008 0.263170 0.292206 0.323063 0.355656 0.389869 0.425550 0.462517 0.500553 0.539408 0.578800 0.618422 0.657939 0.696998 0.735228 0.772249 0.807677 0.841129 0.872232 0.900630 0.925988 0.948002 0.966402 0.980960 0.991493 0.997866 1.000000 0.997866 0.991493 0.980960 0.966402 0.948002 0.925988 0.900630 0.872232 0.841129 0.807677 0.772249 0.735228 0.696998 0.657939 0.618422 0.578800 0.539408 0.500553 0.462517 0.425550 0.389869 0.355656 0.323063 0.292206 0.263170 0.236008 0.210748 0.187389 0.165909 0.146265 0.128397 0.112231 0.097683 0.084658 0.073057 0.062777 0.053714 0.045763 0.038823 0.032795 0.027585 0.023103 0.019267 0.016000 0.013230 0.010893 0.008931 0.007290 0.005926 0.004797 0.003866 0.003102 0.002479 0.001973 0.001563 0.001233 0.001000 0.001000 0.001000 0.001000 0.001000 0.001000 0.001000 0.001000 0.001000 0.001000 0.001000 0.001000 0.001000 0.001000 0.001000 0.001000 0.001000 0.001000 0.001000 0.001000 0.001000 0.001000 0.001000 0.001000 0.001000 0.001000 0.001000 0.001000 0.001000 0.001000 0.001000 0.001000 0.001000 0.001000 0.001000 0.001000 0.001000 0.001000 0.001000 0.001000 0.001233 0.001563 0.001973 0.002479 0.003102 0.003866 0.004797 0.005926 0.007290 0.008931 0.010893 0.013230 0.016000 0.019267 0.023103 0.027585 0.032795 0.038823 0.045763 0.053714 0.062777 0.073057 0.084658 0.097683 0.112231 0.128397 0.146265 0.165909 0.187389 0.210748 0.236008 0.263170 0.292206 0.323063 0.355656 0.389869 0.425550 0.462517 0.500553 0.539408 0.578800 0.618422 0.657939 0.696998 0.735228 0.772249 0.807677 0.841129 0.872232 0.900630 0.925988 0.948002 0.966402 0.980960 0.991493 0.997866 1.000000 0.997866 0.991493 0.980960 0.966402 0.948002 0.925988 0.900630 0.872232 0.841129 0.807677 0.772249 0.735228 0.696998 0.657939 0.618422 0.578800 0.539408 0.500553 0.462517 0.425550 0.389869 0.355656 0.323063 0.292206 0.263170 0.236008 0.210748 0.187389 0.165909 0.146265 0.128397 0.112231 0.097683 0.084658 0.073057 0.062777 0.053714 0.045763 0.038823 0.032795 0.027585 0.023103 0.019267 0.016000 0.013230 0.010893 0.008931 0.007290 0.005926 0.004797 0.003866
0.003866 0.004797 0.005926 0.007290 0.008931 0.010893 0.013230 0.016000 0.019267 0.023103 0.027585 0.032795 0.038823 0.045763 0.053714 0.062777 0.073057 0.084658 0.097683 0.112231 0.128397 0.146265 0.165909 0.187389 0.210748 0.236008 0.263170 0.292206 0.323063 0.355656 0.389869 0.425550 0.462517 0.500553 0.539408 0.578800 0.618422 0.657939 0.696998 0.735228 0.772249 0.807677 0.841129 0.872232 0.900630 0.925988 0.948002 0.966402 0.980960 0.991493 0.997866 1.000000 0.997866 0.991493 0.980960 0.966402 0.948002 0.925988 0.900630 0.872232 0.841129 0.807677 0.772249 0.735228 0.696998 0.657939 0.618422 0.578800 0.539408 0.500553 0.462517 0.425550 0.389869 0.355656 0.323063 0.292206 0.263170 0.236008 0.210748 0.187389 0.165909 0.146265 0.128397 0.112231 0.097683 0.084658 0.073057 0.062777 0.053714 0.045763 0.038823 0.032795 0.027585 0.023103 0.019267 0.016000 0.013230 0.010893 0.008931 0.007290 0.005926 0.004797 0.003866 0.003102 0.002479 0.001973 0.001563 0.001233 0.001000 0.001000 0.001000 0.001000 0.001000 0.001000 0.001000 0.001000 0.001000 0.001000 0.001000 0.001000 0.001000 0.001000 0.001000 0.001000 0.001000 0.001000 0.001000 0.001000 0.001000 0.001000 0.001000 0.001000 0.001000 0.001000 0.001000 0.001000 0.001000 0.001000 0.001000 0.001000 0.001000 0.001000 0.001000 0.001000 0.001000 0.001000 0.001000 0.001000 0.001233 0.001563 0.001973 0.002479 0.003102 0.003866 0.004797 0.005926 0.007290 0.008931 0.010893 0.013230 0.016000 0.019267 0.023103 0.027585 0.032795 0.038823 0.045763 0.053714 0.062777 0.073057 0.084658 0.097683 0.112231 0.128397 0.146265 0.165909 0.187389 0.210748 0.236008 0.263170 0.292206 0.323063 0.355656 0.389869 0.425550 0.462517 0.500553 0.539408 0.578800 0.618422 0.657939 0.696998 0.735228 0.772249 0.807677 0.841129 0.872232 0.900630 0.925988 0.948002 0.966402 0.980960 0.991493 0.997866 1.000000 0.997866 0.991493 0.980960 0.966402 0.948002 0.925988 0.900630 0.872232 0.841129 0.807677 0.772249 0.735228 0.696998 0.657939 0.618422 0.578800 0.539408 0.500553 0.462517 0.425550 0.389869 0.355656 0.323063 0.292206 0.263170 0.236008 0.210748 0.187389 0.165909 0.146265 0.128397 0.112231 0.097683 0.084658 0.073057 0.062777 0.053714 0.045763 0.038823 0.032795 0.027585 0.023103 0.019267 0.016000 0.013230 0.010893 0.008931 0.007290 0.005926 0.004797 0.003866
0.003866 0.004797 0.005926 0.007290 0.008931 0.010893 0.013230 0.016000 0.019267 0.023103 0.027585 0.032795 0.038823 0.045763 0.053714 0.062777 0.073057 0.084658 0.097683 0.112231 0.128397 0.146265 0.165909 0.187389 0.210748 0.236008 0.263170 0.292206 0.323063 0.355656 0.389869 0.425550 0.462517 0.500553 0.539408 0.578800 0.618422 0.657939 0.696998 0.735228 0.772249 0.807677 0.841129 0.872232 0.900630 0.925988 0.948002 0.966402 0.980960 0.991493 0.997866 1.000000 0.997866 0.991493 0.980960 0.966402 0.948002 0.925988 0.900630 0.872232 0.841129 0.807677 0.772249 0.735228 0.696998 0.657939 0.618422 0.578800 0.539408 0.500553 0.462517 0.425550 0.389869 0.355656 0.323063 0.292206 0.263170 0.236008 0.210748 0.187389 0.165909 0.146265 0.128397 0.112231 0.097683 0.084658 0.073057 0.062777 0.053714 0.045763 0.038823 0.032795 0.027585 0.023103 0.019267 0.016000 0.013230 0.010893 0.008931 0.007290 0.005926 0.004797 0.003866 0.003102 0.002479 0.001973 0.001563 0.001233 0.001000 0.001000 0.001000 0.001000 0.001000 0.001000 0.001000 0.001000 0.001000 0.001000 0.001000 0.001000 0.001000 0.001000 0.001000 0.001000 0.001000 0.001000 0.001000 0.001000 0.001000 0.001000 0.001000 0.001000 0.001000 0.001000 0.001000 0.001000 0.001000 0.001000 0.001000 0.001000 0.001000 0.001000 0.001000 0.001000 0.001000 0.001000 0.001000 0.001000 0.001233 0.001563 0.001973 0.002479 0.003102 0.003866 0.004797 0.005926 0.007290 0.008931 0.010893 0.013230 0.016000 0.019267 0.023103 0.027585 0.032795 0.038823 0.045763 0.053714 0.062777 0.073057 0.084658 0.097683 0.112231 0.128397 0.146265 0.165909 0.187389 0.210748 0.236008 0.263170 0.292206 0.323063 0.355656 0.389869 0.425550 0.462517 0.500553 0.539408 0.578800 0.618422 0.657939 0.696998 0.735228 0.772249 0.807677 0.841129 0.872232 0.900630 0.925988 0.948002 0.966402 0.980960 0.991493 0.997866 1.000000 0.997866 0.991493 0.980960 0.966402 0.948002 0.925988 0.900630 0.872232 0.841129 0.807677 0.772249 0.735228 0.696998 0.657939 0.618422 0.578800 0.539408 0.500553 0.462517 0.425550 0.389869 0.355656 0.323063 0.292206 0.263170 0.236008 0.210748 0.187389 0.165909 0.146265 0.128397 0.112231 0.097683 0.084658 0.073057 0.062777 0.053714 0.045763 0.038823 0.032795 0.027585 0.023103 0.019267 0.016000 0.013230 0.010893 0.008931 0.007290 0.005926 0.004797 0.003866
0.003866 0.004797 0.005926 0.007290 0.008931 0.010893 0.013230 0.016000 0.019267 0.023103 0.027585 0.032795 0.038823 0.045763 0.053714 0.062777 0.073057 0.084658 0.097683 0.112231 0.128397 0.146265 0.165909 0.187389 0.210748 0.236008 0.263170 0.292206 0.323063 0.355656 0.389869 0.425550 0.462517 0.500553 0.539408 0.578800 0.618422 0.657939 0.696998 0.735228 0.772249 0.807677 0.841129 0.872232 0.900630 0.925988 0.948002 0.966402 0.980960 0.991493 0.997866 1.000000 0.997866 0.991493 0.980960 0.966402 0.948002 0.925988 0.900630 0.872232 0.841129 0.807677 0.772249 0.735228 0.696998 0.657939 0.618422 0.578800 0.539408 0.500553 0.462517 0.425550 0.389869 0.355656 0.323063 0.292206 0.263170 0.236008 0.210748 0.187389 0.165909 0.146265 0.128397 0.112231 0.097683 0.084658 0.073057 0.062777 0.053714 0.045763 0.038823 0.032795 0.027585 0.023103 0.019267 0.016000 0.013230 0.010893 0.008931 0.007290 0.005926 0.004797 0.003866 0.003102 0.002479 0.001973 0.001563 0.001233 0.001000 0.001000 0.001000 0.001000 0.001000 0.001000 0.001000 0.001000 0.001000 0.001000 0.001000 0.001000 0.001000 0.001000 0.001000 0.001000 0.001000 0.001000 0.001000 0.001000 0.001000 0.001000 0.001000 0.001000 0.001000 0.001000 0.001000 0.001000 0.001000 0.001000 0.001000 0.001000 0.001000 0.001000 0.001000 0.001000 0.001000 0.001000 0.001000 0.001000 0.001233 0.001563 0.001973 0.002479 0.003102 0.003866 0.004797 0.005926 0.007290 0.008931 0.010893 0.013230 0.016000 0.019267 0.023103 0.027585 0.032795 0.038823 0.045763 0.053714 0.062777 0.073057 0.084658 0.097683 0.112231 0.128397 0.146265 0.165909 0.187389 0.210748 0.236008 0.263170 0.292206 0.323063 0.355656 0.389869 0.425550 0.462517 0.500553 0.539408 0.578800 0.618422 0.657939 0.696998 0.735228 0.772249 0.807677 0.841129 0.872232 0.900630 0.925988 0.948002 0.966402 0.980960 0.991493 0.997866 1.000000 0.997866 0.991493 0.980960 0.966402 0.948002 0.925988 0.900630 0.872232 0.841129 0.807677 0.772249 0.735228 0.696998 0.657939 0.618422 0.578800 0.539408 0.500553 0.462517 0.425550 0.389869 0.355656 0.323063 0.292206 0.263170 0.236008 0.210748 0.187389 0.165909 0.146265 0.128397 0.112231 0.097683 0.084658 0.073057 0.062777 0.053714 0.045763 0.038823 0.032795 0.027585 0.023103 0.019267 0.016000 0.013230 0.010893 0.008931 0.007290 0.005926 0.004797 0.003866
0.003866 0.004797 0.005926 0.007290 0.008931 0.010893 0.013230 0.016000 0.019267 0.023103 0.027585 0.032795 0.038823 0.045763 0.053714 0.062777 0.073057 0.084658 0.097683 0.112231 0.128397 0.146265 0.165909 0.187389 0.210748 0.236008 0.263170 0.292206 0.323063 0.355656 0.389869 0.425550 0.462517 0.500553 0.539408 0.578800 0.618422 0.657939 0.696998 0.735228 0.772249 0.807677 0.841129 0.872232 0.900630 0.925988 0.948002 0.966402 0.980960 0.991493 0.997866 1.000000 0.997866 0.991493 0.980960 0.966402 0.948002 0.925988 0.900630 0.872232 0.841129 0.807677 0.772249 0.735228 0.696998 0.657939 0.618422 0.578800 0.539408 0.500553 0.462517 0.425550 0.389869 0.355656 0.323063 0.292206 0.263170 0.236008 0.210748 0.187389 0.165909 0.146265 0.128397 0.112231 0.097683 0.084658 0.073057 0.062777 0.053714 0.045763 0.038823 0.032795 0.027585 0.023103 0.019267 0.016000 0.013230 0.010893 0.008931 0.007290 0.005926 0.004797 0.003866 0.003102 0.002479 0.001973 0.001563 0.001233 0.001000 0.001000 0.001000 0.001000 0.001000 0.001000 0.001000 0.001000 0.001000 0.001000 0.001000 0.001000 0.001000 0.001000 0.001000 0.001000 0.001000 0.001000 0.001000 0.001000 0.001000 0.001000 0.001000 0.001000 0.001000 0.001000 0.001000 0.001000 0.001000 0.001000 0.001000 0.001000 0.001000 0.001000 0.001000 0.001000 0.001000 0.001000 0.001000 0.001000 0.001233 0.001563 0.001973 0.002479 0.003102 0.003866 0.004797 0.005926 0.007290 0.008931 0.010893 0.013230 0.016000 0.019267 0.023103 0.027585 0.032795 0.038823 0.045763 0.053714 0.062777 0.073057 0.084658 0.097683 0.112231 0.128397 0.146265 0.165909 0.187389 0.210748 0.236008 0.263170 0.292206 0.323063 0.355656 0.389869 0.425550 0.462517 0.500553 0.539408 0.578800 0.618422 0.657939 0.696998 0.735228 0.772249 0.807677 0.841129 0.872232 0.900630 0.925988 0.948002 0.966402 0.980960 0.991493 0.997866 1.000000 0.997866 0.991493 0.980960 0.966402 0.948002 0.925988 0.900630 0.872232 0.841129 0.807677 0.772249 0.735228 0.696998 0.657939 0.618422 0.578800 0.539408 0.500553 0.462517 0.425550 0.389869 0.355656 0.323063 0.292206 0.263170 0.236008 0.210748 0.187389 0.165909 0.146265 0.128397 0.112231 0.097683 0.084658 0.073057 0.062777 0.053714 0.045763 0.038823 0.032795 0.027585 0.023103 0.019267 0.016000 0.013230 0.010893 0.008931 0.007290 0.005926 0.004797 0.003866
0.003866 0.004797 0.005926 0.007290 0.008931 0.010893 0.013230 0.016000 0.019267 0.023103 0.027585 0.032795 0.038823 0.045763 0.053714 0.062777 0.073057 0.084658 0.097683 0.112231 0.128397 0.146265 0.165909 0.187389 0.210748 0.236008 0.263170 0.292206 0.323063 0.355656 0.389869 0.425550 0.462517 0.500553 0.539408 0.578800 0.618422 0.657939 0.696998 0.735228 0.772249 0.807677 0.841129 0.872232 0.900630 0.925988 0.948002 0.966402 0.980960 0.991493 0.997866 1.000000 0.997866 0.991493 0.980960 0.966402 0.948002 0.925988 0.900630 0.872232 0.841129 0.807677 0.772249 0.735228 0.696998 0.657939 0.618422 0.578800 0.539408 0.500553 0.462517 0.425550 0.389869 0.355656 0.323063 0.292206 0.263170 0.236008 0.210748 0.187389 0.165909 0.146265 0.128397 0.112231 0.097683 0.084658 0.073057 0.062777 0.053714 0.045763 0.038823 0.032795 0.027585 0.023103 0.019267 0.016000 0.013230 0.010893 0.008931 0.007290 0.005926 0.004797 0.003866 0.003102 0.002479 0.001973 0.001563 0.001233 0.001000 0.001000 0.001000 0.001000 0.001000 0.001000 0.001000 0.001000 0.001000 0.001000 0.001000 0.001000 0.001000 0.001000 0.001000 0.001000 0.001000 0.001000 0.001000 0.001000 0.001000 0.001000 0.001000 0.001000 0.001000 0.001000 0.001000 0.001000 0.001000 0.001000 0.001000 0.001000 0.001000 0.001000 0.001000 0.001000 0.001000 0.001000 0.001000 0.001000 0.001233 0.001563 0.001973 0.002479 0.003102 0.003866 0.004797 0.005926 0.007290 0.008931 0.010893 0.013230 0.016000 0.019267 0.023103 0.027585 0.032795 0.038823 0.045763 0.053714 0.062777 0.073057 0.084658 0.097683 0.112231 0.128397 0.146265 0.165909 0.187389 0.210748 0.236008 0.263170 0.292206 0.323063 0.355656 0.389869 0.425550 0.462517 0.500553 0.539408 0.578800 0.618422 0.657939 0.696998 0.735228 0.772249 0.807677 0.841129 0.872232 0.900630 0.925988 0.948002 0.966402 0.980960 0.991493 0.997866 1.000000 0.997866 0.991493 0.980960 0.966402 0.948002 0.925988 0.900630 0.872232 0.841129 0.807677 0.772249 0.735228 0.696998 0.657939 0.618422 0.578800 0.539408 0.500553 0.462517 0.425550 0.389869 0.355656 0.323063 0.292206 0.263170 0.236008 0.210748 0.187389 0.165909 0.146265 0.128397 0.112231 0.097683 0.084658 0.073057 0.062777 0.053714 0.045763 0.038823 0.032795 0.027585 0.023103 0.019267 0.016000 0.013230 0.010893 0.008931 0.007290 0.005926 0.004797 0.003866
0.003866 0.004797 0.005926 0.007290 0.008931 0.010893 0.013230 0.016000 0.019267 0.023103 0.027585 0.032795 0.038823 0.045763 0.053714 0.062777 0.073057 0.084658 0.097683 0.112231 0.128397 0.146265 0.165909 0.187389 0.210748 0.236008 0.263170 0.292206 0.323063 0.355656 0.389869 0.425550 0.462517 0.500553 0.539408 0.578800 0.618422 0.657939 0.696998 0.735228 0.772249 0.807677 0.841129 0.872232 0.900630 0.925988 0.948002 0.966402 0.980960 0.991493 0.997866 1.000000 0.997866 0.991493 0.980960 0.966402 0.948002 0.925988 0.900630 0.872232 0.841129 0.807677 0.772249 0.735228 0.696998 0.657939 0.618422 0.578800 0.539408 0.500553 0.462517 0.425550 0.389869 0.355656 0.323063 0.292206 0.263170 0.236008 0.210748 0.187389 0.165909 0.146265 0.128397 0.112231 0.097683 0.084658 0.073057 0.062777 0.053714 0.045763 0.038823 0.032795 0.027585 0.023103 0.019267 0.016000 0.013230 0.010893 0.008931 0.007290 0.005926 0.004797 0.003866 0.003102 0.002479 0.001973 0.001563 0.001233 0.001000 0.001000 0.001000 0.001000 0.001000 0.001000 0.001000 0.001000 0.001000 0.001000 0.001000 0.001000 0.001000 0.001000 0.001000 0.001000 0.001000 0.001000 0.001000 0.001000 0.001000 0.001000 0.001000 0.001000 0.001000 0.001000 0.001000 0.001000 0.001000 0.001000 0.001000 0.001000 0.001000 0.001000 0.001000 0.001000 0.001000 0.001000 0.001000 0.001000 0.001233 0.001563 0.001973 0.002479 0.003102 0.003866 0.004797 0.005926 0.007290 0.008931 0.010893 0.013230 0.016000 0.019267 0.023103 0.027585 0.032795 0.038823 0.045763 0.053714 0.062777 0.073057 0.084658 0.097683 0.112231 0.128397 0.146265 0.165909 0.187389 0.210748 0.236008 0.263170 0.292206 0.323063 0.355656 0.389869 0.425550 0.462517 0.500553 0.539408 0.578800 0.618422 0.657939 0.696998 0.735228 0.772249 0.807677 0.841129 0.872232 0.900630 0.925988 0.948002 0.966402 0.980960 0.991493 0.997866 1.000000 0.997866 0.991493 0.980960 0.966402 0.948002 0.925988 0.900630 0.872232 0.841129 0.807677 0.772249 0.735228 0.696998 0.657939 0.618422 0.578800 0.539408 0.500553 0.462517 0.425550 0.389869 0.355656 0.323063 0.292206 0.263170 0.236008 0.210748 0.187389 0.165909 0.146265 0.128397 0.112231 0.097683 0.084658 0.073057 0.062777 0.053714 0.045763 0.038823 0.032795 0.027585 0.023103 0.019267 0.016000 0.013230 0.010893 0.008931 0.007290 0.005926 0.004797 0.003866
0.003866 0.004797 0.005926 0.007290 0.008931 0.010893 0.013230 0.016000 0.019267 0.023103 0.027585 0.032795 0.038823 0.045763 0.053714 0.062777 0.073057 0.084658 0.097683 0.112231 0.128397 0.146265 0.165909 0.187389 0.210748 0.236008 0.263170 0.292206 0.323063 0.355656 0.389869 0.425550 0.462517 0.500553 0.539408 0.578800 0.618422 0.657939 0.696998 0.735228 0.772249 0.807677 0.841129 0.872232 0.900630 0.925988 0.948002 0.966402 0.980960 0.991493 0.997866 1.000000 0.997866 0.991493 0.980960 0.966402 0.948002 0.925988 0.900630 0.872232 0.841129 0.807677 0.772249 0.735228 0.696998 0.657939 0.618422 0.578800 0.539408 0.500553 0.462517 0.425550 0.389869 0.355656 0.323063 0.292206 0.263170 0.236008 0.210748 0.187389 0.165909 0.146265 0.128397 0.112231 0.097683 0.084658 0.073057 0.062777 0.053714 0.045763 0.038823 0.032795 0.027585 0.023103 0.019267 0.016000 0.013230 0.010893 0.008931 0.007290 0.005926 0.004797 0.003866 0.003102 0.002479 0.001973 0.001563 0.001233 0.001000 0.001000 0.001000 0.001000 0.001000 0.001000 0.001000 0.001000 0.001000 0.001000 0.001000 0.001000 0.001000 0.001000 0.001000 0.001000 0.001000 0.001000 0.001000 0.001000 0.001000 0.001000 0.001000 0.001000 0.001000 0.001000 0.001000 0.001000 0.001000 0.001000 0.001000 0.001000 0.001000 0.001000 0.001000 0.001000 0.001000 0.001000 0.001000 0.001000 0.001233 0.001563 0.001973 0.002479 0.003102 0.003866 0.004797 0.005926 0.007290 0.008931 0.010893 0.013230 0.016000 0.019267 0.023103 0.027585 0.032795 0.038823 0.045763 0.053714 0.062777 0.073057 0.084658 0.097683 0.112231 0.128397 0.146265 0.165909 0.187389 0.210748 0.236008 0.263170 0.292206 0.323063 0.355656 0.389869 0.425550 0.462517 0.500553 0.539408 0.578800 0.618422 0.657939 0.696998 0.735228 0.772249 0.807677 0.841129 0.872232 0.900630 0.925988 0.948002 0.966402 0.980960 0.991493 0.997866 1.000000 0.997866 0.991493 0.980960 0.966402 0.948002 0.925988 0.900630 0.872232 0.841129 0.807677 0.772249 0.735228 0.696998 0.657939 0.618422 0.578800 0.539408 0.500553 0.462517 0.425550 0.389869 0.355656 0.323063 0.292206 0.263170 0.236008 0.210748 0.187389 0.165909 0.146265 0.128397 0.112231 0.097683 0.084658 0.073057 0.062777 0.053714 0.045763 0.038823 0.032795 0.027585 0.023103 0.019267 0.016000 0.013230 0.010893 0.008931 0.007290 0.005926 0.004797 0.003866
0.003866 0.004797 0.005926 0.007290 0.008931 0.010893 0.013230 0.016000 0.019267 0.023103 0.027585 0.032795 0.038823 0.045763 0.053714 0.062777 0.073057 0.084658 0.097683 0.112231 0.128397 0.146265 0.165909 0.187389 0.210748 0.236008 0.263170 0.292206 0.323063 0.355656 0.389869 0.425550 0.462517 0.500553 0.539408 0.578800 0.618422 0.657939 0.696998 0.735228 0.772249 0.807677 0.841129 0.872232 0.900630 0.925988 0.948002 0.966402 0.980960 0.991493 0.997866 1.000000 0.997866 0.991493 0.980960 0.966402 0.948002 0.925988 0.900630 0.872232 0.841129 0.807677 0.772249 0.735228 0.696998 0.657939 0.618422 0.578800 0.539408 0.500553 0.462517 0.425550 0.389869 0.355656 0.323063 0.292206 0.263170 0.236008 0.210748 0.187389 0.165909 0.146265 0.128397 0.112231 0.097683 0.084658 0.073057 0.062777 0.053714 0.045763 0.038823 0.032795 0.027585 0.023103 0.019267 0.016000 0.013230 0.010893 0.008931 0.007290 0.005926 0.004797 0.003866 0.003102 0.002479 0.001973 0.001563 0.001233 0.001000 0.001000 0.001000 0.001000 0.001000 0.001000 0.001000 0.001000 0.001000 0.001000 0.001000 0.001000 0.001000 0.001000 0.001000 0.001000 0.001000 0.001000 0.001000 0.001000 0.001000 0.001000 0.001000 0.001000 0.001000 0.001000 0.001000 0.001000 0.001000 0.001000 0.001000 0.001000 0.001000 0.001000 0.001000 0.001000 0.001000 0.001000 0.001000 0.001000 0.001233 0.001563 0.001973 0.002479 0.003102 0.003866 0.004797 0.005926 0.007290 0.008931 0.010893 0.013230 0.016000 0.019267 0.023103 0.027585 0.032795 0.038823 0.045763 0.053714 0.062777 0.073057 0.084658 0.097683 0.112231 0.128397 0.146265 0.165909 0.187389 0.210748 0.236008 0.263170 0.292206 0.323063 0.355656 0.389869 0.425550 0.462517 0.500553 0.539408 0.578800 0.618422 0.657939 0.696998 0.735228 0.772249 0.807677 0.841129 0.872232 0.900630 0.925988 0.948002 0.966402 0.980960 0.991493 0.997866 1.000000 0.997866 0.991493 0.980960 0.966402 0.948002 0.925988 0.900630 0.872232 0.841129 0.807677 0.772249 0.735228 0.696998 0.657939 0.618422 0.578800 0.539408 0.500553 0.462517 0.425550 0.389869 0.355656 0.323063 0.292206 0.263170 0.236008 0.210748 0.187389 0.165909 0.146265 0.128397 0.112231 0.097683 0.084658 0.073057 0.062777 0.053714 0.045763 0.038823 0.032795 0.027585 0.023103 0.019267 0.016000 0.013230 0.010893 0.008931 0.007290 0.005926 0.004797 0.003866
0.003866 0.004797 0.005926 0.007290 0.008931 0.010893 0.013230 0.016000 0.019267 0.023103 0.027585 0.032795 0.038823 0.045763 0.053714 0.062777 0.073057 0.084658 0.097683 0.112231 0.128397 0.146265 0.165909 0.187389 0.210748 0.236008 0.263170 0.292206 0.323063 0.355656 0.389869 0.425550 0.462517 0.500553 0.539408 0.578800 0.618422 0.657939 0.696998 0.735228 0.772249 0.807677 0.841129 0.872232 0.900630 0.925988 0.948002 0.966402 0.980960 0.991493 0.997866 1.000000 0.997866 0.991493 0.980960 0.966402 0.948002 0.925988 0.900630 0.872232 0.841129 0.807677 0.772249 0.735228 0.696998 0.657939 0.618422 0.578800 0.539408 0.500553 0.462517 0.425550 0.389869 0.355656 0.323063 0.292206 0.263170 0.236008 0.210748 0.187389 0.165909 0.146265 0.128397 0.112231 0.097683 0.084658 0.073057 0.062777 0.053714 0.045763 0.038823 0.032795 0.027585 0.023103 0.019267 0.016000 0.013230 0.010893 0.008931 0.007290 0.005926 0.004797 0.003866 0.003102 0.002479 0.001973 0.001563 0.001233 0.001000 0.001000 0.001000 0.001000 0.001000 0.001000 0.001000 0.001000 0.001000 0.001000 0.001000 0.001000 0.001000 0.001000 0.001000 0.001000 0.001000 0.001000 0.001000 0.001000 0.001000 0.001000 0.001000 0.001000 0.001000 0.001000 0.001000 0.001000 0.001000 0.001000 0.001000 0.001000 0.001000 0.001000 0.001000 0.001000 0.001000 0.001000 0.001000 0.001000 0.001233 0.001563 0.001973 0.002479 0.003102 0.003866 0.004797 0.005926 0.007290 0.008931 0.010893 0.013230 0.016000 0.019267 0.023103 0.027585 0.032795 0.038823 0.045763 0.053714 0.062777 0.073057 0.084658 0.097683 0.112231 0.128397 0.146265 0.165909 0.187389 0.210748 0.236008 0.263170 0.292206 0.323063 0.355656 0.389869 0.425550 0.462517 0.500553 0.539408 0.578800 0.618422 0.657939 0.696998 0.735228 0.772249 0.807677 0.841129 0.872232 0.900630 0.925988 0.948002 0.966402 0.980960 0.991493 0.997866 1.000000 0.997866 0.991493 0.980960 0.966402 0.948002 0.925988 0.900630 0.872232 0.841129 0.807677 0.772249 0.735228 0.696998 0.657939 0.618422 0.578800 0.539408 0.500553 0.462517 0.425550 0.389869 0.355656 0.323063 0.292206 0.263170 0.236008 0.210748 0.187389 0.165909 0.146265 0.128397 0.112231 0.097683 0.084658 0.073057 0.062777 0.053714 0.045763 0.038823 0.032795 0.027585 0.023103 0.019267 0.016000 0.013230 0.010893 0.008931 0.007290 0.005926 0.004797 0.003866
0.003866 0.004797 0.005926 0.007290 0.008931 0.010893 0.013230 0.016000 0.019267 0.023103 0.027585 0.032795 0.038823 0.045763 0.053714 0.062777 0.073057 0.084658 0.097683 0.112231 0.128397 0.146265 0.165909 0.187389 0.210748 0.236008 0.263170 0.292206 0.323063 0.355656 0.389869 0.425550 0.462517 0.500553 0.539408 0.578800 0.618422 0.657939 0.696998 0.735228 0.772249 0.807677 0.841129 0.872232 0.900630 0.925988 0.948002 0.966402 0.980960 0.991493 0.997866 1.000000 0.997866 0.991493 0.980960 0.966402 0.948002 0.925988 0.900630 0.872232 0.841129 0.807677 0.772249 0.735228 0.696998 0.657939 0.618422 0.578800 0.539408 0.500553 0.462517 0.425550 0.389869 0.355656 0.323063 0.292206 0.263170 0.236008 0.210748 0.187389 0.165909 0.146265 0.128397 0.112231 0.097683 0.084658 0.073057 0.062777 0.053714 0.045763 0.038823 0.032795 0.027585 0.023103 0.019267 0.016000 0.013230 0.010893 0.008931 0.007290 0.005926 0.004797 0.003866 0.003102 0.002479 0.001973 0.001563 0.001233 0.001000 0.001000 0.001000 0.001000 0.001000 0.001000 0.001000 0.001000 0.001000 0.001000 0.001000 0.001000 0.001000 0.001000 0.001000 0.001000 0.001000 0.001000 0.001000 0.001000 0.001000 0.001000 0.001000 0.001000 0.001000 0.001000 0.001000 0.001000 0.001000 0.001000 0.001000 0.001000 0.001000 0.001000 0.001000 0.001000 0.001000 0.001000 0.001000 0.001000 0.001233 0.001563 0.001973 0.002479 0.003102 0.003866 0.004797 0.005926 0.007290 0.008931 0.010893 0.013230 0.016000 0.019267 0.023103 0.027585 0.032795 0.038823 0.045763 0.053714 0.062777 0.073057 0.084658 0.097683 0.112231 0.128397 0.146265 0.165909 0.187389 0.210748 0.236008 0.263170 0.292206 0.323063 0.355656 0.389869 0.425550 0.462517 0.500553 0.539408 0.578800 0.618422 0.657939 0.696998 0.735228 0.772249 0.807677 0.841129 0.872232 0.900630 0.925988 0.948002 0.966402 0.980960 0.991493 0.997866 1.000000 0.997866 0.991493 0.980960 0.966402 0.948002 0.925988 0.900630 0.872232 0.841129 0.807677 0.772249 0.735228 0.696998 0.657939 0.618422 0.578800 0.539408 0.500553 0.462517 0.425550 0.389869 0.355656 0.323063 0.292206 0.263170 0.236008 0.210748 0.187389 0.165909 0.146265 0.128397 0.112231 0.097683 0.084658 0.073057 0.062777 0.053714 0.045763 0.038823 0.032795 0.027585 0.023103 0.019267 0.016000 0.013230 0.010893 0.008931 0.007290 0.005926 0.004797 0.003866
0.003866 0.004797 0.005926 0.007290 0.008931 0.010893 0.013230 0.016000 0.019267 0.023103 0.027585 0.032795 0.038823 0.045763 0.053714 0.062777 0.073057 0.084658 0.097683 0.112231 0.128397 0.146265 0.165909 0.187389 0.210748 0.236008 0.263170 0.292206 0.323063 0.355656 0.389869 0.425550 0.462517 0.500553 0.539408 0.578800 0.618422 0.657939 0.696998 0.735228 0.772249 0.807677 0.841129 0.872232 0.900630 0.925988 0.948002 0.966402 0.980960 0.991493 0.997866 1.000000 0.997866 0.991493 0.980960 0.966402 0.948002 0.925988 0.900630 0.872232 0.841129 0.807677 0.772249 0.735228 0.696998 0.657939 0.618422 0.578800 0.539408 0.500553 0.462517 0.425550 0.389869 0.355656 0.323063 0.292206 0.263170 0.236008 0.210748 0.187389 0.165909 0.146265 0.128397 0.112231 0.097683 0.084658 0.073057 0.062777 0.053714 0.045763 0.038823 0.032795 0.027585 0.023103 0.019267 0.016000 0.013230 0.010893 0.008931 0.007290 0.005926 0.004797 0.003866 0.003102 0.002479 0.001973 0.001563 0.001233 0.001000 0.001000 0.001000 0.001000 0.001000 0.001000 0.001000 0.001000 0.001000 0.001000 0.001000 0.001000 0.001000 0.001000 0.001000 0.001000 0.001000 0.001000 0.001000 0.001000 0.001000 0.001000 0.001000 0.001000 0.001000 0.001000 0.001000 0.001000 0.001000 0.001000 0.001000 0.001000 0.001000 0.001000 0.001000 0.001000 0.001000 0.001000 0.001000 0.001000 0.001233 0.001563 0.001973 0.002479 0.003102 0.003866 0.004797 0.005926 0.007290 0.008931 0.010893 0.013230 0.016000 0.019267 0.023103 0.027585 0.032795 0.038823 0.045763 0.053714 0.062777 0.073057 0.084658 0.097683 0.112231 0.128397 0.146265 0.165909 0.187389 0.210748 0.236008 0.263170 0.292206 0.323063 0.355656 0.389869 0.425550 0.462517 0.500553 0.539408 0.578800 0.618422 0.657939 0.696998 0.735228 0.772249 0.807677 0.841129 0.872232 0.900630 0.925988 0.948002 0.966402 0.980960 0.991493 0.997866 1.000000 0.997866 0.991493 0.980960 0.966402 0.948002 0.925988 0.900630 0.872232 0.841129 0.807677 0.772249 0.735228 0.696998 0.657939 0.618422 0.578800 0.539408 0.500553 0.462517 0.425550 0.389869 0.355656 0.323063 0.292206 0.263170 0.236008 0.210748 0.187389 0.165909 0.146265 0.128397 0.112231 0.097683 0.084658 0.073057 0.062777 0.053714 0.045763 0.038823 0.032795 0.027585 0.023103 0.019267 0.016000 0.013230 0.010893 0.008931 0.007290 0.005926 0.004797 0.003866
0.003866 0.004797 0.005926 0.007290 0.008931 0.010893 0.013230 0.016000 0.019267 0.023103 0.027585 0.032795 0.038823 0.045763 0.053714 0.062777 0.073057 0.084658 0.097683 0.112231 0.128397 0.146265 0.165909 0.187389 0.210748 0.236008 0.263170 0.292206 0.323063 0.355656 0.389869 0.425550 0.462517 0.500553 0.539408 0.578800 0.618422 0.657939 0.696998 0.735228 0.772249 0.807677 0.841129 0.872232 0.900630 0.925988 0.948002 0.966402 0.980960 0.991493 0.997866 1.000000 0.997866 0.991493 0.980960 0.966402 0.948002 0.925988 0.900630 0.872232 0.841129 0.807677 0.772249 0.735228 0.696998 0.657939 0.618422 0.578800 0.539408 0.500553 0.462517 0.425550 0.389869 0.355656 0.323063 0.292206 0.263170 0.236008 0.210748 0.187389 0.165909 0.146265 0.128397 0.112231 0.097683 0.084658 0.073057 0.062777 0.053714 0.045763 0.038823 0.032795 0.027585 0.023103 0.019267 0.016000 0.013230 0.010893 0.008931 0.007290 0.005926 0.004797 0.003866 0.003102 0.002479 0.001973 0.001563 0.001233 0.001000 0.001000 0.001000 0.001000 0.001000 0.001000 0.001000 0.001000 0.001000 0.001000 0.001000 0.001000 0.001000 0.001000 0.001000 0.001000 0.001000 0.001000 0.001000 0.001000 0.001000 0.001000 0.001000 0.001000 0.001000 0.001000 0.001000 0.001000 0.001000 0.001000 0.001000 0.001000 0.001000 0.001000 0.001000 0.001000 0.001000 0.001000 0.001000 0.001000 0.001233 0.001563 0.001973 0.002479 0.003102 0.003866 0.004797 0.005926 0.007290 0.008931 0.010893 0.013230 0.016000 0.019267 0.023103 0.027585 0.032795 0.038823 0.045763 0.053714 0.062777 0.073057 0.084658 0.097683 0.112231 0.128397 0.146265 0.165909 0.187389 0.210748 0.236008 0.263170 0.292206 0.323063 0.355656 0.389869 0.425550 0.462517 0.500553 0.539408 0.578800 0.618422 0.657939 0.696998 0.735228 0.772249 0.807677 0.841129 0.872232 0.900630 0.925988 0.948002 0.966402 0.980960 0.991493 0.997866 1.000000 0.997866 0.991493 0.980960 0.966402 0.948002 0.925988 0.900630 0.872232 0.841129 0.807677 0.772249 0.735228 0.696998 0.657939 0.618422 0.578800 0.539408 0.500553 0.462517 0.425550 0.389869 0.355656 0.323063 0.292206 0.263170 0.236008 0.210748 0.187389 0.165909 0.146265 0.128397 0.112231 0.097683 0.084658 0.073057 0.062777 0.053714 0.045763 0.038823 0.032795 0.027585 0.023103 0.019267 0.016000 0.013230 0.010893 0.008931 0.007290 0.005926 0.004797 0.003866
0.003866 0.004797 0.005926 0.007290 0.008931 0.010893 0.013230 0.016000 0.019267 0.023103 0.027585 0.032795 0.038823 0.045763 0.053714 0.062777 0.073057 0.084658 0.097683 0.112231 0.128397 0.146265 0.165909 0.187389 0.210748 0.236008 0.263170 0.292206 0.323063 0.355656 0.389869 0.425550 0.462517 0.500553 0.539408 0.578800 0.618422 0.657939 0.696998 0.735228 0.772249 0.807677 0.841129 0.872232 0.900630 0.925988 0.948002 0.966402 0.980960 0.991493 0.997866 1.000000 0.997866 0.991493 0.980960 0.966402 0.948002 0.925988 0.900630 0.872232 0.841129 0.807677 0.772249 0.735228 0.696998 0.657939 0.618422 0.578800 0.539408 0.500553 0.462517 0.425550 0.389869 0.355656 0.323063 0.292206 0.263170 0.236008 0.210748 0.187389 0.165909 0.146265 0.128397 0.112231 0.097683 0.084658 0.073057 0.062777 0.053714 0.045763 0.038823 0.032795 0.027585 0.023103 0.019267 0.016000 0.013230 0.010893 0.008931 0.007290 0.005926 0.004797 0.003866 0.003102 0.002479 0.001973 0.001563 0.001233 0.001000 0.001000 0.001000 0.001000 0.001000 0.001000 0.001000 0.001000 0.001000 0.001000 0.001000 0.001000 0.001000 0.001000 0.001000 0.001000 0.001000 0.001000 0.001000 0.001000 0.001000 0.001000 0.001000 0.001000 0.001000 0.001000 0.001000 0.001000 0.001000 0.001000 0.001000 0.001000 0.001000 0.001000 0.001000 0.001000 0.001000 0.001000 0.001000 0.001000 0.001233 0.001563 0.001973 0.002479 0.003102 0.003866 0.004797 0.005926 0.007290 0.008931 0.010893 0.013230 0.016000 0.019267 0.023103 0.027585 0.032795 0.038823 0.045763 0.053714 0.062777 0.073057 0.084658 0.097683 0.112231 0.128397 0.146265 0.165909 0.187389 0.210748 0.236008 0.263170 0.292206 0.323063 0.355656 0.389869 0.425550 0.462517 0.500553 0.539408 0.578800 0.618422 0.657939 0.696998 0.735228 0.772249 0.807677 0.841129 0.872232 0.900630 0.925988 0.948002 0.966402 0.980960 0.991493 0.997866 1.000000 0.997866 0.991493 0.980960 0.966402 0.948002 0.925988 0.900630 0.872232 0.841129 0.807677 0.772249 0.735228 0.696998 0.657939 0.618422 0.578800 0.539408 0.500553 0.462517 0.425550 0.389869 0.355656 0.323063 0.292206 0.263170 0.236008 0.210748 0.187389 0.165909 0.146265 0.128397 0.112231 0.097683 0.084658 0.073057 0.062777 0.053714 0.045763 0.038823 0.032795 0.027585 0.023103 0.019267 0.016000 0.013230 0.010893 0.008931 0.007290 0.005926 0.004797 0.003866
0.003866 0.004797 0.005926 0.007290 0.008931 0.010893 0.013230 0.016000 0.019267 0.023103 0.027585 0.032795 0.038823 0.045763 0.053714 0.062777 0.073057 0.084658 0.097683 0.112231 0.128397 0.146265 0.165909 0.187389 0.210748 0.236008 0.263170 0.292206 0.323063 0.355656 0.389869 0.425550 0.462517 0.500553 0.539408 0.578800 0.618422 0.657939 0.696998 0.735228 0.772249 0.807677 0.841129 0.872232 0.900630 0.925988 0.948002 0.966402 0.980960 0.991493 0.997866 1.000000 0.997866 0.991493 0.980960 0.966402 0.948002 0.925988 0.900630 0.872232 0.841129 0.807677 0.772249 0.735228 0.696998 0.657939 0.618422 0.578800 0.539408 0.500553 0.462517 0.425550 0.389869 0.355656 0.323063 0.292206 0.263170 0.236008 0.210748 0.187389 0.165909 0.146265 0.128397 0.112231 0.097683 0.084658 0.073057 0.062777 0.053714 0.045763 0.038823 0.032795 0.027585 0.023103 0.019267 0.016000 0.013230 0.010893 0.008931 0.007290 0.005926 0.004797 0.003866 0.003102 0.002479 0.001973 0.001563 0.001233 0.001000 0.001000 0.001000 0.001000 0.001000 0.001000 0.001000 0.001000 0.001000 0.001000 0.001000 0.001000 0.001000 0.001000 0.001000 0.001000 0.001000 0.001000 0.001000 0.001000 0.001000 0.001000 0.001000 0.001000 0.001000 0.001000 0.001000 0.001000 0.001000 0.001000 0.001000 0.001000 0.001000 0.001000 0.001000 0.001000 0.001000 0.001000 0.001000 0.001000 0.001233 0.001563 0.001973 0.002479 0.003102 0.003866 0.004797 0.005926 0.007290 0.008931 0.010893 0.013230 0.016000 0.019267 0.023103 0.027585 0.032795 0.038823 0.045763 0.053714 0.062777 0.073057 0.084658 0.097683 0.112231 0.128397 0.146265 0.165909 0.187389 0.210748 0.236008 0.263170 0.292206 0.323063 0.355656 0.389869 0.425550 0.462517 0.500553 0.539408 0.578800 0.618422 0.657939 0.696998 0.735228 0.772249 0.807677 0.841129 0.872232 0.900630 0.925988 0.948002 0.966402 0.980960 0.991493 0.997866 1.000000 0.997866 0.991493 0.980960 0.966402 0.948002 0.925988 0.900630 0.872232 0.841129 0.807677 0.772249 0.735228 0.696998 0.657939 0.618422 0.578800 0.539408 0.500553 0.462517 0.425550 0.389869 0.355656 0.323063 0.292206 0.263170 0.236008 0.210748 0.187389 0.165909 0.146265 0.128397 0.112231 0.097683 0.084658 0.073057 0.062777 0.053714 0.045763 0.038823 0.032795 0.027585 0.023103 0.019267 0.016000 0.013230 0.010893 0.008931 0.007290 0.005926 0.004797 0.003866
0.003866 0.004797 0.005926 0.007290 0.008931 0.010893 0.013230 0.016000 0.019267 0.023103 0.027585 0.032795 0.038823 0.045763 0.053714 0.062777 0.073057 0.084658 0.097683 0.112231 0.128397 0.146265 0.165909 0.187389 0.210748 0.236008 0.263170 0.292206 0.323063 0.355656 0.389869 0.425550 0.462517 0.500553 0.539408 0.578800 0.618422 0.657939 0.696998 0.735228 0.772249 0.807677 0.841129 0.872232 0.900630 0.925988 0.948002 0.966402 0.980960 0.991493 0.997866 1.000000 0.997866 0.991493 0.980960 0.966402 0.948002 0.925988 0.900630 0.872232 0.841129 0.807677 0.772249 0.735228 0.696998 0.657939 0.618422 0.578800 0.539408 0.500553 0.462517 0.425550 0.389869 0.355656 0.323063 0.292206 0.263170 0.236008 0.210748 0.187389 0.165909 0.146265 0.128397 0.112231 0.097683 0.084658 0.073057 0.062777 0.053714 0.045763 0.038823 0.032795 0.027585 0.023103 0.019267 0.016000 0.013230 0.010893 0.008931 0.007290 0.005926 0.004797 0.003866 0.003102 0.002479 0.001973 0.001563 0.001233 0.001000 0.001000 0.001000 0.001000 0.001000 0.001000 0.001000 0.001000 0.001000 0.001000 0.001000 0.001000 0.001000 0.001000 0.001000 0.001000 0.001000 0.001000 0.001000 0.001000 0.001000 0.001000 0.001000 0.001000 0.001000 0.001000 0.001000 0.001000 0.001000 0.001000 0.001000 0.001000 0.001000 0.001000 0.001000 0.001000 0.001000 0.001000 0.001000 0.001000 0.001233 0.001563 0.001973 0.002479 0.003102 0.003866 0.004797 0.005926 0.007290 0.008931 0.010893 0.013230 0.016000 0.019267 0.023103 0.027585 0.032795 0.038823 0.045763 0.053714 0.062777 0.073057 0.084658 0.097683 0.112231 0.128397 0.146265 0.165909 0.187389 0.210748 0.236008 0.263170 0.292206 0.323063 0.355656 0.389869 0.425550 0.462517 0.500553 0.539408 0.578800 0.618422 0.657939 0.696998 0.735228 0.772249 0.807677 0.841129 0.872232 0.900630 0.925988 0.948002 0.966402 0.980960 0.991493 0.997866 1.000000 0.997866 0.991493 0.980960 0.966402 0.948002 0.925988 0.900630 0.872232 0.841129 0.807677 0.772249 0.735228 0.696998 0.657939 0.618422 0.578800 0.539408 0.500553 0.462517 0.425550 0.389869 0.355656 0.323063 0.292206 0.263170 0.236008 0.210748 0.187389 0.165909 0.146265 0.128397 0.112231 0.097683 0.084658 0.073057 0.062777 0.053714 0.045763 0.038823 0.032795 0.027585 0.023103 0.019267 0.016000 0.013230 0.010893 0.008931 0.007290 0.005926 0.004797 0.003866
0.003866 0.004797 0.005926 0.007290 0.008931 0.010893 0.013230 0.016000 0.019267 0.023103 0.027585 0.032795 0.038823 0.045763 0.053714 0.062777 0.073057 0.084658 0.097683 0.112231 0.128397 0.146265 0.165909 0.187389 0.210748 0.236008 0.263170 0.292206 0.323063 0.355656 0.389869 0.425550 0.462517 0.500553 0.539408 0.578800 0.618422 0.657939 0.696998 0.735228 0.772249 0.807677 0.841129 0.872232 0.900630 0.925988 0.948002 0.966402 0.980960 0.991493 0.997866 1.000000 0.997866 0.991493 0.980960 0.966402 0.948002 0.925988 0.900630 0.872232 0.841129 0.807677 0.772249 0.735228 0.696998 0.657939 0.618422 0.578800 0.539408 0.500553 0.462517 0.425550 0.389869 0.355656 0.323063 0.292206 0.263170 0.236008 0.210748 0.187389 0.165909 0.146265 0.128397 0.112231 0.097683 0.084658 0.073057 0.062777 0.053714 0.045763 0.038823 0.032795 0.027585 0.023103 0.019267 0.016000 0.013230 0.010893 0.008931 0.007290 0.005926 0.004797 0.003866 0.003102 0.002479 0.001973 0.001563 0.001233 0.001000 0.001000 0.001000 0.001000 0.001000 0.001000 0.001000 0.001000 0.001000 0.001000 0.001000 0.001000 0.001000 0.001000 0.001000 0.001000 0.001000 0.001000 0.001000 0.001000 0.001000 0.001000 0.001000 0.001000 0.001000 0.001000 0.001000 0.001000 0.001000 0.001000 0.001000 0.001000 0.001000 0.001000 0.001000 0.001000 0.001000 0.001000 0.001000 0.001000 0.001233 0.001563 0.001973 0.002479 0.003102 0.003866 0.004797 0.005926 0.007290 0.008931 0.010893 0.013230 0.016000 0.019267 0.023103 0.027585 0.032795 0.038823 0.045763 0.053714 0.062777 0.073057 0.084658 0.097683 0.112231 0.128397 0.146265 0.165909 0.187389 0.210748 0.236008 0.263170 0.292206 0.323063 0.355656 0.389869 0.425550 0.462517 0.500553 0.539408 0.578800 0.618422 0.657939 0.696998 0.735228 0.772249 0.807677 0.841129 0.872232 0.900630 0.925988 0.948002 0.966402 0.980960 0.991493 0.997866 1.000000 0.997866 0.991493 0.980960 0.966402 0.948002 0.925988 0.900630 0.872232 0.841129 0.807677 0.772249 0.735228 0.696998 0.657939 0.618422 0.578800 0.539408 0.500553 0.462517 0.425550 0.389869 0.355656 0.323063 0.292206 0.263170 0.236008 0.210748 0.187389 0.165909 0.146265 0.128397 0.112231 0.097683 0.084658 0.073057 0.062777 0.053714 0.045763 0.038823 0.032795 0.027585 0.023103 0.019267 0.016000 0.013230 0.010893 0.008931 0.007290 0.005926 0.004797 0.003866
0.003866 0.004797 0.005926 0.007290 0.008931 0.010893 0.013230 0.016000 0.019267 0.023103 0.027585 0.032795 0.038823 0.045763 0.053714 0.062777 0.073057 0.084658 0.097683 0.112231 0.128397 0.146265 0.165909 0.187389 0.210748 0.236008 0.263170 0.292206 0.323063 0.355656 0.389869 0.425550 0.462517 0.500553 0.539408 0.578800 0.618422 0.657939 0.696998 0.735228 0.772249 0.807677 0.841129 0.872232 0.900630 0.925988 0.948002 0.966402 0.980960 0.991493 0.997866 1.000000 0.997866 0.991493 0.980960 0.966402 0.948002 0.925988 0.900630 0.872232 0.841129 0.807677 0.772249 0.735228 0.696998 0.657939 0.618422 0.578800 0.539408 0.500553 0.462517 0.425550 0.389869 0.355656 0.323063 0.292206 0.263170 0.236008 0.210748 0.187389 0.165909 0.146265 0.128397 0.112231 0.097683 0.084658 0.073057 0.062777 0.053714 0.045763 0.038823 0.032795 0.027585 0.023103 0.019267 0.016000 0.013230 0.010893 0.008931 0.007290 0.005926 0.004797 0.003866 0.003102 0.002479 0.001973 0.001563 0.001233 0.001000 0.001000 0.001000 0.001000 0.001000 0.001000 0.001000 0.001000 0.001000 0.001000 0.001000 0.001000 0.001000 0.001000 0.001000 0.001000 0.001000 0.001000 0.001000 0.001000 0.001000 0.001000 0.001000 0.001000 0.001000 0.001000 0.001000 0.001000 0.001000 0.001000 0.001000 0.001000 0.001000 0.001000 0.001000 0.001000 0.001000 0.001000 0.001000 0.001000 0.001233 0.001563 0.001973 0.002479 0.003102 0.003866 0.004797 0.005926 0.007290 0.008931 0.010893 0.013230 0.016000 0.019267 0.023103 0.027585 0.032795 0.038823 0.045763 0.053714 0.062777 0.073057 0.084658 0.097683 0.112231 0.128397 0.146265 0.165909 0.187389 0.210748 0.236008 0.263170 0.292206 0.323063 0.355656 0.389869 0.425550 0.462517 0.500553 0.539408 0.578800 0.618422 0.657939 0.696998 0.735228 0.772249 0.807677 0.841129 0.872232 0.900630 0.925988 0.948002 0.966402 0.980960 0.991493 0.997866 1.000000 0.997866 0.991493 0.980960 0.966402 0.948002 0.925988 0.900630 0.872232 0.841129 0.807677 0.772249 0.735228 0.696998 0.657939 0.618422 0.578800 0.539408 0.500553 0.462517 0.425550 0.389869 0.355656 0.323063 0.292206 0.263170 0.236008 0.210748 0.187389 0.165909 0.146265 0.128397 0.112231 0.097683 0.084658 0.073057 0.062777 0.053714 0.045763 0.038823 0.032795 0.027585 0.023103 0.019267 0.016000 0.013230 0.010893 0.008931 0.007290 0.005926 0.004797 0.003866
0.003866 0.004797 0.005926 0.007290 0.008931 0.010893 0.013230 0.016000 0.019267 0.023103 0.027585 0.032795 0.038823 0.045763 0.053714 0.062777 0.073057 0.084658 0.097683 0.112231 0.128397 0.146265 0.165909 0.187389 0.210748 0.236008 0.263170 0.292206 0.323063 0.355656 0.389869 0.425550 0.462517 0.500553 0.539408 0.578800 0.618422 0.657939 0.696998 0.735228 0.772249 0.807677 0.841129 0.872232 0.900630 0.925988 0.948002 0.966402 0.980960 0.991493 0.997866 1.000000 0.997866 0.991493 0.980960 0.966402 0.948002 0.925988 0.900630 0.872232 0.841129 0.807677 0.772249 0.735228 0.696998 0.657939 0.618422 0.578800 0.539408 0.500553 0.462517 0.425550 0.389869 0.355656 0.323063 0.292206 0.263170 0.236008 0.210748 0.187389 0.165909 0.146265 0.128397 0.112231 0.097683 0.084658 0.073057 0.062777 0.053714 0.045763 0.038823 0.032795 0.027585 0.023103 0.019267 0.016000 0.013230 0.010893 0.008931 0.007290 0.005926 0.004797 0.003866 0.003102 0.002479 0.001973 0.001563 0.001233 0.001000 0.001000 0.001000 0.001000 0.001000 0.001000 0.001000 0.001000 0.001000 0.001000 0.001000 0.001000 0.001000 0.001000 0.001000 0.001000 0.001000 0.001000 0.001000 0.001000 0.001000 0.001000 0.001000 0.001000 0.001000 0.001000 0.001000 0.001000 0.001000 0.001000 0.001000 0.001000 0.001000 0.001000 0.001000 0.001000 0.001000 0.001000 0.001000 0.001000 0.001233 0.001563 0.001973 0.002479 0.003102 0.003866 0.004797 0.005926 0.007290 0.008931 0.010893 0.013230 0.016000 0.019267 0.023103 0.027585 0.032795 0.038823 0.045763 0.053714 0.062777 0.073057 0.084658 0.097683 0.112231 0.128397 0.146265 0.165909 0.187389 0.210748 0.236008 0.263170 0.292206 0.323063 0.355656 0.389869 0.425550 0.462517 0.500553 0.539408 0.578800 0.618422 0.657939 0.696998 0.735228 0.772249 0.807677 0.841129 0.872232 0.900630 0.925988 0.948002 0.966402 0.980960 0.991493 0.997866 1.000000 0.997866 0.991493 0.980960 0.966402 0.948002 0.925988 0.900630 0.872232 0.841129 0.807677 0.772249 0.735228 0.696998 0.657939 0.618422 0.578800 0.539408 0.500553 0.462517 0.425550 0.389869 0.355656 0.323063 0.292206 0.263170 0.236008 0.210748 0.187389 0.165909 0.146265 0.128397 0.112231 0.097683 0.084658 0.073057 0.062777 0.053714 0.045763 0.038823 0.032795 0.027585 0.023103 0.019267 0.016000 0.013230 0.010893 0.008931 0.007290 0.005926 0.004797 0.003866
0.003866 0.004797 0.005926 0.007290 0.008931 0.010893 0.013230 0.016000 0.019267 0.023103 0.027585 0.032795 0.038823 0.045763 0.053714 0.062777 0.073057 0.084658 0.097683 0.112231 0.128397 0.146265 0.165909 0.187389 0.210748 0.236008 0.263170 0.292206 0.323063 0.355656 0.389869 0.425550 0.462517 0.500553 0.539408 0.578800 0.618422 0.657939 0.696998 0.735228 0.772249 0.807677 0.841129 0.872232 0.900630 0.925988 0.948002 0.966402 0.980960 0.991493 0.997866 1.000000 0.997866 0.991493 0.980960 0.966402 0.948002 0.925988 0.900630 0.872232 0.841129 0.807677 0.772249 0.735228 0.696998 0.657939 0.618422 0.578800 0.539408 0.500553 0.462517 0.425550 0.389869 0.355656 0.323063 0.292206 0.263170 0.236008 0.210748 0.187389 0.165909 0.146265 0.128397 0.112231 0.097683 0.084658 0.073057 0.062777 0.053714 0.045763 0.038823 0.032795 0.027585 0.023103 0.019267 0.016000 0.013230 0.010893 0.008931 0.007290 0.005926 0.004797 0.003866 0.003102 0.002479 0.001973 0.001563 0.001233 0.001000 0.001000 0.001000 0.001000 0.001000 0.001000 0.001000 0.001000 0.001000 0.001000 0.001000 0.001000 0.001000 0.001000 0.001000 0.001000 0.001000 0.001000 0.001000 0.001000 0.001000 0.001000 0.001000 0.001000 0.001000 0.001000 0.001000 0.001000 0.001000 0.001000 0.001000 0.001000 0.001000 0.001000 0.001000 0.001000 0.001000 0.001000 0.001000 0.001000 0.001233 0.001563 0.001973 0.002479 0.003102 0.003866 0.004797 0.005926 0.007290 0.008931 0.010893 0.013230 0.016000 0.019267 0.023103 0.027585 0.032795 0.038823 0.045763 0.053714 0.062777 0.073057 0.084658 0.097683 0.112231 0.128397 0.146265 0.165909 0.187389 0.210748 0.236008 0.263170 0.292206 0.323063 0.355656 0.389869 0.425550 0.462517 0.500553 0.539408 0.578800 0.618422 0.657939 0.696998 0.735228 0.772249 0.807677 0.841129 0.872232 0.900630 0.925988 0.948002 0.966402 0.980960 0.991493 0.997866 1.000000 0.997866 0.991493 0.980960 0.966402 0.948002 0.925988 0.900630 0.872232 0.841129 0.807677 0.772249 0.735228 0.696998 0.657939 0.618422 0.578800 0.539408 0.500553 0.462517 0.425550 0.389869 0.355656 0.323063 0.292206 0.263170 0.236008 0.210748 0.187389 0.165909 0.146265 0.128397 0.112231 0.097683 0.084658 0.073057 0.062777 0.053714 0.045763 0.038823 0.032795 0.027585 0.023103 0.019267 0.016000 0.013230 0.010893 0.008931 0.007290 0.005926 0.004797 0.003866
0.003866 0.004797 0.005926 0.007290 0.008931 0.010893 0.013230 0.016000 0.019267 0.023103 0.027585 0.032795 0.038823 0.045763 0.053714 0.062777 0.073057 0.084658 0.097683 0.112231 0.128397 0.146265 0.165909 0.187389 0.210748 0.236008 0.263170 0.292206 0.323063 0.355656 0.389869 0.425550 0.462517 0.500553 0.539408 0.578800 0.618422 0.657939 0.696998 0.735228 0.772249 0.807677 0.841129 0.872232 0.900630 0.925988 0.948002 0.966402 0.980960 0.991493 0.997866 1.000000 0.997866 0.991493 0.980960 0.966402 0.948002 0.925988 0.900630 0.872232 0.841129 0.807677 0.772249 0.735228 0.696998 0.657939 0.618422 0.578800 0.539408 0.500553 0.462517 0.425550 0.389869 0.355656 0.323063 0.292206 0.263170 0.236008 0.210748 0.187389 0.165909 0.146265 0.128397 0.112231 0.097683 0.084658 0.073057 0.062777 0.053714 0.045763 0.038823 0.032795 0.027585 0.023103 0.019267 0.016000 0.013230 0.010893 0.008931 0.007290 0.005926 0.004797 0.003866 0.003102 0.002479 0.001973 0.001563 0.001233 0.001000 0.001000 0.001000 0.001000 0.001000 0.001000 0.001000 0.001000 0.001000 0.001000 0.001000 0.001000 0.001000 0.001000 0.001000 0.001000 0.001000 0.001000 0.001000 0.001000 0.001000 0.001000 0.001000 0.001000 0.001000 0.001000 0.001000 0.001000 0.001000 0.001000 0.001000 0.001000 0.001000 0.001000 0.001000 0.001000 0.001000 0.001000 0.001000 0.001000 0.001233 0.001563 0.001973 0.002479 0.003102 0.003866 0.004797 0.005926 0.007290 0.008931 0.010893 0.013230 0.016000 0.019267 0.023103 0.027585 0.032795 0.038823 0.045763 0.053714 0.062777 0.073057 0.084658 0.097683 0.112231 0.128397 0.146265 0.165909 0.187389 0.210748 0.236008 0.263170 0.292206 0.323063 0.355656 0.389869 0.425550 0.462517 0.500553 0.539408 0.578800 0.618422 0.657939 0.696998 0.735228 0.772249 0.807677 0.841129 0.872232 0.900630 0.925988 0.948002 0.966402 0.980960 0.991493 0.997866 1.000000 0.997866 0.991493 0.980960 0.966402 0.948002 0.925988 0.900630 0.872232 0.841129 0.807677 0.772249 0.735228 0.696998 0.657939 0.618422 0.578800 0.539408 0.500553 0.462517 0.425550 0.389869 0.355656 0.323063 0.292206 0.263170 0.236008 0.210748 0.187389 0.165909 0.146265 0.128397 0.112231 0.097683 0.084658 0.073057 0.062777 0.053714 0.045763 0.038823 0.032795 0.027585 0.023103 0.019267 0.016000 0.013230 0.010893 0.008931 0.007290 0.005926 0.004797 0.003866
0.003866 0.004797 0.005926 0.007290 0.008931 0.010893 0.013230 0.016000 0.019267 0.023103 0.027585 0.032795 0.038823 0.045763 0.053714 0.062777 0.073057 0.084658 0.097683 0.112231 0.128397 0.146265 0.165909 0.187389 0.210748 0.236008 0.263170 0.292206 0.323063 0.355656 0.389869 0.425550 0.462517 0.500553 0.539408 0.578800 0.618422 0.657939 0.696998 0.735228 0.772249 0.807677 0.841129 0.872232 0.900630 0.925988 0.948002 0.966402 0.980960 0.991493 0.997866 1.000000 0.997866 0.991493 0.980960 0.966402 0.948002 0.925988 0.900630 0.872232 0.841129 0.807677 0.772249 0.735228 0.696998 0.657939 0.618422 0.578800 0.539408 0.500553 0.462517 0.425550 0.389869 0.355656 0.323063 0.292206 0.263170 0.236008 0.210748 0.187389 0.165909 0.146265 0.128397 0.112231 0.097683 0.084658 0.073057 0.062777 0.053714 0.045763 0.038823 0.032795 0.027585 0.023103 0.019267 0.016000 0.013230 0.010893 0.008931 0.007290 0.005926 0.004797 0.003866 0.003102 0.002479 0.001973 0.001563 0.001233 0.001000 0.001000 0.001000 0.001000 0.001000 0.001000 0.001000 0.001000 0.001000 0.001000 0.001000 0.001000 0.001000 0.001000 0.001000 0.001000 0.001000 0.001000 0.001000 0.001000 0.001000 0.001000 0.001000 0.001000 0.001000 0.001000 0.001000 0.001000 0.001000 0.001000 0.001000 0.001000 0.001000 0.001000 0.001000 0.001000 0.001000 0.001000 0.001000 0.001000 0.001233 0.001563 0.001973 0.002479 0.003102 0.003866 0.004797 0.005926 0.007290 0.008931 0.010893 0.013230 0.016000 0.019267 0.023103 0.027585 0.032795 0.038823 0.045763 0.053714 0.062777 0.073057 0.084658 0.097683 0.112231 0.128397 0.146265 0.165909 0.187389 0.210748 0.236008 0.263170 0.292206 0.323063 0.355656 0.389869 0.425550 0.462517 0.500553 0.539408 0.578800 0.618422 0.657939 0.696998 0.735228 0.772249 0.807677 0.841129 0.872232 0.900630 0.925988 0.948002 0.966402 0.980960 0.991493 0.997866 1.000000 0.997866 0.991493 0.980960 0.966402 0.948002 0.925988 0.900630 0.872232 0.841129 0.807677 0.772249 0.735228 0.696998 0.657939 0.618422 0.578800 0.539408 0.500553 0.462517 0.425550 0.389869 0.355656 0.323063 0.292206 0.263170 0.236008 0.210748 0.187389 0.165909 0.146265 0.128397 0.112231 0.097683 0.084658 0.073057 0.062777 0.053714 0.045763 0.038823 0.032795 0.027585 0.023103 0.019267 0.016000 0.013230 0.010893 0.008931 0.007290 0.005926 0.004797 0.003866
0.003866 0.004797 0.005926 0.007290 0.008931 0.010893 0.013230 0.016000 0.019267 0.023103 0.027585 0.032795 0.038823 0.045763 0.053714 0.062777 0.073057 0.084658 0.097683 0.112231 0.128397 0.146265 0.165909 0.187389 0.210748 0.236008 0.263170 0.292206 0.323063 0.355656 0.389869 0.425550 0.462517 0.500553 0.539408 0.578800 0.618422 0.657939 0.696998 0.735228 0.772249 0.807677 0.841129 0.872232 0.900630 0.925988 0.948002 0.966402 0.980960 0.991493 0.997866 1.000000 0.997866 0.991493 0.980960 0.966402 0.948002 0.925988 0.900630 0.872232 0.841129 0.807677 0.772249 0.735228 0.696998 0.657939 0.618422 0.578800 0.539408 0.500553 0.462517 0.425550 0.389869 0.355656 0.323063 0.292206 0.263170 0.236008 0.210748 0.187389 0.165909 0.146265 0.128397 0.112231 0.097683 0.084658 0.073057 0.062777 0.053714 0.045763 0.038823 0.032795 0.027585 0.023103 0.019267 0.016000 0.013230 0.010893 0.008931 0.007290 0.005926 0.004797 0.003866 0.003102 0.002479 0.001973 0.001563 0.001233 0.001000 0.001000 0.001000 0.001000 0.001000 0.001000 0.001000 0.001000 0.001000 0.001000 0.001000 0.001000 0.001000 0.001000 0.001000 0.001000 0.001000 0.001000 0.001000 0.001000 0.001000 0.001000 0.001000 0.001000 0.001000 0.001000 0.001000 0.001000 0.001000 0.001000 0.001000 0.001000 0.001000 0.001000 0.001000 0.001000 0.001000 0.001000 0.001000 0.001000 0.001233 0.001563 0.001973 0.002479 0.003102 0.003866 0.004797 0.005926 0.007290 0.008931 0.010893 0.013230 0.016000 0.019267 0.023103 0.027585 0.032795 0.038823 0.045763 0.053714 0.062777 0.073057 0.084658 0.097683 0.112231 0.128397 0.146265 0.165909 0.187389 0.210748 0.236008 0.263170 0.292206 0.323063 0.355656 0.389869 0.425550 0.462517 0.500553 0.539408 0.578800 0.618422 0.657939 0.696998 0.735228 0.772249 0.807677 0.841129 0.872232 0.900630 0.925988 0.948002 0.966402 0.980960 0.991493 0.997866 1.000000 0.997866 0.991493 0.980960 0.966402 0.948002 0.925988 0.900630 0.872232 0.841129 0.807677 0.772249 0.735228 0.696998 0.657939 0.618422 0.578800 0.539408 0.500553 0.462517 0.425550 0.389869 0.355656 0.323063 0.292206 0.263170 0.236008 0.210748 0.187389 0.165909 0.146265 0.128397 0.112231 0.097683 0.084658 0.073057 0.062777 0.053714 0.045763 0.038823 0.032795 0.027585 0.023103 0.019267 0.016000 0.013230 0.010893 0.008931 0.007290 0.005926 0.004797 0.003866
0.003866 0.004797 0.005926 0.007290 0.008931 0.010893 0.013230 0.016000 0.019267 0.023103 0.027585 0.032795 0.038823 0.045763 0.053714 0.062777 0.073057 0.084658 0.097683 0.112231 0.128397 0.146265 0.165909 0.187389 0.210748 0.236008 0.263170 0.292206 0.323063 0.355656 0.389869 0.425550 0.462517 0.500553 0.539408 0.578800 0.618422 0.657939 0.696998 0.735228 0.772249 0.807677 0.841129 0.872232 0.900630 0.925988 0.948002 0.966402 0.980960 0.991493 0.997866 1.000000 0.997866 0.991493 0.980960 0.966402 0.948002 0.925988 0.900630 0.872232 0.841129 0.807677 0.772249 0.735228 0.696998 0.657939 0.618422 0.578800 0.539408 0.500553 0.462517 0.425550 0.389869 0.355656 0.323063 0.292206 0.263170 0.236008 0.210748 0.187389 0.165909 0.146265 0.128397 0.112231 0.097683 0.084658 0.073057 0.062777 0.053714 0.045763 0.038823 0.032795 0.027585 0.023103 0.019267 0.016000 0.013230 0.010893 0.008931 0.007290 0.005926 0.004797 0.003866 0.003102 0.002479 0.001973 0.001563 0.001233 0.001000 0.001000 0.001000 0.001000 0.001000 0.001000 0.001000 0.001000 0.001000 0.001000 0.001000 0.001000 0.001000 0.001000 0.001000 0.001000 0.001000 0.001000 0.001000 0.001000 0.001000 0.001000 0.001000 0.001000 0.001000 0.001000 0.001000 0.001000 0.001000 0.001000 0.001000 0.001000 0.001000 0.001000 0.001000 0.001000 0.001000 0.001000 0.001000 0.001000 0.001233 0.001563 0.001973 0.002479 0.003102 0.003866 0.004797 0.005926 0.007290 0.008931 0.010893 0.013230 0.016000 0.019267 0.023103 0.027585 0.032795 0.038823 0.045763 0.053714 0.062777 0.073057 0.084658 0.097683 0.112231 0.128397 0.146265 0.165909 0.187389 0.210748 0.236008 0.263170 0.292206 0.323063 0.355656 0.389869 0.425550 0.462517 0.500553 0.539408 0.578800 0.618422 0.657939 0.696998 0.735228 0.772249 0.807677 0.841129 0.872232 0.900630 0.925988 0.948002 0.966402 0.980960 0.991493 0.997866 1.000000 0.997866 0.991493 0.980960 0.966402 0.948002 0.925988 0.900630 0.872232 0.841129 0.807677 0.772249 0.735228 0.696998 0.657939 0.618422 0.578800 0.539408 0.500553 0.462517 0.425550 0.389869 0.355656 0.323063 0.292206 0.263170 0.236008 0.210748 0.187389 0.165909 0.146265 0.128397 0.112231 0.097683 0.084658 0.073057 0.062777 0.053714 0.045763 0.038823 0.032795 0.027585 0.023103 0.019267 0.016000 0.013230 0.010893 0.008931 0.007290 0.005926 0.004797 0.003866
0.003866 0.004797 0.005926 0.007290 0.008931 0.010893 0.013230 0.016000 0.019267 0.023103 0.027585 0.032795 0.038823 0.045763 0.053714 0.062777 0.073057 0.084658 0.097683 0.112231 0.128397 0.146265 0.165909 0.187389 0.210748 0.236008 0.263170 0.292206 0.323063 0.355656 0.389869 0.425550 0.462517 0.500553 0.539408 0.578800 0.618422 0.657939 0.696998 0.735228 0.772249 0.807677 0.841129 0.872232 0.900630 0.925988 0.948002 0.966402 0.980960 0.991493 0.997866 1.000000 0.997866 0.991493 0.980960 0.966402 0.948002 0.925988 0.900630 0.872232 0.841129 0.807677 0.772249 0.735228 0.696998 0.657939 0.618422 0.578800 0.539408 0.500553 0.462517 0.425550 0.389869 0.355656 0.323063 0.292206 0.263170 0.236008 0.210748 0.187389 0.165909 0.146265 0.128397 0.112231 0.097683 0.084658 0.073057 0.062777 0.053714 0.045763 0.038823 0.032795 0.027585 0.023103 0.019267 0.016000 0.013230 0.010893 0.008931 0.007290 0.005926 0.004797 0.003866 0.003102 0.002479 0.001973 0.001563 0.001233 0.001000 0.001000 0.001000 0.001000 0.001000 0.001000 0.001000 0.001000 0.001000 0.001000 0.001000 0.001000 0.001000 0.001000 0.001000 0.001000 0.001000 0.001000 0.001000 0.001000 0.001000 0.001000 0.001000 0.001000 0.001000 0.001000 0.001000 0.001000 0.001000 0.001000 0.001000 0.001000 0.001000 0.001000 0.001000 0.001000 0.001000 0.001000 0.001000 0.001000 0.001233 0.001563 0.001973 0.002479 0.003102 0.003866 0.004797 0.005926 0.007290 0.008931 0.010893 0.013230 0.016000 0.019267 0.023103 0.027585 0.032795 0.038823 0.045763 0.053714 0.062777 0.073057 0.084658 0.097683 0.112231 0.128397 0.146265 0.165909 0.187389 0.210748 0.236008 0.263170 0.292206 0.323063 0.355656 0.389869 0.425550 0.462517 0.500553 0.539408 0.578800 0.618422 0.657939 0.696998 0.735228 0.772249 0.807677 0.841129 0.872232 0.900630 0.925988 0.948002 0.966402 0.980960 0.991493 0.997866 1.000000 0.997866 0.991493 0.980960 0.966402 0.948002 0.925988 0.900630 0.872232 0.841129 0.807677 0.772249 0.735228 0.696998 0.657939 0.618422 0.578800 0.539408 0.500553 0.462517 0.425550 0.389869 0.355656 0.323063 0.292206 0.263170 0.236008 0.210748 0.187389 0.165909 0.146265 0.128397 0.112231 0.097683 0.084658 0.073057 0.062777 0.053714 0.045763 0.038823 0.032795 0.027585 0.023103 0.019267 0.016000 0.013230 0.010893 0.008931 0.007290 0.005926 0.004797 0.003866
0.003866 0.004797 0.005926 0.007290 0.008931 0.010893 0.013230 0.016000 0.019267 0.023103 0.027585 0.032795 0.038823 0.045763 0.053714 0.062777 0.073057 0.084658 0.097683 0.112231 0.128397 0.146265 0.165909 0.187389 0.210748 0.236008 0.263170 0.292206 0.323063 0.355656 0.389869 0.425550 0.462517 0.500553 0.539408 0.578800 0.618422 0.657939 0.696998 0.735228 0.772249 0.807677 0.841129 0.872232 0.900630 0.925988 0.948002 0.966402 0.980960 0.991493 0.997866 1.000000 0.997866 0.991493 0.980960 0.966402 0.948002 0.925988 0.900630 0.872232 0.841129 0.807677 0.772249 0.735228 0.696998 0.657939 0.618422 0.578800 0.539408 0.500553 0.462517 0.425550 0.389869 0.355656 0.323063 0.292206 0.263170 0.236008 0.210748 0.187389 0.165909 0.146265 0.128397 0.112231 0.097683 0.084658 0.073057 0.062777 0.053714 0.045763 0.038823 0.032795 0.027585 0.023103 0.019267 0.016000 0.013230 0.010893 0.008931 0.007290 0.005926 0.004797 0.003866 0.003102 0.002479 0.001973 0.001563 0.001233 0.001000 0.001000 0.001000 0.001000 0.001000 0.001000 0.001000 0.001000 0.001000 0.001000 0.001000 0.001000 0.001000 0.001000 0.001000 0.001000 0.001000 0.001000 0.001000 0.001000 0.001000 0.001000 0.001000 0.001000 0.001000 0.001000 0.001000 0.001000 0.001000 0.001000 0.001000 0.001000 0.001000 0.001000 0.001000 0.001000 0.001000 0.001000 0.001000 0.001000 0.001233 0.001563 0.001973 0.002479 0.003102 0.003866 0.004797 0.005926 0.007290 0.008931 0.010893 0.013230 0.016000 0.019267 0.023103 0.027585 0.032795 0.038823 0.045763 0.053714 0.062777 0.073057 0.084658 0.097683 0.112231 0.128397 0.146265 0.165909 0.187389 0.210748 0.236008 0.263170 0.292206 0.323063 0.355656 0.389869 0.425550 0.462517 0.500553 0.539408 0.578800 0.618422 0.657939 0.696998 0.735228 0.772249 0.807677 0.841129 0.872232 0.900630 0.925988 0.948002 0.966402 0.980960 0.991493 0.997866 1.000000 0.997866 0.991493 0.980960 0.966402 0.948002 0.925988 0.900630 0.872232 0.841129 0.807677 0.772249 0.735228 0.696998 0.657939 0.618422 0.578800 0.539408 0.500553 0.462517 0.425550 0.389869 0.355656 0.323063 0.292206 0.263170 0.236008 0.210748 0.187389 0.165909 0.146265 0.128397 0.112231 0.097683 0.084658 0.073057 0.062777 0.053714 0.045763 0.038823 0.032795 0.027585 0.023103 0.019267 0.016000 0.013230 0.010893 0.008931 0.007290 0.005926 0.004797 0.003866
0.003866 0.004797 0.005926 0.007290 0.008931 0.010893 0.013230 0.016000 0.019267 0.023103 0.027585 0.032795 0.038823 0.045763 0.053714 0.062777 0.073057 0.084658 0.097683 0.112231 0.128397 0.146265 0.165909 0.187389 0.210748 0.236008 0.263170 0.292206 0.323063 0.355656 0.389869 0.425550 0.462517 0.500553 0.539408 0.578800 0.618422 0.657939 0.696998 0.735228 0.772249 0.807677 0.841129 0.872232 0.900630 0.925988 0.948002 0.966402 0.980960 0.991493 0.997866 1.000000 0.997866 0.991493 0.980960 0.966402 0.948002 0.925988 0.900630 0.872232 0.841129 0.807677 0.772249 0.735228 0.696998 0.657939 0.618422 0.578800 0.539408 0.500553 0.462517 0.425550 0.389869 0.355656 0.323063 0.292206 0.263170 0.236008 0.210748 0.187389 0.165909 0.146265 0.128397 0.112231 0.097683 0.084658 0.073057 0.062777 0.053714 0.045763 0.038823 0.032795 0.027585 0.023103 0.019267 0.016000 0.013230 0.010893 0.008931 0.007290 0.005926 0.004797 0.003866 0.003102 0.002479 0.001973 0.001563 0.001233 0.001093 0.001093 0.001093 0.001093 0.001093 0.001093 0.001093 0.001093 0.001093 0.001093 0.001093 0.001093 0.001093 0.001093 0.001093 0.001093 0.001093 0.001093 0.001093 0.001093 0.001093 0.001093 0.001093 0.001093 0.001093 0.001093 0.001093 0.001093 0.001093 0.001093 0.001093 0.001093 0.001093 0.001093 0.001093 0.001093 0.001093 0.001093 0.001093 0.001093 0.001233 0.001563 0.001973 0.002479 0.003102 0.003866 0.004797 0.005926 0.007290 0.008931 0.010893 0.013230 0.016000 0.019267 0.023103 0.027585 0.032795 0.038823 0.045763 0.053714 0.062777 0.073057 0.084658 0.097683 0.112231 0.128397 0.146265 0.165909 0.187389 0.210748 0.236008 0.263170 0.292206 0.323063 0.355656 0.389869 0.425550 0.462517 0.500553 0.539408 0.578800 0.618422 0.657939 0.696998 0.735228 0.772249 0.807677 0.841129 0.872232 0.900630 0.925988 0.948002 0.966402 0.980960 0.991493 0.997866 1.000000 0.997866 0.991493 0.980960 0.966402 0.948002 0.925988 0.900630 0.872232 0.841129 0.807677 0.772249 0.735228 0.696998 0.657939 0.618422 0.578800 0.539408 0.500553 0.462517 0.425550 0.389869 0.355656 0.323063 0.292206 0.263170 0.236008 0.210748 0.187389 0.165909 0.146265 0.128397 0.112231 0.097683 0.084658 0.073057 0.062777 0.053714 0.045763 0.038823 0.032795 0.027585 0.023103 0.019267 0.016000 0.013230 0.010893 0.008931 0.007290 0.005926 0.004797 0.003866
0.003866 0.004797 0.005926 0.007290 0.008931 0.010893 0.013230 0.016000 0.019267 0.023103 0.027585 0.032795 0.038823 0.045763 0.053714 0.062777 0.073057 0.084658 0.097683 0.112231 0.128397 0.146265 0.165909 0.187389 0.210748 0.236008 0.263170 0.292206 0.323063 0.355656 0.389869 0.425550 0.462517 0.500553 0.539408 0.578800 0.618422 0.657939 0.696998 0.735228 0.772249 0.807677 0.841129 0.872232 0.900630 0.925988 0.948002 0.966402 0.980960 0.991493 0.997866 1.000000 0.997866 0.991493 0.980960 0.966402 0.948002 0.925988 0.900630 0.872232 0.841129 0.807677 0.772249 0.735228 0.696998 0.657939 0.618422 0.578800 0.539408 0.500553 0.462517 0.425550 0.389869 0.355656 0.323063 0.292206 0.263170 0.236008 0.210748 0.187389 0.165909 0.146265 0.128397 0.112231 0.097683 0.084658 0.073057 0.062777 0.053714 0.045763 0.038823 0.032795 0.027585 0.023103 0.019267 0.016000 0.013230 0.010893 0.008931 0.007290 0.005926 0.004797 0.003866 0.003102 0.002479 0.001973 0.001563 0.001389 0.001389 0.001389 0.001389 0.001389 0.001389 0.001389 0.001389 0.001389 0.001389 0.001389 0.001389 0.001389 0.001389 0.001389 0.001389 0.001389 0.001389 0.001389 0.001389 0.001389 0.001389 0.001389 0.001389 0.001389 0.001389 0.001389 0.001389 0.001389 0.001389 0.001389 0.001389 0.001389 0.001389 0.001389 0.001389 0.001389 0.001389 0.001389 0.001389 0.001389 0.001389 0.001563 0.001973 0.002479 0.003102 0.003866 0.004797 0.005926 0.007290 0.008931 0.010893 0.013230 0.016000 0.019267 0.023103 0.027585 0.032795 0.038823 0.045763 0.053714 0.062777 0.073057 0.084658 0.097683 0.112231 0.128397 0.146265 0.165909 0.187389 0.210748 0.236008 0.263170 0.292206 0.323063 0.355656 0.389869 0.425550 0.462517 0.500553 0.539408 0.578800 0.618422 0.657939 0.696998 0.735228 0.772249 0.807677 0.841129 0.872232 0.900630 0.925988 0.948002 0.966402 0.980960 0.991493 0.997866 1.000000 0.997866 0.991493 0.980960 0.966402 0.948002 0.925988 0.900630 0.872232 0.841129 0.807677 0.772249 0.735228 0.696998 0.657939 0.618422 0.578800 0.539408 0.500553 0.462517 0.425550 0.389869 0.355656 0.323063 0.292206 0.263170 0.236008 0.210748 0.187389 0.165909 0.146265 0.128397 0.112231 0.097683 0.084658 0.073057 0.062777 0.053714 0.045763 0.038823 0.032795 0.027585 0.023103 0.019267 0.016000 0.013230 0.010893 0.008931 0.007290 0.005926 0.004797 0.003866
0.003866 0.004797 0.005926 0.007290 0.008931 0.010893 0.013230 0.016000 0.019267 0.023103 0.027585 0.032795 0.038823 0.045763 0.053714 0.062777 0.073057 0.084658 0.097683 0.112231 0.128397 0.146265 0.165909 0.187389 0.210748 0.236008 0.263170 0.292206 0.323063 0.355656 0.389869 0.425550 0.462517 0.500553 0.539408 0.578800 0.618422 0.657939 0.696998 0.735228 0.772249 0.807677 0.841129 0.872232 0.900630 0.925988 0.948002 0.966402 0.980960 0.991493 0.997866 1.000000 0.997866 0.991493 0.980960 0.966402 0.948002 0.925988 0.900630 0.872232 0.841129 0.807677 0.772249 0.735228 0.696998 0.657939 0.618422 0.578800 0.539408 0.500553 0.462517 0.425550 0.389869 0.355656 0.323063 0.292206 0.263170 0.236008 0.210748 0.187389 0.165909 0.146265 0.128397 0.112231 0.097683 0.084658 0.073057 0.062777 0.053714 0.045763 0.038823 0.032795 0.027585 0.023103 0.019267 0.016000 0.013230 0.010893 0.008931 0.007290 0.005926 0.004797 0.003866 0.003102 0.002479 0.001973 0.001757 0.001757 0.001757 0.001757 0.001757 0.001757 0.001757 0.001757 0.001757 0.001757 0.001757 0.001757 0.001757 0.001757 0.001757 0.001757 0.001757 0.001757 0.001757 0.001757 0.001757 0.001757 0.001757 0.001757 0.001757 0.001757 0.001757 0.001757 0.001757 0.001757 0.001757 0.001757 0.001757 0.001757 0.001757 0.001757 0.001757 0.001757 0.001757 0.001757 0.001757 0.001757 0.001757 0.001757 0.001973 0.002479 0.003102 0.003866 0.004797 0.005926 0.007290 0.008931 0.010893 0.013230 0.016000 0.019267 0.023103 0.027585 0.032795 0.038823 0.045763 0.053714 0.062777 0.073057 0.084658 0.097683 0.112231 0.128397 0.146265 0.165909 0.187389 0.210748 0.236008 0.263170 0.292206 0.323063 0.355656 0.389869 0.425550 0.462517 0.500553 0.539408 0.578800 0.618422 0.657939 0.696998 0.735228 0.772249 0.807677 0.841129 0.872232 0.900630 0.925988 0.948002 0.966402 0.980960 0.991493 0.997866 1.000000 0.997866 0.991493 0.980960 0.966402 0.948002 0.925988 0.900630 0.872232 0.841129 0.807677 0.772249 0.735228 0.696998 0.657939 0.618422 0.578800 0.539408 0.500553 0.462517 0.425550 0.389869 0.355656 0.323063 0.292206 0.263170 0.236008 0.210748 0.187389 0.165909 0.146265 0.128397 0.112231 0.097683 0.084658 0.073057 0.062777 0.053714 0.045763 0.038823 0.032795 0.027585 0.023103 0.019267 0.016000 0.013230 0.010893 0.008931 0.007290 0.005926 0.004797 0.003866
0.003866 0.004797 0.005926 0.007290 0.008931 0.010893 0.013230 0.016000 0.019267 0.023103 0.027585 0.032795 0.038823 0.045763 0.053714 0.062777 0.073057 0.084658 0.097683 0.112231 0.128397 0.146265 0.165909 0.187389 0.210748 0.236008 0.263170 0.292206 0.323063 0.355656 0.389869 0.425550 0.462517 0.500553 0.539408 0.578800 0.618422 0.657939 0.696998 0.735228 0.772249 0.807677 0.841129 0.872232 0.900630 0.925988 0.948002 0.966402 0.980960 0.991493 0.997866 1.000000 0.997866 0.991493 0.980960 0.966402 0.948002 0.925988 0.900630 0.872232 0.841129 0.807677 0.772249 0.735228 0.696998 0.657939 0.618422 0.578800 0.539408 0.500553 0.462517 0.425550 0.389869 0.355656 0.323063 0.292206 0.263170 0.236008 0.210748 0.187389 0.165909 0.146265 0.128397 0.112231 0.097683 0.084658 0.073057 0.062777 0.053714 0.045763 0.038823 0.032795 0.027585 0.023103 0.019267 0.016000 0.013230 0.010893 0.008931 0.007290 0.005926 0.004797 0.003866 0.003102 0.002479 0.002213 0.002213 0.002213 0.002213 0.002213 0.002213 0.002213 0.002213 0.002213 0.002213 0.002213 0.002213 0.002213 0.002213 0.002213 0.002213 0.002213 0.002213 0.002213 0.002213 0.002213 0.002213 0.002213 0.002213 0.002213 0.002213 0.002213 0.002213 0.002213 0.002213 0.002213 0.002213 0.002213 0.002213 0.002213 0.002213 0.002213 0.002213 0.002213 0.002213 0.002213 0.002213 0.002213 0.002213 0.002213 0.002213 0.002479 0.003102 0.003866 0.004797 0.005926 0.007290 0.008931 0.010893 0.013230 0.016000 0.019267 0.023103 0.027585 0.032795 0.038823 0.045763 0.053714 0.062777 0.073057 0.084658 0.097683 0.112231 0.128397 0.146265 0.165909 0.187389 0.210748 0.236008 0.263170 0.292206 0.323063 0.355656 0.389869 0.425550 0.462517 0.500553 0.539408 0.578800 0.618422 0.657939 0.696998 0.735228 0.772249 0.807677 0.841129 0.872232 0.900630 0.925988 0.948002 0.966402 0.980960 0.991493 0.997866 1.000000 0.997866 0.991493 0.980960 0.966402 0.948002 0.925988 0.900630 0.872232 0.841129 0.807677 0.772249 0.735228 0.696998 0.657939 0.618422 0.578800 0.539408 0.500553 0.462517 0.425550 0.389869 0.355656 0.323063 0.292206 0.263170 0.236008 0.210748 0.187389 0.165909 0.146265 0.128397 0.112231 0.097683 0.084658 0.073057 0.062777 0.053714 0.045763 0.038823 0.032795 0.027585 0.023103 0.019267 0.016000 0.013230 0.010893 0.008931 0.007290 0.005926 0.004797 0.003866
0.003866 0.004797 0.005926 0.007290 0.008931 0.010893 0.013230 0.016000 0.019267 0.023103 0.027585 0.032795 0.038823 0.045763 0.053714 0.062777 0.073057 0.084658 0.097683 0.112231 0.128397 0.146265 0.165909 0.187389 0.210748 0.236008 0.263170 0.292206 0.323063 0.355656 0.389869 0.425550 0.462517 0.500553 0.539408 0.578800 0.618422 0.657939 0.696998 0.735228 0.772249 0.807677 0.841129 0.872232 0.900630 0.925988 0.948002 0.966402 0.980960 0.991493 0.997866 1.000000 0.997866 0.991493 0.980960 0.966402 0.948002 0.925988 0.900630 0.872232 0.841129 0.807677 0.772249 0.735228 0.696998 0.657939 0.618422 0.578800 0.539408 0.500553 0.462517 0.425550 0.389869 0.355656 0.323063 0.292206 0.263170 0.236008 0.210748 0.187389 0.165909 0.146265 0.128397 0.112231 0.097683 0.084658 0.073057 0.062777 0.053714 0.045763 0.038823 0.032795 0.027585 0.023103 0.019267 0.016000 0.013230 0.010893 0.008931 0.007290 0.005926 0.004797 0.003866 0.003102 0.002775 0.002775 0.002775 0.002775 0.002775 0.002775 0.002775 0.002775 0.002775 0.002775 0.002775 0.002775 0.002775 0.002775 0.002775 0.002775 0.002775 0.002775 0.002775 0.002775 0.002775 0.002775 0.002775 0.002775 0.002775 0.002775 0.002775 0.002775 0.002775 0.002775 0.002775 0.002775 0.002775 0.002775 0.002775 0.002775 0.002775 0.002775 0.002775 0.002775 0.002775 0.002775 0.002775 0.002775 0.002775 0.002775 0.002775 0.002775 0.003102 0.003866 0.004797 0.005926 0.007290 0.008931 0.010893 0.013230 0.016000 0.019267 0.023103 0.027585 0.032795 0.038823 0.045763 0.053714 0.062777 0.073057 0.084658 0.097683 0.112231 0.128397 0.146265 0.165909 0.187389 0.210748 0.236008 0.263170 0.292206 0.323063 0.355656 0.389869 0.425550 0.462517 0.500553 0.539408 0.578800 0.618422 0.657939 0.696998 0.735228 0.772249 0.807677 0.841129 0.872232 0.900630 0.925988 0.948002 0.966402 0.980960 0.991493 0.997866 1.000000 0.997866 0.991493 0.980960 0.966402 0.948002 0.925988 0.900630 0.872232 0.841129 0.807677 0.772249 0.735228 0.696998 0.657939 0.618422 0.578800 0.539408 0.500553 0.462517 0.425550 0.389869 0.355656 0.323063 0.292206 0.263170 0.236008 0.210748 0.187389 0.165909 0.146265 0.128397 0.112231 0.097683 0.084658 0.073057 0.062777 0.053714 0.045763 0.038823 0.032795 0.027585 0.023103 0.019267 0.016000 0.013230 0.010893 0.008931 0.007290 0.005926 0.004797 0.003866
0.003866 0.004797 0.005926 0.007290 0.008931 0.010893 0.013230 0.016000 0.019267 0.023103 0.027585 0.032795 0.038823 0.045763 0.053714 0.062777 0.073057 0.084658 0.097683 0.112231 0.128397 0.146265 0.165909 0.187389 0.210748 0.236008 0.263170 0.292206 0.323063 0.355656 0.389869 0.425550 0.462517 0.500553 0.539408 0.578800 0.618422 0.657939 0.696998 0.735228 0.772249 0.807677 0.841129 0.872232 0.900630 0.925988 0.948002 0.966402 0.980960 0.991493 0.997866 1.000000 0.997866 0.991493 0.980960 0.966402 0.948002 0.925988 0.900630 0.872232 0.841129 0.807677 0.772249 0.735228 0.696998 0.657939 0.618422 0.578800 0.539408 0.500553 0.462517 0.425550 0.389869 0.355656 0.323063 0.292206 0.263170 0.236008 0.210748 0.187389 0.165909 0.146265 0.128397 0.112231 0.097683 0.084658 0.073057 0.062777 0.053714 0.045763 0.038823 0.032795 0.027585 0.023103 0.019267 0.016000 0.013230 0.010893 0.008931 0.007290 0.005926 0.004797 0.003866 0.003465 0.003465 0.003465 0.003465 0.003465 0.003465 0.003465 0.003465 0.003465 0.003465 0.003465 0.003465 0.003465 0.003465 0.003465 0.003465 0.003465 0.003465 0.003465 0.003465 0.003465 0.003465 0.003465 0.003465 0.003465 0.003465 0.003465 0.003465 0.003465 0.003465 0.003465 0.003465 0.003465 0.003465 0.003465 0.003465 0.003465 0.003465 0.003465 0.003465 0.003465 0.003465 0.003465 0.003465 0.003465 0.003465 0.003465 0.003465 0.003465 0.003465 0.003866 0.004797 0.005926 0.007290 0.008931 0.010893 0.013230 0.016000 0.019267 0.023103 0.027585 0.032795 0.038823 0.045763 0.053714 0.062777 0.073057 0.084658 0.097683 0.112231 0.128397 0.146265 0.165909 0.187389 0.210748 0.236008 0.263170 0.292206 0.323063 0.355656 0.389869 0.425550 0.462517 0.500553 0.539408 0.578800 0.618422 0.657939 0.696998 0.735228 0.772249 0.807677 0.841129 0.872232 0.900630 0.925988 0.948002 0.966402 0.980960 0.991493 0.997866 1.000000 0.997866 0.991493 0.980960 0.966402 0.948002 0.925988 0.900630 0.872232 0.841129 0.807677 0.772249 0.735228 0.696998 0.657939 0.618422 0.578800 0.539408 0.500553 0.462517 0.425550 0.389869 0.355656 0.323063 0.292206 0.263170 0.236008 0.210748 0.187389 0.165909 0.146265 0.128397 0.112231 0.097683 0.084658 0.073057 0.062777 0.053714 0.045763 0.038823 0.032795 0.027585 0.023103 0.019267 0.016000 0.013230 0.010893 0.008931 0.007290 0.005926 0.004797 0.003866
0.003866 0.004797 0.005926 0.007290 0.008931 0.010893 0.013230 0.016000 0.019267 0.023103 0.027585 0.032795 0.038823 0.045763 0.053714 0.062777 0.073057 0.084658 0.097683 0.112231 0.128397 0.146265 0.165909 0.187389 0.210748 0.236008 0.263170 0.292206 0.323063 0.355656 0.389869 0.425550 0.462517 0.500553 0.539408 0.578800 0.618422 0.657939 0.696998 0.735228 0.772249 0.807677 0.841129 0.872232 0.900630 0.925988 0.948002 0.966402 0.980960 0.991493 0.997866 1.000000 0.997866 0.991493 0.980960 0.966402 0.948002 0.925988 0.900630 0.872232 0.841129 0.807677 0.772249 0.735228 0.696998 0.657939 0.618422 0.578800 0.539408 0.500553 0.462517 0.425550 0.389869 0.355656 0.323063 0.292206 0.263170 0.236008 0.210748 0.187389 0.165909 0.146265 0.128397 0.112231 0.097683 0.084658 0.073057 0.062777 0.053714 0.045763 0.038823 0.032795 0.027585 0.023103 0.019267 0.016000 0.013230 0.010893 0.008931 0.007290 0.005926 0.004797 0.004309 0.004309 0.004309 0.004309 0.004309 0.004309 0.004309 0.004309 0.004309 0.004309 0.004309 0.004309 0.004309 0.004309 0.004309 0.004309 0.004309 0.004309 0.004309 0.004309 0.004309 0.004309 0.004309 0.004309 0.004309 0.004309 0.004309 0.004309 0.004309 0.004309 0.004309 0.004309 0.004309 0.004309 0.004309 0.004309 0.004309 0.004309 0.004309 0.004309 0.004309 0.004309 0.004309 0.004309 0.004309 0.004309 0.004309 0.004309 0.004309 0.004309 0.004309 0.004309 0.004797 0.005926 0.007290 0.008931 0.010893 0.013230 0.016000 0.019267 0.023103 0.027585 0.032795 0.038823 0.045763 0.053714 0.062777 0.073057 0.084658 0.097683 0.112231 0.128397 0.146265 0.165909 0.187389 0.210748 0.236008 0.263170 0.292206 0.323063 0.355656 0.389869 0.425550 0.462517 0.500553 0.539408 0.578800 0.618422 0.657939 0.696998 0.735228 0.772249 0.807677 0.841129 0.872232 0.900630 0.925988 0.948002 0.966402 0.980960 0.991493 0.997866 1.000000 0.997866 0.991493 0.980960 0.966402 0.948002 0.925988 0.900630 0.872232 0.841129 0.807677 0.772249 0.735228 0.696998 0.657939 0.618422 0.578800 0.539408 0.500553 0.462517 0.425550 0.389869 0.355656 0.323063 0.292206 0.263170 0.236008 0.210748 0.187389 0.165909 0.146265 0.128397 0.112231 0.097683 0.084658 0.073057 0.062777 0.053714 0.045763 0.038823 0.032795 0.027585 0.023103 0.019267 0.016000 0.013230 0.010893 0.008931 0.007290 0.005926 0.004797 0.003866
0.003866 0.004797 0.005926 0.007290 0.008931 0.010893 0.013230 0.016000 0.019267 0.023103 0.027585 0.032795 0.038823 0.045763 0.053714 0.062777 0.073057 0.084658 0.097683 0.112231 0.128397 0.146265 0.165909 0.187389 0.210748 0.236008 0.263170 0.292206 0.323063 0.355656 0.389869 0.425550 0.462517 0.500553 0.539408 0.578800 0.618422 0.657939 0.696998 0.735228 0.772249 0.807677 0.841129 0.872232 0.900630 0.925988 0.948002 0.966402 0.980960 0.991493 0.997866 1.000000 0.997866 0.991493 0.980960 0.966402 0.948002 0.925988 0.900630 0.872232 0.841129 0.807677 0.772249 0.735228 0.696998 0.657939 0.618422 0.578800 0.539408 0.500553 0.462517 0.425550 0.389869 0.355656 0.323063 0.292206 0.263170 0.236008 0.210748 0.187389 0.165909 0.146265 0.128397 0.112231 0.097683 0.084658 0.073057 0.062777 0.053714 0.045763 0.038823 0.032795 0.027585 0.023103 0.019267 0.016000 0.013230 0.010893 0.008931 0.007290 0.005926 0.005334 0.005334 0.005334 0.005334 0.005334 0.005334 0.005334 0.005334 0.005334 0.005334 0.005334 0.005334 0.005334 0.005334 0.005334 0.005334 0.005334 0.005334 0.005334 0.005334 0.005334 0.005334 0.005334 0.005334 0.005334 0.005334 0.005334 0.005334 0.005334 0.005334 0.005334 0.005334 0.005334 0.005334 0.005334 0.005334 0.005334 0.005334 0.005334 0.005334 0.005334 0.005334 0.005334 0.005334 0.005334 0.005334 0.005334 0.005334 0.005334 0.005334 0.005334 0.005334 0.005334 0.005334 0.005926 0.007290 0.008931 0.010893 0.013230 0.016000 0.019267 0.023103 0.027585 0.032795 0.038823 0.045763 0.053714 0.062777 0.073057 0.084658 0.097683 0.112231 0.128397 0.146265 0.165909 0.187389 0.210748 0.236008 0.263170 0.292206 0.323063 0.355656 0.389869 0.425550 0.462517 0.500553 0.539408 0.578800 0.618422 0.657939 0.696998 0.735228 0.772249 0.807677 0.841129 0.872232 0.900630 0.925988 0.948002 0.966402 0.980960 0.991493 0.997866 1.000000 0.997866 0.991493 0.980960 0.966402 0.948002 0.925988 0.900630 0.872232 0.841129 0.807677 0.772249 0.735228 0.696998 0.657939 0.618422 0.578800 0.539408 0.500553 0.462517 0.425550 0.389869 0.355656 0.323063 0.292206 0.263170 0.236008 0.210748 0.187389 0.165909 0.146265 0.128397 0.112231 0.097683 0.084658 0.073057 0.062777 0.053714 0.045763 0.038823 0.032795 0.027585 0.023103 0.019267 0.016000 0.013230 0.010893 0.008931 0.007290 0.005926 0.004797 0.003866
0.003866 0.004797 0.005926 0.007290 0.008931 0.010893 0.013230 0.016000 0.019267 0.023103 0.027585 0.032795 0.038823 0.045763 0.053714 0.062777 0.073057 0.084658 0.097683 0.112231 0.128397 0.146265 0.165909 0.187389 0.210748 0.236008 0.263170 0.292206 0.323063 0.355656 0.389869 0.425550 0.462517 0.500553 0.539408 0.578800 0.618422 0.657939 0.696998 0.735228 0.772249 0.807677 0.841129 0.872232 0.900630 0.925988 0.948002 0.966402 0.980960 0.991493 0.997866 1.000000 0.997866 0.991493 0.980960 0.966402 0.948002 0.925988 0.900630 0.872232 0.841129 0.807677 0.772249 0.735228 0.696998 0.657939 0.618422 0.578800 0.539408 0.500553 0.462517 0.425550 0.389869 0.355656 0.323063 0.292206 0.263170 0.236008 0.210748 0.187389 0.165909 0.146265 0.128397 0.112231 0.097683 0.084658 0.073057 0.062777 0.053714 0.045763 0.038823 0.032795 0.027585 0.023103 0.019267 0.016000 0.013230 0.010893 0.008931 0.007290 0.006577 0.006577 0.006577 0.006577 0.006577 0.006577 0.006577 0.006577 0.006577 0.006577 0.006577 0.006577 0.006577 0.006577 0.006577 0.006577 0.006577 0.006577 0.006577 0.006577 0.006577 0.006577 0.006577 0.006577 0.006577 0.006577 0.006577 0.006577 0.006577 0.006577 0.006577 0.006577 0.006577 0.006577 0.006577 0.006577 0.006577 0.006577 0.006577 0.006577 0.006577 0.006577 0.006577 0.006577 0.006577 0.006577 0.006577 0.006577 0.006577 0.006577 0.006577 0.006577 0.006577 0.006577 0.006577 0.006577 0.007290 0.008931 0.010893 0.013230 0.016000 0.019267 0.023103 0.027585 0.032795 0.038823 0.045763 0.053714 0.062777 0.073057 0.084658 0.097683 0.112231 0.128397 0.146265 0.165909 0.187389 0.210748 0.236008 0.263170 0.292206 0.323063 0.355656 0.389869 0.425550 0.462517 0.500553 0.539408 0.578800 0.618422 0.657939 0.696998 0.735228 0.772249 0.807677 0.841129 0.872232 0.900630 0.925988 0.948002 0.966402 0.980960 0.991493 0.997866 1.000000 0.997866 0.991493 0.980960 0.966402 0.948002 0.925988 0.900630 0.872232 0.841129 0.807677 0.772249 0.735228 0.696998 0.657939 0.618422 0.578800 0.539408 0.500553 0.462517 0.425550 0.389869 0.355656 0.323063 0.292206 0.263170 0.236008 0.210748 0.187389 0.165909 0.146265 0.128397 0.112231 0.097683 0.084658 0.073057 0.062777 0.053714 0.045763 0.038823 0.032795 0.027585 0.023103 0.019267 0.016000 0.013230 0.010893 0.008931 0.007290 0.005926 0.004797 0.003866
0.003866 0.004797 0.005926 0.007290 0.008931 0.010893 0.013230 0.016000 0.019267 0.023103 0.027585 0.032795 0.038823 0.045763 0.053714 0.062777 0.073057 0.084658 0.097683 0.112231 0.128397 0.146265 0.165909 0.187389 0.210748 0.236008 0.263170 0.292206 0.323063 0.355656 0.389869 0.425550 0.462517 0.500553 0.539408 0.578800 0.618422 0.657939 0.696998 0.735228 0.772249 0.807677 0.841129 0.872232 0.900630 0.925988 0.948002 0.966402 0.980960 0.991493 0.997866 1.000000 0.997866 0.991493 0.980960 0.966402 0.948002 0.925988 0.900630 0.872232 0.841129 0.807677 0.772249 0.735228 0.696998 0.657939 0.618422 0.578800 0.539408 0.500553 0.462517 0.425550 0.389869 0.355656 0.323063 0.292206 0.263170 0.236008 0.210748 0.187389 0.165909 0.146265 0.128397 0.112231 0.097683 0.084658 0.073057 0.062777 0.053714 0.045763 0.038823 0.032795 0.027585 0.023103 0.019267 0.016000 0.013230 0.010893 0.008931 0.008073 0.008073 0.008073 0.008073 0.008073 0.008073 0.008073 0.008073 0.008073 0.008073 0.008073 0.008073 0.008073 0.008073 0.008073 0.008073 0.008073 0.008073 0.008073 0.008073 0.008073 0.008073 0.008073 0.008073 0.008073 0.008073 0.008073 0.008073 0.008073 0.008073 0.008073 0.008073 0.008073 0.008073 0.008073 0.008073 0.008073 0.008073 0.008073 0.008073 0.008073 0.008073 0.008073 0.008073 0.008073 0.008073 0.008073 0.008073 0.008073 0.008073 0.008073 0.008073 0.008073 0.008073 0.008073 0.008073 0.008073 0.008073 0.008931 0.010893 0.013230 0.016000 0.019267 0.023103 0.027585 0.032795 0.038823 0.045763 0.053714 0.062777 0.073057 0.084658 0.097683 0.112231 0.128397 0.146265 0.165909 0.187389 0.210748 0.236008 0.263170 0.292206 0.323063 0.355656 0.389869 0.425550 0.462517 0.500553 0.539408 0.578800 0.618422 0.657939 0.696998 0.735228 0.772249 0.807677 0.841129 0.872232 0.900630 0.925988 0.948002 0.966402 0.980960 0.991493 0.997866 1.000000 0.997866 0.991493 0.980960 0.966402 0.948002 0.925988 0.900630 0.872232 0.841129 0.807677 0.772249 0.735228 0.696998 0.657939 0.618422 0.578800 0.539408 0.500553 0.462517 0.425550 0.389869 0.355656 0.323063 0.292206 0.263170 0.236008 0.210748 0.187389 0.165909 0.146265 0.128397 0.112231 0.097683 0.084658 0.073057 0.062777 0.053714 0.045763 0.038823 0.032795 0.027585 0.023103 0.019267 0.016000 0.013230 0.010893 0.008931 0.007290 0.005926 0.004797 0.003866
0.003866 0.004797 0.005926 0.007290 0.008931 0.010893 0.013230 0.016000 0.019267 0.023103 0.027585 0.032795 0.038823 0.045763 0.053714 0.062777 0.073057 0.084658 0.097683 0.112231 0.128397 0.146265 0.165909 0.187389 0.210748 0.236008 0.263170 0.292206 0.323063 0.355656 0.389869 0.425550 0.462517 0.500553 0.539408 0.578800 0.618422 0.657939 0.696998 0.735228 0.772249 0.807677 0.841129 0.872232 0.900630 0.925988 0.948002 0.966402 0.980960 0.991493 0.997866 1.000000 0.997866 0.991493 0.980960 0.966402 0.948002 0.925988 0.900630 0.872232 0.841129 0.807677 0.772249 0.735228 0.696998 0.657939 0.618422 0.578800 0.539408 0.500553 0.462517 0.425550 0.389869 0.355656 0.323063 0.292206 0.263170 0.236008 0.210748 0.187389 0.165909 0.146265 0.128397 0.112231 0.097683 0.084658 0.073057 0.062777 0.053714 0.045763 0.038823 0.032795 0.027585 0.023103 0.019267 0.016000 0.013230 0.010893 0.009868 0.009868 0.009868 0.009868 0.009868 0.009868 0.009868 0.009868 0.009868 0.009868 0.009868 0.009868 0.009868 0.009868 0.009868 0.009868 0.009868 0.009868 0.009868 0.009868 0.009868 0.009868 0.009868 0.009868 0.009868 0.009868 0.009868 0.009868 0.009868 0.009868 0.009868 0.009868 0.009868 0.009868 0.009868 0.009868 0.009868 0.009868 0.009868 0.009868 0.009868 0.009868 0.009868 0.009868 0.009868 0.009868 0.009868 0.009868 0.009868 0.009868 0.009868 0.009868 0.009868 0.009868 0.009868 0.009868 0.009868 0.009868 0.009868 0.009868 0.010893 0.013230 0.016000 0.019267 0.023103 0.027585 0.032795 0.038823 0.045763 0.053714 0.062777 0.073057 0.084658 0.097683 0.112231 0.128397 0.146265 0.165909 0.187389 0.210748 0.236008 0.263170 0.292206 0.323063 0.355656 0.389869 0.425550 0.462517 0.500553 0.539408 0.578800 0.618422 0.657939 0.696998 0.735228 0.772249 0.807677 0.841129 0.872232 0.900630 0.925988 0.948002 0.966402 0.980960 0.991493 0.997866 1.000000 0.997866 0.991493 0.980960 0.966402 0.948002 0.925988 0.900630 0.872232 0.841129 0.807677 0.772249 0.735228 0.696998 0.657939 0.618422 0.578800 0.539408 0.500553 0.462517 0.425550 0.389869 0.355656 0.323063 0.292206 0.263170 0.236008 0.210748 0.187389 0.165909 0.146265 0.128397 0.112231 0.097683 0.084658 0.073057 0.062777 0.053714 0.045763 0.038823 0.032795 0.027585 0.023103 0.019267 0.016000 0.013230 0.010893 0.008931 0.007290 0.005926 0.004797 0.003866
0.003866 0.004797 0.005926 0.007290 0.008931 0.010893 0.013230 0.016000 0.019267 0.023103 0.027585 0.032795 0.038823 0.045763 0.053714 0.062777 0.073057 0.084658 0.097683 0.112231 0.128397 0.146265 0.165909 0.187389 0.210748 0.236008 0.263170 0.292206 0.323063 0.355656 0.389869 0.425550 0.462517 0.500553 0.539408 0.578800 0.618422 0.657939 0.696998 0.735228 0.772249 0.807677 0.841129 0.872232 0.900630 0.925988 0.948002 0.966402 0.980960 0.991493 0.997866 1.000000 0.997866 0.991493 0.980960 0.966402 0.948002 0.925988 0.900630 0.872232 0.841129 0.807677 0.772249 0.735228 0.696998 0.657939 0.618422 0.578800 0.539408 0.500553 0.462517 0.425550 0.389869 0.355656 0.323063 0.292206 0.263170 0.236008 0.210748 0.187389 0.165909 0.146265 0.128397 0.112231 0.097683 0.084658 0.073057 0.062777 0.053714 0.045763 0.038823 0.032795 0.027585 0.023103 0.019267 0.016000 0.013230 0.012011 0.012011 0.012011 0.012011 0.012011 0.012011 0.012011 0.012011 0.012011 0.012011 0.012011 0.012011 0.012011 0.012011 0.012011 0.012011 0.012011 0.012011 0.012011 0.012011 0.012011 0.012011 0.012011 0.012011 0.012011 0.012011 0.012011 0.012011 0.012011 0.012011 0.012011 0.012011 0.012011 0.012011 0.012011 0.012011 0.012011 0.012011 0.012011 0.012011 0.012011 0.012011 0.012011 0.012011 0.012011 0.012011 0.012011 0.012011 0.012011 0.012011 0.012011 0.012011 0.012011 0.012011 0.012011 0.012011 0.012011 0.012011 0.012011 0.012011 0.012011 0.012011 0.013230 0.016000 0.019267 0.023103 0.027585 0.032795 0.038823 0.045763 0.053714 0.062777 0.073057 0.084658 0.097683 0.112231 0.128397 0.146265 0.165909 0.187389 0.210748 0.236008 0.263170 0.292206 0.323063 0.355656 0.389869 0.425550 0.462517 0.500553 0.539408 0.578800 0.618422 0.657939 0.696998 0.735228 0.772249 0.807677 0.841129 0.872232 0.900630 0.925988 0.948002 0.966402 0.980960 0.991493 0.997866 1.000000 0.997866 0.991493 0.980960 0.966402 0.948002 0.925988 0.900630 0.872232 0.841129 0.807677 0.772249 0.735228 0.696998 0.657939 0.618422 0.578800 0.539408 0.500553 0.462517 0.425550 0.389869 0.355656 0.323063 0.292206 0.263170 0.236008 0.210748 0.187389 0.165909 0.146265 0.128397 0.112231 0.097683 0.084658 0.073057 0.062777 0.053714 0.045763 0.038823 0.032795 0.027585 0.023103 0.019267 0.016000 0.013230 0.010893 0.008931 0.007290 0.005926 0.004797 0.003866
0.003866 0.004797 0.005926 0.007290 0.008931 0.010893 0.013230 0.016000 0.019267 0.023103 0.027585 0.032795 0.038823 0.045763 0.053714 0.062777 0.073057 0.084658 0.097683 0.112231 0.128397 0.146265 0.165909 0.187389 0.210748 0.236008 0.263170 0.292206 0.323063 0.355656 0.389869 0.425550 0.462517 0.500553 0.539408 0.578800 0.618422 0.657939 0.696998 0.735228 0.772249 0.807677 0.841129 0.872232 0.900630 0.925988 0.948002 0.966402 0.980960 0.991493 0.997866 1.000000 0.997866 0.991493 0.980960 0.966402 0.948002 0.925988 0.900630 0.872232 0.841129 0.807677 0.772249 0.735228 0.696998 0.657939 0.618422 0.578800 0.539408 0.500553 0.462517 0.425550 0.389869 0.355656 0.323063 0.292206 0.263170 0.236008 0.210748 0.187389 0.165909 0.146265 0.128397 0.112231 0.097683 0.084658 0.073057 0.062777 0.053714 0.045763 0.038823 0.032795 0.027585 0.023103 0.019267 0.016000 0.014557 0.014557 0.014557 0.014557 0.014557 0.014557 0.014557 0.014557 0.014557 0.014557 0.014557 0.014557 0.014557 0.014557 0.014557 0.014557 0.014557 0.014557 0.014557 0.014557 0.014557 0.014557 0.014557 0.014557 0.014557 0.014557 0.014557 0.014557 0.014557 0.014557 0.014557 0.014557 0.014557 0.014557 0.014557 0.014557 0.014557 0.014557 0.014557 0.014557 0.014557 0.014557 0.014557 0.014557 0.014557 0.014557 0.014557 0.014557 0.014557 0.014557 0.014557 0.014557 0.014557 0.014557 0.014557 0.014557 0.014557 0.014557 0.014557 0.014557 0.014557 0.014557 0.014557 0.014557 0.016000 0.019267 0.023103 0.027585 0.032795 0.038823 0.045763 0.053714 0.062777 0.073057 0.084658 0.097683 0.112231 0.128397 0.146265 0.165909 0.187389 0.210748 0.236008 0.263170 0.292206 0.323063 0.355656 0.389869 0.425550 0.462517 0.500553 0.539408 0.578800 0.618422 0.657939 0.696998 0.735228 0.772249 0.807677 0.841129 0.872232 0.900630 0.925988 0.948002 0.966402 0.980960 0.991493 0.997866 1.000000 0.997866 0.991493 0.980960 0.966402 0.948002 0.925988 0.900630 0.872232 0.841129 0.807677 0.772249 0.735228 0.696998 0.657939 0.618422 0.578800 0.539408 0.500553 0.462517 0.425550 0.389869 0.355656 0.323063 0.292206 0.263170 0.236008 0.210748 0.187389 0.165909 0.146265 0.128397 0.112231 0.097683 0.084658 0.073057 0.062777 0.053714 0.045763 0.038823 0.032795 0.027585 0.023103 0.019267 0.016000 0.013230 0.010893 0.008931 0.007290 0.005926 0.004797 0.003866
0.003866 0.004797 0.005926 0.007290 0.008931 0.010893 0.013230 0.016000 0.019267 0.023103 0.027585 0.032795 0.038823 0.045763 0.053714 0.062777 0.073057 0.084658 0.097683 0.112231 0.128397 0.146265 0.165909 0.187389 0.210748 0.236008 0.263170 0.292206 0.323063 0.355656 0.389869 0.425550 0.462517 0.500553 0.539408 0.578800 0.618422 0.657939 0.696998 0.735228 0.772249 0.807677 0.841129 0.872232 0.900630 0.925988 0.948002 0.966402 0.980960 0.991493 0.997866 1.000000 0.997866 0.991493 0.980960 0.966402 0.948002 0.925988 0.900630 0.872232 0.841129 0.807677 0.772249 0.735228 0.696998 0.657939 0.618422 0.578800 0.539408 0.500553 0.462517 0.425550 0.389869 0.355656 0.323063 0.292206 0.263170 0.236008 0.210748 0.187389 0.165909 0.146265 0.128397 0.112231 0.097683 0.084658 0.073057 0.062777 0.053714 0.045763 0.038823 0.032795 0.027585 0.023103 0.019267 0.017567 0.017567 0.017567 0.017567 0.017567 0.017567 0.017567 0.017567 0.017567 0.017567 0.017567 0.017567 0.017567 0.017567 0.017567 0.017567 0.017567 0.017567 0.017567 0.017567 0.017567 0.017567 0.017567 0.017567 0.017567 0.017567 0.017567 0.017567 0.017567 0.017567 0.017567 0.017567 0.017567 0.017567 0.017567 0.017567 0.017567 0.017567 0.017567 0.017567 0.017567 0.017567 0.017567 0.017567 0.017567 0.017567 0.017567 0.017567 0.017567 0.017567 0.017567 0.017567 0.017567 0.017567 0.017567 0.017567 0.017567 0.017567 0.017567 0.017567 0.017567 0.017567 0.017567 0.017567 0.017567 0.017567 0.019267 0.023103 0.027585 0.032795 0.038823 0.045763 0.053714 0.062777 0.073057 0.084658 0.097683 0.112231 0.128397 0.146265 0.165909 0.187389 0.210748 0.236008 0.263170 0.292206 0.323063 0.355656 0.389869 0.425550 0.462517 0.500553 0.539408 0.578800 0.618422 0.657939 0.696998 0.735228 0.772249 0.807677 0.841129 0.872232 0.900630 0.925988 0.948002 0.966402 0.980960 0.991493 0.997866 1.000000 0.997866 0.991493 0.980960 0.966402 0.948002 0.925988 0.900630 0.872232 0.841129 0.807677 0.772249 0.735228 0.696998 0.657939 0.618422 0.578800 0.539408 0.500553 0.462517 0.425550 0.389869 0.355656 0.323063 0.292206 0.263170 0.236008 0.210748 0.187389 0.165909 0.146265 0.128397 0.112231 0.097683 0.084658 0.073057 0.062777 0.053714 0.045763 0.038823 0.032795 0.027585 0.023103 0.019267 0.016000 0.013230 0.010893 0.008931 0.007290 0.005926 0.004797 0.003866
0.003866 0.004797 0.005926 0.007290 0.008931 0.010893 0.013230 0.016000 0.019267 0.023103 0.027585 0.032795 0.038823 0.045763 0.053714 0.062777 0.073057 0.084658 0.097683 0.112231 0.128397 0.146265 0.165909 0.187389 0.210748 0.236008 0.263170 0.292206 0.323063 0.355656 0.389869 0.425550 0.462517 0.500553 0.539408 0.578800 0.618422 0.657939 0.696998 0.735228 0.772249 0.807677 0.841129 0.872232 0.900630 0.925988 0.948002 0.966402 0.980960 0.991493 0.997866 1.000000 0.997866 0.991493 0.980960 0.966402 0.948002 0.925988 0.900630 0.872232 0.841129 0.807677 0.772249 0.735228 0.696998 0.657939 0.618422 0.578800 0.539408 0.500553 0.462517 0.425550 0.389869 0.355656 0.323063 0.292206 0.263170 0.236008 0.210748 0.187389 0.165909 0.146265 0.128397 0.112231 0.097683 0.084658 0.073057 0.062777 0.053714 0.045763 0.038823 0.032795 0.027585 0.023103 0.021110 0.021110 0.021110 0.021110 0.021110 0.021110 0.021110 0.021110 0.021110 0.021110 0.021110 0.021110 0.021110 0.021110 0.021110 0.021110 0.021110 0.021110 0.021110 0.021110 0.021110 0.021110 0.021110 0.021110 0.021110 0.021110 0.021110 0.021110 0.021110 0.021110 0.021110 0.021110 0.021110 0.021110 0.021110 0.021110 0.021110 0.021110 0.021110 0.021110 0.021110 0.021110 0.021110 0.021110 0.021110 0.021110 0.021110 0.021110 0.021110 0.021110 0.021110 0.021110 0.021110 0.021110 0.021110 0.021110 0.021110 0.021110 0.021110 0.021110 0.021110 0.021110 0.021110 0.021110 0.021110 0.021110 0.021110 0.021110 0.023103 0.027585 0.032795 0.038823 0.045763 0.053714 0.062777 0.073057 0.084658 0.097683 0.112231 0.128397 0.146265 0.165909 0.187389 0.210748 0.236008 0.263170 0.292206 0.323063 0.355656 0.389869 0.425550 0.462517 0.500553 0.539408 0.578800 0.618422 0.657939 0.696998 0.735228 0.772249 0.807677 0.841129 0.872232 0.900630 0.925988 0.948002 0.966402 0.980960 0.991493 0.997866 1.000000 0.997866 0.991493 0.980960 0.966402 0.948002 0.925988 0.900630 0.872232 0.841129 0.807677 0.772249 0.735228 0.696998 0.657939 0.618422 0.578800 0.539408 0.500553 0.462517 0.425550 0.389869 0.355656 0.323063 0.292206 0.263170 0.236008 0.210748 0.187389 0.165909 0.146265 0.128397 0.112231 0.097683 0.084658 0.073057 0.062777 0.053714 0.045763 0.038823 0.032795 0.027585 0.023103 0.019267 0.016000 0.013230 0.010893 0.008931 0.007290 0.005926 0.004797 0.003866
0.003866 0.004797 0.005926 0.007290 0.008931 0.010893 0.013230 0.016000 0.019267 0.023103 0.027585 0.032795 0.038823 0.045763 0.053714 0.062777 0.073057 0.084658 0.097683 0.112231 0.128397 0.146265 0.165909 0.187389 0.210748 0.236008 0.263170 0.292206 0.323063 0.355656 0.389869 0.425550 0.462517 0.500553 0.539408 0.578800 0.618422 0.657939 0.696998 0.735228 0.772249 0.807677 0.841129 0.872232 0.900630 0.925988 0.948002 0.966402 0.980960 0.991493 0.997866 1.000000 0.997866 0.991493 0.980960 0.966402 0.948002 0.925988 0.900630 0.872232 0.841129 0.807677 0.772249 0.735228 0.696998 0.657939 0.618422 0.578800 0.539408 0.500553 0.462517 0.425550 0.389869 0.355656 0.323063 0.292206 0.263170 0.236008 0.210748 0.187389 0.165909 0.146265 0.128397 0.112231 0.097683 0.084658 0.073057 0.062777 0.053714 0.045763 0.038823 0.032795 0.027585 0.025258 0.025258 0.025258 0.025258 0.025258 0.025258 0.025258 0.025258 0.025258 0.025258 0.025258 0.025258 0.025258 0.025258 0.025258 0.025258 0.025258 0.025258 0.025258 0.025258 0.025258 0.025258 0.025258 0.025258 0.025258 0.025258 0.025258 0.025258 0.025258 0.025258 0.025258 0.025258 0.025258 0.025258 0.025258 0.025258 0.025258 0.025258 0.025258 0.025258 0.025258 0.025258 0.025258 0.025258 0.025258 0.025258 0.025258 0.025258 0.025258 0.025258 0.025258 0.025258 0.025258 0.025258 0.025258 0.025258 0.025258 0.025258 0.025258 0.025258 0.025258 0.025258 0.025258 0.025258 0.025258 0.025258 0.025258 0.025258 0.025258 0.025258 0.027585 0.032795 0.038823 0.045763 0.053714 0.062777 0.073057 0.084658 0.097683 0.112231 0.128397 0.146265 0.165909 0.187389 0.210748 0.236008 0.263170 0.292206 0.323063 0.355656 0.389869 0.425550 0.462517 0.500553 0.539408 0.578800 0.618422 0.657939 0.696998 0.735228 0.772249 0.807677 0.841129 0.872232 0.900630 0.925988 0.948002 0.966402 0.980960 0.991493 0.997866 1.000000 0.997866 0.991493 0.980960 0.966402 0.948002 0.925988 0.900630 0.872232 0.841129 0.807677 0.772249 0.735228 0.696998 0.657939 0.618422 0.578800 0.539408 0.500553 0.462517 0.425550 0.389869 0.355656 0.323063 0.292206 0.263170 0.236008 0.210748 0.187389 0.165909 0.146265 0.128397 0.112231 0.097683 0.084658 0.073057 0.062777 0.053714 0.045763 0.038823 0.032795 0.027585 0.023103 0.019267 0.016000 0.013230 0.010893 0.008931 0.007290 0.005926 0.004797 0.003866
0.003866 0.004797 0.005926 0.007290 0.008931 0.010893 0.013230 0.016000 0.019267 0.023103 0.027585 0.032795 0.038823 0.045763 0.053714 0.062777 0.073057 0.084658 0.097683 0.112231 0.128397 0.146265 0.165909 0.187389 0.210748 0.236008 0.263170 0.292206 0.323063 0.355656 0.389869 0.425550 0.462517 0.500553 0.539408 0.578800 0.618422 0.657939 0.696998 0.735228 0.772249 0.807677 0.841129 0.872232 0.900630 0.925988 0.948002 0.966402 0.980960 0.991493 0.997866 1.000000 0.997866 0.991493 0.980960 0.966402 0.948002 0.925988 0.900630 0.872232 0.841129 0.807677 0.772249 0.735228 0.696998 0.657939 0.618422 0.578800 0.539408 0.500553 0.462517 0.425550 0.389869 0.355656 0.323063 0.292206 0.263170 0.236008 0.210748 0.187389 0.165909 0.146265 0.128397 0.112231 0.097683 0.084658 0.073057 0.062777 0.053714 0.045763 0.038823 0.032795 0.030093 0.030093 0.030093 0.030093 0.030093 0.030093 0.030093 0.030093 0.030093 0.030093 0.030093 0.030093 0.030093 0.030093 0.030093 0.030093 0.030093 0.030093 0.030093 0.030093 0.030093 0.030093 0.030093 0.030093 0.030093 0.030093 0.030093 0.030093 0.030093 0.030093 0.030093 0.030093 0.030093 0.030093 0.030093 0.030093 0.030093 0.030093 0.030093 0.030093 0.030093 0.030093 0.030093 0.030093 0.030093 0.030093 0.030093 0.030093 0.030093 0.030093 0.030093 0.030093 0.030093 0.030093 0.030093 0.030093 0.030093 0.030093 0.030093 0.030093 0.030093 0.030093 0.030093 0.030093 0.030093 0.030093 0.030093 0.030093 0.030093 0.030093 0.030093 0.030093 0.032795 0.038823 0.045763 0.053714 0.062777 0.073057 0.084658 0.097683 0.112231 0.128397 0.146265 0.165909 0.187389 0.210748 0.236008 0.263170 0.292206 0.323063 0.355656 0.389869 0.425550 0.462517 0.500553 0.539408 0.578800 0.618422 0.657939 0.696998 0.735228 0.772249 0.807677 0.841129 0.872232 0.900630 0.925988 0.948002 0.966402 0.980960 0.991493 0.997866 1.000000 0.997866 0.991493 0.980960 0.966402 0.948002 0.925988 0.900630 0.872232 0.841129 0.807677 0.772249 0.735228 0.696998 0.657939 0.618422 0.578800 0.539408 0.500553 0.462517 0.425550 0.389869 0.355656 0.323063 0.292206 0.263170 0.236008 0.210748 0.187389 0.165909 0.146265 0.128397 0.112231 0.097683 0.084658 0.073057 0.062777 0.053714 0.045763 0.038823 0.032795 0.027585 0.023103 0.019267 0.016000 0.013230 0.010893 0.008931 0.007290 0.005926 0.004797 0.003866
0.003866 0.004797 0.005926 0.007290 0.008931 0.010893 0.013230 0.016000 0.019267 0.023103 0.027585 0.032795 0.038823 0.045763 0.053714 0.062777 0.073057 0.084658 0.097683 0.112231 0.128397 0.146265 0.165909 0.187389 0.210748 0.236008 0.263170 0.292206 0.323063 0.355656 0.389869 0.425550 0.462517 0.500553 0.539408 0.578800 0.618422 0.657939 0.696998 0.735228 0.772249 0.807677 0.841129 0.872232 0.900630 0.925988 0.948002 0.966402 0.980960 0.991493 0.997866 1.000000 0.997866 0.991493 0.980960 0.966402 0.948002 0.925988 0.900630 0.872232 0.841129 0.807677 0.772249 0.735228 0.696998 0.657939 0.618422 0.578800 0.539408 0.500553 0.462517 0.425550 0.389869 0.355656 0.323063 0.292206 0.263170 0.236008 0.210748 0.187389 0.165909 0.146265 0.128397 0.112231 0.097683 0.084658 0.073057 0.062777 0.053714 0.045763 0.038823 0.035701 0.035701 0.035701 0.035701 0.035701 0.035701 0.035701 0.035701 0.035701 0.035701 0.035701 0.035701 0.035701 0.035701 0.035701 0.035701 0.035701 0.035701 0.035701 0.035701 0.035701 0.035701 0.035701 0.035701 0.035701 0.035701 0.035701 0.035701 0.035701 0.035701 0.035701 0.035701 0.035701 0.035701 0.035701 0.035701 0.035701 0.035701 0.035701 0.035701 0.035701 0.035701 0.035701 0.035701 0.035701 0.035701 0.035701 0.035701 0.035701 0.035701 0.035701 0.035701 0.035701 0.035701 0.035701 0.035701 0.035701 0.035701 0.035701 0.035701 0.035701 0.035701 0.035701 0.035701 0.035701 0.035701 0.035701 0.035701 0.035701 0.035701 0.035701 0.035701 0.035701 0.035701 0.038823 0.045763 0.053714 0.062777 0.073057 0.084658 0.097683 0.112231 0.128397 0.146265 0.165909 0.187389 0.210748 0.236008 0.263170 0.292206 0.323063 0.355656 0.389869 0.425550 0.462517 0.500553 0.539408 0.578800 0.618422 0.657939 0.696998 0.735228 0.772249 0.807677 0.841129 0.872232 0.900630 0.925988 0.948002 0.966402 0.980960 0.991493 0.997866 1.000000 0.997866 0.991493 0.980960 0.966402 0.948002 0.925988 0.900630 0.872232 0.841129 0.807677 0.772249 0.735228 0.696998 0.657939 0.618422 0.578800 0.539408 0.500553 0.462517 0.425550 0.389869 0.355656 0.323063 0.292206 0.263170 0.236008 0.210748 0.187389 0.165909 0.146265 0.128397 0.112231 0.097683 0.084658 0.073057 0.062777 0.053714 0.045763 0.038823 0.032795 0.027585 0.023103 0.019267 0.016000 0.013230 0.010893 0.008931 0.007290 0.005926 0.004797 0.003866
0.003866 0.004797 0.005926 0.007290 0.008931 0.010893 0.013230 0.016000 0.019267 0.023103 0.027585 0.032795 0.038823 0.045763 0.053714 0.062777 0.073057 0.084658 0.097683 0.112231 0.128397 0.146265 0.165909 0.187389 0.210748 0.236008 0.263170 0.292206 0.323063 0.355656 0.389869 0.425550 0.462517 0.500553 0.539408 0.578800 0.618422 0.657939 0.696998 0.735228 0.772249 0.807677 0.841129 0.872232 0.900630 0.925988 0.948002 0.966402 0.980960 0.991493 0.997866 1.000000 0.997866 0.991493 0.980960 0.966402 0.948002 0.925988 0.900630 0.872232 0.841129 0.807677 0.772249 0.735228 0.696998 0.657939 0.618422 0.578800 0.539408 0.500553 0.462517 0.425550 0.389869 0.355656 0.323063 0.292206 0.263170 0.236008 0.210748 0.187389 0.165909 0.146265 0.128397 0.112231 0.097683 0.084658 0.073057 0.062777 0.053714 0.045763 0.042173 0.042173 0.042173 0.042173 0.042173 0.042173 0.042173 0.042173 0.042173 0.042173 0.042173 0.042173 0.042173 0.042173 0.042173 0.042173 0.042173 0.042173 0.042173 0.042173 0.042173 0.042173 0.042173 0.042173 0.042173 0.042173 0.042173 0.042173 0.042173 0.042173 0.042173 0.042173 0.042173 0.042173 0.042173 0.042173 0.042173 0.042173 0.042173 0.042173 0.042173 0.042173 0.042173 0.042173 0.042173 0.042173 0.042173 0.042173 0.042173 0.042173 0.042173 0.042173 0.042173 0.042173 0.042173 0.042173 0.042173 0.042173 0.042173 0.042173 0.042173 0.042173 0.042173 0.042173 0.042173 0.042173 0.042173 0.042173 0.042173 0.042173 0.042173 0.042173 0.042173 0.042173 0.042173 0.042173 0.045763 0.053714 0.062777 0.073057 0.084658 0.097683 0.112231 0.128397 0.146265 0.165909 0.187389 0.210748 0.236008 0.263170 0.292206 0.323063 0.355656 0.389869 0.425550 0.462517 0.500553 0.539408 0.578800 0.618422 0.657939 0.696998 0.735228 0.772249 0.807677 0.841129 0.872232 0.900630 0.925988 0.948002 0.966402 0.980960 0.991493 0.997866 1.000000 0.997866 0.991493 0.980960 0.966402 0.948002 0.925988 0.900630 0.872232 0.841129 0.807677 0.772249 0.735228 0.696998 0.657939 0.618422 0.578800 0.539408 0.500553 0.462517 0.425550 0.389869 0.355656 0.323063 0.292206 0.263170 0.236008 0.210748 0.187389 0.165909 0.146265 0.128397 0.112231 0.097683 0.084658 0.073057 0.062777 0.053714 0.045763 0.038823 0.032795 0.027585 0.023103 0.019267 0.016000 0.013230 0.010893 0.008931 0.007290 0.005926 0.004797 0.003866
0.003866 0.004797 0.005926 0.007290 0.008931 0.010893 0.013230 0.016000 0.019267 0.023103 0.027585 0.032795 0.038823 0.045763 0.053714 0.062777 0.073057 0.084658 0.097683 0.112231 0.128397 0.146265 0.165909 0.187389 0.210748 0.236008 0.263170 0.292206 0.323063 0.355656 0.389869 0.425550 0.462517 0.500553 0.539408 0.578800 0.618422 0.657939 0.696998 0.735228 0.772249 0.807677 0.841129 0.872232 0.900630 0.925988 0.948002 0.966402 0.980960 0.991493 0.997866 1.000000 0.997866 0.991493 0.980960 0.966402 0.948002 0.925988 0.900630 0.872232 0.841129 0.807677 0.772249 0.735228 0.696998 0.657939 0.618422 0.578800 0.539408 0.500553 0.462517 0.425550 0.389869 0.355656 0.323063 0.292206 0.263170 0.236008 0.210748 0.187389 0.165909 0.146265 0.128397 0.112231 0.097683 0.084658 0.073057 0.062777 0.053714 0.049606 0.049606 0.049606 0.049606 0.049606 0.049606 0.049606 0.049606 0.049606 0.049606 0.049606 0.049606 0.049606 0.049606 0.049606 0.049606 0.049606 0.049606 0.049606 0.049606 0.049606 0.049606 0.049606 0.049606 0.049606 0.049606 0.049606 0.049606 0.049606 0.049606 0.049606 0.049606 0.049606 0.049606 0.049606 0.049606 0.049606 0.049606 0.049606 0.049606 0.049606 0.049606 0.049606 0.049606 0.049606 0.049606 0.049606 0.049606 0.049606 0.049606 0.049606 0.049606 0.049606 0.049606 0.049606 0.049606 0.049606 0.049606 0.049606 0.049606 0.049606 0.049606 0.049606 0.049606 0.049606 0.049606 0.049606 0.049606 0.049606 0.049606 0.049606 0.049606 0.049606 0.049606 0.049606 0.049606 0.049606 0.049606 0.053714 0.062777 0.073057 0.084658 0.097683 0.112231 0.128397 0.146265 0.165909 0.187389 0.210748 0.236008 0.263170 0.292206 0.323063 0.355656 0.389869 0.425550 0.462517 0.500553 0.539408 0.578800 0.618422 0.657939 0.696998 0.735228 0.772249 0.807677 0.841129 0.872232 0.900630 0.925988 0.948002 0.966402 0.980960 0.991493 0.997866 1.000000 0.997866 0.991493 0.980960 0.966402 0.948002 0.925988 0.900630 0.872232 0.841129 0.807677 0.772249 0.735228 0.696998 0.657939 0.618422 0.578800 0.539408 0.500553 0.462517 0.425550 0.389869 0.355656 0.323063 0.292206 0.263170 0.236008 0.210748 0.187389 0.165909 0.146265 0.128397 0.112231 0.097683 0.084658 0.073057 0.062777 0.053714 0.045763 0.038823 0.032795 0.027585 0.023103 0.019267 0.016000 0.013230 0.010893 0.008931 0.007290 0.005926 0.004797 0.003866
0.003866 0.004797 0.005926 0.007290 0.008931 0.010893 0.013230 0.016000 0.019267 0.023103 0.027585 0.032795 0.038823 0.045763 0.053714 0.062777 0.073057 0.084658 0.097683 0.112231 0.128397 0.146265 0.165909 0.187389 0.210748 0.236008 0.263170 0.292206 0.323063 0.355656 0.389869 0.425550 0.462517 0.500553 0.539408 0.578800 0.618422 0.657939 0.696998 0.735228 0.772249 0.807677 0.841129 0.872232 0.900630 0.925988 0.948002 0.966402 0.980960 0.991493 0.997866 1.000000 0.997866 0.991493 0.980960 0.966402 0.948002 0.925988 0.900630 0.872232 0.841129 0.807677 0.772249 0.735228 0.696998 0.657939 0.618422 0.578800 0.539408 0.500553 0.462517 0.425550 0.389869 0.355656 0.323063 0.292206 0.263170 0.236008 0.210748 0.187389 0.165909 0.146265 0.128397 0.112231 0.097683 0.084658 0.073057 0.062777 0.058100 0.058100 0.058100 0.058100 0.058100 0.058100 0.058100 0.058100 0.058100 0.058100 0.058100 0.058100 0.058100 0.058100 0.058100 0.058100 0.058100 0.058100 0.058100 0.058100 0.058100 0.058100 0.058100 0.058100 0.058100 0.058100 0.058100 0.058100 0.058100 0.058100 0.058100 0.058100 0.058100 0.058100 0.058100 0.058100 0.058100 0.058100 0.058100 0.058100 0.058100 0.058100 0.058100 0.058100 0.058100 0.058100 0.058100 0.058100 0.058100 0.058100 0.058100 0.058100 0.058100 0.058100 0.058100 0.058100 0.058100 0.058100 0.058100 0.058100 0.058100 0.058100 0.058100 0.058100 0.058100 0.058100 0.058100 0.058100 0.058100 0.058100 0.058100 0.058100 0.058100 0.058100 0.058100 0.058100 0.058100 0.058100 0.058100 0.058100 0.062777 0.073057 0.084658 0.097683 0.112231 0.128397 0.146265 0.165909 0.187389 0.210748 0.236008 0.263170 0.292206 0.323063 0.355656 0.389869 0.425550 0.462517 0.500553 0.539408 0.578800 0.618422 0.657939 0.696998 0.735228 0.772249 0.807677 0.841129 0.872232 0.900630 0.925988 0.948002 0.966402 0.980960 0.991493 0.997866 1.000000 0.997866 0.991493 0.980960 0.966402 0.948002 0.925988 0.900630 0.872232 0.841129 0.807677 0.772249 0.735228 0.696998 0.657939 0.618422 0.578800 0.539408 0.500553 0.462517 0.425550 0.389869 0.355656 0.323063 0.292206 0.263170 0.236008 0.210748 0.187389 0.165909 0.146265 0.128397 0.112231 0.097683 0.084658 0.073057 0.062777 0.053714 0.045763 0.038823 0.032795 0.027585 0.023103 0.019267 0.016000 0.013230 0.010893 0.008931 0.007290 0.005926 0.004797 0.003866
0.003866 0.004797 0.005926 0.007290 0.008931 0.010893 0.013230 0.016000 0.019267 0.023103 0.027585 0.032795 0.038823 0.045763 0.053714 0.062777 0.073057 0.084658 0.097683 0.112231 0.128397 0.146265 0.165909 0.187389 0.210748 0.236008 0.263170 0.292206 0.323063 0.355656 0.389869 0.425550 0.462517 0.500553 0.539408 0.578800 0.618422 0.657939 0.696998 0.735228 0.772249 0.807677 0.841129 0.872232 0.900630 0.925988 0.948002 0.966402 0.980960 0.991493 0.997866 1.000000 0.997866 0.991493 0.980960 0.966402 0.948002 0.925988 0.900630 0.872232 0.841129 0.807677 0.772249 0.735228 0.696998 0.657939 0.618422 0.578800 0.539408 0.500553 0.462517 0.425550 0.389869 0.355656 0.323063 0.292206 0.263170 0.236008 0.210748 0.187389 0.165909 0.146265 0.128397 0.112231 0.097683 0.084658 0.073057 0.067758 0.067758 0.067758 0.067758 0.067758 0.067758 0.067758 0.067758 0.067758 0.067758 0.067758 0.067758 0.067758 0.067758 0.067758 0.067758 0.067758 0.067758 0.067758 0.067758 0.067758 0.067758 0.067758 0.067758 0.067758 0.067758 0.067758 0.067758 0.067758 0.067758 0.067758 0.067758 0.067758 0.067758 0.067758 0.067758 0.067758 0.067758 0.067758 0.067758 0.067758 0.067758 0.067758 0.067758 0.067758 0.067758 0.067758 0.067758 0.067758 0.067758 0.067758 0.067758 0.067758 0.067758 0.067758 0.067758 0.067758 0.067758 0.067758 0.067758 0.067758 0.067758 0.067758 0.067758 0.067758 0.067758 0.067758 0.067758 0.067758 0.067758 0.067758 0.067758 0.067758 0.067758 0.067758 0.067758 0.067758 0.067758 0.067758 0.067758 0.067758 0.067758 0.073057 0.084658 0.097683 0.112231 0.128397 0.146265 0.165909 0.187389 0.210748 0.236008 0.263170 0.292206 0.323063 0.355656 0.389869 0.425550 0.462517 0.500553 0.539408 0.578800 0.618422 0.657939 0.696998 0.735228 0.772249 0.807677 0.841129 0.872232 0.900630 0.925988 0.948002 0.966402 0.980960 0.991493 0.997866 1.000000 0.997866 0.991493 0.980960 0.966402 0.948002 0.925988 0.900630 0.872232 0.841129 0.807677 0.772249 0.735228 0.696998 0.657939 0.618422 0.578800 0.539408 0.500553 0.462517 0.425550 0.389869 0.355656 0.323063 0.292206 0.263170 0.236008 0.210748 0.187389 0.165909 0.146265 0.128397 0.112231 0.097683 0.084658 0.073057 0.062777 0.053714 0.045763 0.038823 0.032795 0.027585 0.023103 0.019267 0.016000 0.013230 0.010893 0.008931 0.007290 0.005926 0.004797 0.003866
0.003866 0.004797 0.005926 0.007290 0.008931 0.010893 0.013230 0.016000 0.019267 0.023103 0.027585 0.032795 0.038823 0.045763 0.053714 0.062777 0.073057 0.084658 0.097683 0.112231 0.128397 0.146265 0.165909 0.187389 0.210748 0.236008 0.263170 0.292206 0.323063 0.355656 0.389869 0.425550 0.462517 0.500553 0.539408 0.578800 0.618422 0.657939 0.696998 0.735228 0.772249 0.807677 0.841129 0.872232 0.900630 0.925988 0.948002 0.966402 0.980960 0.991493 0.997866 1.000000 0.997866 0.991493 0.980960 0.966402 0.948002 0.925988 0.900630 0.872232 0.841129 0.807677 0.772249 0.735228 0.696998 0.657939 0.618422 0.578800 0.539408 0.500553 0.462517 0.425550 0.389869 0.355656 0.323063 0.292206 0.263170 0.236008 0.210748 0.187389 0.165909 0.146265 0.128397 0.112231 0.097683 0.084658 0.078686 0.078686 0.078686 0.078686 0.078686 0.078686 0.078686 0.078686 0.078686 0.078686 0.078686 0.078686 0.078686 0.078686 0.078686 0.078686 0.078686 0.078686 0.078686 0.078686 0.078686 0.078686 0.078686 0.078686 0.078686 0.078686 0.078686 0.078686 0.078686 0.078686 0.078686 0.078686 0.078686 0.078686 0.078686 0.078686 0.078686 0.078686 0.078686 0.078686 0.078686 0.078686 0.078686 0.078686 0.078686 0.078686 0.078686 0.078686 0.078686 0.078686 0.078686 0.078686 0.078686 0.078686 0.078686 0.078686 0.078686 0.078686 0.078686 0.078686 0.078686 0.078686 0.078686 0.078686 0.078686 0.078686 0.078686 0.078686 0.078686 0.078686 0.078686 0.078686 0.078686 0.078686 0.078686 0.078686 0.078686 0.078686 0.078686 0.078686 0.078686 0.078686 0.078686 0.078686 0.084658 0.097683 0.112231 0.128397 0.146265 0.165909 0.187389 0.210748 0.236008 0.263170 0.292206 0.323063 0.355656 0.389869 0.425550 0.462517 0.500553 0.539408 0.578800 0.618422 0.657939 0.696998 0.735228 0.772249 0.807677 0.841129 0.872232 0.900630 0.925988 0.948002 0.966402 0.980960 0.991493 0.997866 1.000000 0.997866 0.991493 0.980960 0.966402 0.948002 0.925988 0.900630 0.872232 0.841129 0.807677 0.772249 0.735228 0.696998 0.657939 0.618422 0.578800 0.539408 0.500553 0.462517 0.425550 0.389869 0.355656 0.323063 0.292206 0.263170 0.236008 0.210748 0.187389 0.165909 0.146265 0.128397 0.112231 0.097683 0.084658 0.073057 0.062777 0.053714 0.045763 0.038823 0.032795 0.027585 0.023103 0.019267 0.016000 0.013230 0.010893 0.008931 0.007290 0.005926 0.004797 0.003866
0.003866 0.004797 0.005926 0.007290 0.008931 0.010893 0.013230 0.016000 0.019267 0.023103 0.027585 0.032795 0.038823 0.045763 0.053714 0.062777 0.073057 0.084658 0.097683 0.112231 0.128397 0.146265 0.165909 0.187389 0.210748 0.236008 0.263170 0.292206 0.323063 0.355656 0.389869 0.425550 0.462517 0.500553 0.539408 0.578800 0.618422 0.657939 0.696998 0.735228 0.772249 0.807677 0.841129 0.872232 0.900630 0.925988 0.948002 0.966402 0.980960 0.991493 0.997866 1.000000 0.997866 0.991493 0.980960 0.966402 0.948002 0.925988 0.900630 0.872232 0.841129 0.807677 0.772249 0.735228 0.696998 0.657939 0.618422 0.578800 0.539408 0.500553 0.462517 0.425550 0.389869 0.355656 0.323063 0.292206 0.263170 0.236008 0.210748 0.187389 0.165909 0.146265 0.128397 0.112231 0.097683 0.090986 0.090986 0.090986 0.090986 0.090986 0.090986 0.090986 0.090986 0.090986 0.090986 0.090986 0.090986 0.090986 0.090986 0.090986 0.090986 0.090986 0.090986 0.090986 0.090986 0.090986 0.090986 0.090986 0.090986 0.090986 0.090986 0.090986 0.090986 0.090986 0.090986 0.090986 0.090986 0.090986 0.090986 0.090986 0.090986 0.090986 0.090986 0.090986 0.090986 0.090986 0.090986 0.090986 0.090986 0.090986 0.090986 0.090986 0.090986 0.090986 0.090986 0.090986 0.090986 0.090986 0.090986 0.090986 0.090986 0.090986 0.090986 0.090986 0.090986 0.090986 0.090986 0.090986 0.090986 0.090986 0.090986 0.090986 0.090986 0.090986 0.090986 0.090986 0.090986 0.090986 0.090986 0.090986 0.090986 0.090986 0.090986 0.090986 0.090986 0.090986 0.090986 0.090986 0.090986 0.090986 0.090986 0.097683 0.112231 0.128397 0.146265 0.165909 0.187389 0.210748 0.236008 0.263170 0.292206 0.323063 0.355656 0.389869 0.425550 0.462517 0.500553 0.539408 0.578800 0.618422 0.657939 0.696998 0.735228 0.772249 0.807677 0.841129 0.872232 0.900630 0.925988 0.948002 0.966402 0.980960 0.991493 0.997866 1.000000 0.997866 0.991493 0.980960 0.966402 0.948002 0.925988 0.900630 0.872232 0.841129 0.807677 0.772249 0.735228 0.696998 0.657939 0.618422 0.578800 0.539408 0.500553 0.462517 0.425550 0.389869 0.355656 0.323063 0.292206 0.263170 0.236008 0.210748 0.187389 0.165909 0.146265 0.128397 0.112231 0.097683 0.084658 0.073057 0.062777 0.053714 0.045763 0.038823 0.032795 0.027585 0.023103 0.019267 0.016000 0.013230 0.010893 0.008931 0.007290 0.005926 0.004797 0.003866
0.003866 0.004797 0.005926 0.007290 0.008931 0.010893 0.013230 0.016000 0.019267 0.023103 0.027585 0.032795 0.038823 0.045763 0.053714 0.062777 0.073057 0.084658 0.097683 0.112231 0.128397 0.146265 0.165909 0.187389 0.210748 0.236008 0.263170 0.292206 0.323063 0.355656 0.389869 0.425550 0.462517 0.500553 0.539408 0.578800 0.618422 0.657939 0.696998 0.735228 0.772249 0.807677 0.841129 0.872232 0.900630 0.925988 0.948002 0.966402 0.980960 0.991493 0.997866 1.000000 0.997866 0.991493 0.980960 0.966402 0.948002 0.925988 0.900630 0.872232 0.841129 0.807677 0.772249 0.735228 0.696998 0.657939 0.618422 0.578800 0.539408 0.500553 0.462517 0.425550 0.389869 0.355656 0.323063 0.292206 0.263170 0.236008 0.210748 0.187389 0.165909 0.146265 0.128397 0.112231 0.104761 0.104761 0.104761 0.104761 0.104761 0.104761 0.104761 0.104761 0.104761 0.104761 0.104761 0.104761 0.104761 0.104761 0.104761 0.104761 0.104761 0.104761 0.104761 0.104761 0.104761 0.104761 0.104761 0.104761 0.104761 0.104761 0.104761 0.104761 0.104761 0.104761 0.104761 0.104761 0.104761 0.104761 0.104761 0.104761 0.104761 0.104761 0.104761 0.104761 0.104761 0.104761 0.104761 0.104761 0.104761 0.104761 0.104761 0.104761 0.104761 0.104761 0.104761 0.104761 0.104761 0.104761 0.104761 0.104761 0.104761 0.104761 0.104761 0.104761 0.104761 0.104761 0.104761 0.104761 0.104761 0.104761 0.104761 0.104761 0.104761 0.104761 0.104761 0.104761 0.104761 0.104761 0.104761 0.104761 0.104761 0.104761 0.104761 0.104761 0.104761 0.104761 0.104761 0.104761 0.104761 0.104761 0.104761 0.104761 0.112231 0.128397 0.146265 0.165909 0.187389 0.210748 0.236008 0.263170 0.292206 0.323063 0.355656 0.389869 0.425550 0.462517 0.500553 0.539408 0.578800 0.618422 0.657939 0.696998 0.735228 0.772249 0.807677 0.841129 0.872232 0.900630 0.925988 0.948002 0.966402 0.980960 0.991493 0.997866 1.000000 0.997866 0.991493 0.980960 0.966402 0.948002 0.925988 0.900630 0.872232 0.841129 0.807677 0.772249 0.735228 0.696998 0.657939 0.618422 0.578800 0.539408 0.500553 0.462517 0.425550 0.389869 0.355656 0.323063 0.292206 0.263170 0.236008 0.210748 0.187389 0.165909 0.146265 0.128397 0.112231 0.097683 0.084658 0.073057 0.062777 0.053714 0.045763 0.038823 0.032795 0.027585 0.023103 0.019267 0.016000 0.013230 0.010893 0.008931 0.007290 0.005926 0.004797 0.003866
0.003866 0.004797 0.005926 0.007290 0.008931 0.010893 0.013230 0.016000 0.019267 0.023103 0.027585 0.032795 0.038823 0.045763 0.053714 0.062777 0.073057 0.084658 0.097683 0.112231 0.128397 0.146265 0.165909 0.187389 0.210748 0.236008 0.263170 0.292206 0.323063 0.355656 0.389869 0.425550 0.462517 0.500553 0.539408 0.578800 0.618422 0.657939 0.696998 0.735228 0.772249 0.807677 0.841129 0.872232 0.900630 0.925988 0.948002 0.966402 0.980960 0.991493 0.997866 1.000000 0.997866 0.991493 0.980960 0.966402 0.948002 0.925988 0.900630 0.872232 0.841129 0.807677 0.772249 0.735228 0.696998 0.657939 0.618422 0.578800 0.539408 0.500553 0.462517 0.425550 0.389869 0.355656 0.323063 0.292206 0.263170 0.236008 0.210748 0.187389 0.165909 0.146265 0.128397 0.120106 0.120106 0.120106 0.120106 0.120106 0.120106 0.120106 0.120106 0.120106 0.120106 0.120106 0.120106 0.120106 0.120106 0.120106 0.120106 0.120106 0.120106 0.120106 0.120106 0.120106 0.120106 0.120106 0.120106 0.120106 0.120106 0.120106 0.120106 0.120106 0.120106 0.120106 0.120106 0.120106 0.120106 0.120106 0.120106 0.120106 0.120106 0.120106 0.120106 0.120106 0.120106 0.120106 0.120106 0.120106 0.120106 0.120106 0.120106 0.120106 0.120106 0.120106 0.120106 0.120106 0.120106 0.120106 0.120106 0.120106 0.120106 0.120106 0.120106 0.120106 0.120106 0.120106 0.120106 0.120106 0.120106 0.120106 0.120106 0.120106 0.120106 0.120106 0.120106 0.120106 0.120106 0.120106 0.120106 0.120106 0.120106 0.120106 0.120106 0.120106 0.120106 0.120106 0.120106 0.120106 0.120106 0.120106 0.120106 0.120106 0.120106 0.128397 0.146265 0.165909 0.187389 0.210748 0.236008 0.263170 0.292206 0.323063 0.355656 0.389869 0.425550 0.462517 0.500553 0.539408 0.578800 0.618422 0.657939 0.696998 0.735228 0.772249 0.807677 0.841129 0.872232 0.900630 0.925988 0.948002 0.966402 0.980960 0.991493 0.997866 1.000000 0.997866 0.991493 0.980960 0.966402 0.948002 0.925988 0.900630 0.872232 0.841129 0.807677 0.772249 0.735228 0.696998 0.657939 0.618422 0.578800 0.539408 0.500553 0.462517 0.425550 0.389869 0.355656 0.323063 0.292206 0.263170 0.236008 0.210748 0.187389 0.165909 0.146265 0.128397 0.112231 0.097683 0.084658 0.073057 0.062777 0.053714 0.045763 0.038823 0.032795 0.027585 0.023103 0.019267 0.016000 0.013230 0.010893 0.008931 0.007290 0.005926 0.004797 0.003866
0.003866 0.004797 0.005926 0.007290 0.008931 0.010893 0.013230 0.016000 0.019267 0.023103 0.027585 0.032795 0.038823 0.045763 0.053714 0.062777 0.073057 0.084658 0.097683 0.112231 0.128397 0.146265 0.165909 0.187389 0.210748 0.236008 0.263170 0.292206 0.323063 0.355656 0.389869 0.425550 0.462517 0.500553 0.539408 0.578800 0.618422 0.657939 0.696998 0.735228 0.772249 0.807677 0.841129 0.872232 0.900630 0.925988 0.948002 0.966402 0.980960 0.991493 0.997866 1.000000 0.997866 0.991493 0.980960 0.966402 0.948002 0.925988 0.900630 0.872232 0.841129 0.807677 0.772249 0.735228 0.696998 0.657939 0.618422 0.578800 0.539408 0.500553 0.462517 0.425550 0.389869 0.355656 0.323063 0.292206 0.263170 0.236008 0.210748 0.187389 0.165909 0.146265 0.137113 0.137113 0.137113 0.137113 0.137113 0.137113 0.137113 0.137113 0.137113 0.137113 0.137113 0.137113 0.137113 0.137113 0.137113 0.137113 0.137113 0.137113 0.137113 0.137113 0.137113 0.137113 0.137113 0.137113 0.137113 0.137113 0.137113 0.137113 0.137113 0.137113 0.137113 0.137113 0.137113 0.137113 0.137113 0.137113 0.137113 0.137113 0.137113 0.137113 0.137113 0.137113 0.137113 0.137113 0.137113 0.137113 0.137113 0.137113 0.137113 0.137113 0.137113 0.137113 0.137113 0.137113 0.137113 0.137113 0.137113 0.137113 0.137113 0.137113 0.137113 0.137113 0.137113 0.137113 0.137113 0.137113 0.137113 0.137113 0.137113 0.137113 0.137113 0.137113 0.137113 0.137113 0.137113 0.137113 0.137113 0.137113 0.137113 0.137113 0.137113 0.137113 0.137113 0.137113 0.137113 0.137113 0.137113 0.137113 0.137113 0.137113 0.137113 0.137113 0.146265 0.165909 0.187389 0.210748 0.236008 0.263170 0.292206 0.323063 0.355656 0.389869 0.425550 0.462517 0.500553 0.539408 0.578800 0.618422 0.657939 0.696998 0.735228 0.772249 0.807677 0.841129 0.872232 0.900630 0.925988 0.948002 0.966402 0.980960 0.991493 0.997866 1.000000 0.997866 0.991493 0.980960 0.966402 0.948002 0.925988 0.900630 0.872232 0.841129 0.807677 0.772249 0.735228 0.696998 0.657939 0.618422 0.578800 0.539408 0.500553 0.462517 0.425550 0.389869 0.355656 0.323063 0.292206 0.263170 0.236008 0.210748 0.187389 0.165909 0.146265 0.128397 0.112231 0.097683 0.084658 0.073057 0.062777 0.053714 0.045763 0.038823 0.032795 0.027585 0.023103 0.019267 0.016000 0.013230 0.010893 0.008931 0.007290 0.005926 0.004797 0.003866
0.003866 0.004797 0.005926 0.007290 0.008931 0.010893 0.013230 0.016000 0.019267 0.023103 0.027585 0.032795 0.038823 0.045763 0.053714 0.062777 0.073057 0.084658 0.097683 0.112231 0.128397 0.146265 0.165909 0.187389 0.210748 0.236008 0.263170 0.292206 0.323063 0.355656 0.389869 0.425550 0.462517 0.500553 0.539408 0.578800 0.618422 0.657939 0.696998 0.735228 0.772249 0.807677 0.841129 0.872232 0.900630 0.925988 0.948002 0.966402 0.980960 0.991493 0.997866 1.000000 0.997866 0.991493 0.980960 0.966402 0.948002 0.925988 0.900630 0.872232 0.841129 0.807677 0.772249 0.735228 0.696998 0.657939 0.618422 0.578800 0.539408 0.500553 0.462517 0.425550 0.389869 0.355656 0.323063 0.292206 0.263170 0.236008 0.210748 0.187389 0.165909 0.155861 0.155861 0.155861 0.155861 0.155861 0.155861 0.155861 0.155861 0.155861 0.155861 0.155861 0.155861 0.155861 0.155861 0.155861 0.155861 0.155861 0.155861 0.155861 0.155861 0.155861 0.155861 0.155861 0.155861 0.155861 0.155861 0.155861 0.155861 0.155861 0.155861 0.155861 0.155861 0.155861 0.155861 0.155861 0.155861 0.155861 0.155861 0.155861 0.155861 0.155861 0.155861 0.155861 0.155861 0.155861 0.155861 0.155861 0.155861 0.155861 0.155861 0.155861 0.155861 0.155861 0.155861 0.155861 0.155861 0.155861 0.155861 0.155861 0.155861 0.155861 0.155861 0.155861 0.155861 0.155861 0.155861 0.155861 0.155861 0.155861 0.155861 0.155861 0.155861 0.155861 0.155861 0.155861 0.155861 0.155861 0.155861 0.155861 0.155861 0.155861 0.155861 0.155861 0.155861 0.155861 0.155861 0.155861 0.155861 0.155861 0.155861 0.155861 0.155861 0.155861 0.155861 0.165909 0.187389 0.210748 0.236008 0.263170 0.292206 0.323063 0.355656 0.389869 0.425550 0.462517 0.500553 0.539408 0.578800 0.618422 0.657939 0.696998 0.735228 0.772249 0.807677 0.841129 0.872232 0.900630 0.925988 0.948002 0.966402 0.980960 0.991493 0.997866 1.000000 0.997866 0.991493 0.980960 0.966402 0.948002 0.925988 0.900630 0.872232 0.841129 0.807677 0.772249 0.735228 0.696998 0.657939 0.618422 0.578800 0.539408 0.500553 0.462517 0.425550 0.389869 0.355656 0.323063 0.292206 0.263170 0.236008 0.210748 0.187389 0.165909 0.146265 0.128397 0.112231 0.097683 0.084658 0.073057 0.062777 0.053714 0.045763 0.038823 0.032795 0.027585 0.023103 0.019267 0.016000 0.013230 0.010893 0.008931 0.007290 0.005926 0.004797 0.003866
0.003866 0.004797 0.005926 0.007290 0.008931 0.010893 0.013230 0.016000 0.019267 0.023103 0.027585 0.032795 0.038823 0.045763 0.053714 0.062777 0.073057 0.084658 0.097683 0.112231 0.128397 0.146265 0.165909 0.187389 0.210748 0.236008 0.263170 0.292206 0.323063 0.355656 0.389869 0.425550 0.462517 0.500553 0.539408 0.578800 0.618422 0.657939 0.696998 0.735228 0.772249 0.807677 0.841129 0.872232 0.900630 0.925988 0.948002 0.966402 0.980960 0.991493 0.997866 1.000000 0.997866 0.991493 0.980960 0.966402 0.948002 0.925988 0.900630 0.872232 0.841129 0.807677 0.772249 0.735228 0.696998 0.657939 0.618422 0.578800 0.539408 0.500553 0.462517 0.425550 0.389869 0.355656 0.323063 0.292206 0.263170 0.236008 0.210748 0.187389 0.176416 0.176416 0.176416 0.176416 0.176416 0.176416 0.176416 0.176416 0.176416 0.176416 0.176416 0.176416 0.176416 0.176416 0.176416 0.176416 0.176416 0.176416 0.176416 0.176416 0.176416 0.176416 0.176416 0.176416 0.176416 0.176416 0.176416 0.176416 0.176416 0.176416 0.176416 0.176416 0.176416 0.176416 0.176416 0.176416 0.176416 0.176416 0.176416 0.176416 0.176416 0.176416 0.176416 0.176416 0.176416 0.176416 0.176416 0.176416 0.176416 0.176416 0.176416 0.176416 0.176416 0.176416 0.176416 0.176416 0.176416 0.176416 0.176416 0.176416 0.176416 0.176416 0.176416 0.176416 0.176416 0.176416 0.176416 0.176416 0.176416 0.176416 0.176416 0.176416 0.176416 0.176416 0.176416 0.176416 0.176416 0.176416 0.176416 0.176416 0.176416 0.176416 0.176416 0.176416 0.176416 0.176416 0.176416 0.176416 0.176416 0.176416 0.176416 0.176416 0.176416 0.176416 0.176416 0.176416 0.187389 0.210748 0.236008 0.263170 0.292206 0.323063 0.355656 0.389869 0.425550 0.462517 0.500553 0.539408 0.578800 0.618422 0.657939 0.696998 0.735228 0.772249 0.807677 0.841129 0.872232 0.900630 0.925988 0.948002 0.966402 0.980960 0.991493 0.997866 1.000000 0.997866 0.991493 0.980960 0.966402 0.948002 0.925988 0.900630 0.872232 0.841129 0.807677 0.772249 0.735228 0.696998 0.657939 0.618422 0.578800 0.539408 0.500553 0.462517 0.425550 0.389869 0.355656 0.323063 0.292206 0.263170 0.236008 0.210748 0.187389 0.165909 0.146265 0.128397 0.112231 0.097683 0.084658 0.073057 0.062777 0.053714 0.045763 0.038823 0.032795 0.027585 0.023103 0.019267 0.016000 0.013230 0.010893 0.008931 0.007290 0.005926 0.004797 0.003866
0.003866 0.004797 0.005926 0.007290 0.008931 0.010893 0.013230 0.016000 0.019267 0.023103 0.027585 0.032795 0.038823 0.045763 0.053714 0.062777 0.073057 0.084658 0.097683 0.112231 0.128397 0.146265 0.165909 0.187389 0.210748 0.236008 0.263170 0.292206 0.323063 0.355656 0.389869 0.425550 0.462517 0.500553 0.539408 0.578800 0.618422 0.657939 0.696998 0.735228 0.772249 0.807677 0.841129 0.872232 0.900630 0.925988 0.948002 0.966402 0.980960 0.991493 0.997866 1.000000 0.997866 0.991493 0.980960 0.966402 0.948002 0.925988 0.900630 0.872232 0.841129 0.807677 0.772249 0.735228 0.696998 0.657939 0.618422 0.578800 0.539408 0.500553 0.462517 0.425550 0.389869 0.355656 0.323063 0.292206 0.263170 0.236008 0.210748 0.198832 0.198832 0.198832 0.198832 0.198832 0.198832 0.198832 0.198832 0.198832 0.198832 0.198832 0.198832 0.198832 0.198832 0.198832 0.198832 0.198832 0.198832 0.198832 0.198832 0.198832 0.198832 0.198832 0.198832 0.198832 0.198832 0.198832 0.198832 0.198832 0.198832 0.198832 0.198832 0.198832 0.198832 0.198832 0.198832 0.198832 0.198832 0.198832 0.198832 0.198832 0.198832 0.198832 0.198832 0.198832 0.198832 0.198832 0.198832 0.198832 0.198832 0.198832 0.198832 0.198832 0.198832 0.198832 0.198832 0.198832 0.198832 0.198832 0.198832 0.198832 0.198832 0.198832 0.198832 0.198832 0.198832 0.198832 0.198832 0.198832 0.198832 0.198832 0.198832 0.198832 0.198832 0.198832 0.198832 0.198832 0.198832 0.198832 0.198832 0.198832 0.198832 0.198832 0.198832 0.198832 0.198832 0.198832 0.198832 0.198832 0.198832 0.198832 0.198832 0.198832 0.198832 0.198832 0.198832 0.198832 0.198832 0.210748 0.236008 0.263170 0.292206 0.323063 0.355656 0.389869 0.425550 0.462517 0.500553 0.539408 0.578800 0.618422 0.657939 0.696998 0.735228 0.772249 0.807677 0.841129 0.872232 0.900630 0.925988 0.948002 0.966402 0.980960 0.991493 0.997866 1.000000 0.997866 0.991493 0.980960 0.966402 0.948002 0.925988 0.900630 0.872232 0.841129 0.807677 0.772249 0.735228 0.696998 0.657939 0.618422 0.578800 0.539408 0.500553 0.462517 0.425550 0.389869 0.355656 0.323063 0.292206 0.263170 0.236008 0.210748 0.187389 0.165909 0.146265 0.128397 0.112231 0.097683 0.084658 0.073057 0.062777 0.053714 0.045763 0.038823 0.032795 0.027585 0.023103 0.019267 0.016000 0.013230 0.010893 0.008931 0.007290 0.005926 0.004797 0.003866
0.003866 0.004797 0.005926 0.007290 0.008931 0.010893 0.013230 0.016000 0.019267 0.023103 0.027585 0.032795 0.038823 0.045763 0.053714 0.062777 0.073057 0.084658 0.097683 0.112231 0.128397 0.146265 0.165909 0.187389 0.210748 0.236008 0.263170 0.292206 0.323063 0.355656 0.389869 0.425550 0.462517 0.500553 0.539408 0.578800 0.618422 0.657939 0.696998 0.735228 0.772249 0.807677 0.841129 0.872232 0.900630 0.925988 0.948002 0.966402 0.980960 0.991493 0.997866 1.000000 0.997866 0.991493 0.980960 0.966402 0.948002 0.925988 0.900630 0.872232 0.841129 0.807677 0.772249 0.735228 0.696998 0.657939 0.618422 0.578800 0.539408 0.500553 0.462517 0.425550 0.389869 0.355656 0.323063 0.292206 0.263170 0.236008 0.223140 0.223140 0.223140 0.223140 0.223140 0.223140 0.223140 0.223140 0.223140 0.223140 0.223140 0.223140 0.223140 0.223140 0.223140 0.223140 0.223140 0.223140 0.223140 0.223140 0.223140 0.223140 0.223140 0.223140 0.223140 0.223140 0.223140 0.223140 0.223140 0.223140 0.223140 0.223140 0.223140 0.223140 0.223140 0.223140 0.223140 0.223140 0.223140 0.223140 0.223140 0.223140 0.223140 0.223140 0.223140 0.223140 0.223140 0.223140 0.223140 0.223140 0.223140 0.223140 0.223140 0.223140 0.223140 0.223140 0.223140 0.223140 0.223140 0.223140 0.223140 0.223140 0.223140 0.223140 0.223140 0.223140 0.223140 0.223140 0.223140 0.223140 0.223140 0.223140 0.223140 0.223140 0.223140 0.223140 0.223140 0.223140 0.223140 0.223140 0.223140 0.223140 0.223140 0.223140 0.223140 0.223140 0.223140 0.223140 0.223140 0.223140 0.223140 0.223140 0.223140 0.223140 0.223140 0.223140 0.223140 0.223140 0.223140 0.223140 0.236008 0.263170 0.292206 0.323063 0.355656 0.389869 0.425550 0.462517 0.500553 0.539408 0.578800 0.618422 0.657939 0.696998 0.735228 0.772249 0.807677 0.841129 0.872232 0.900630 0.925988 0.948002 0.966402 0.980960 0.991493 0.997866 1.000000 0.997866 0.991493 0.980960 0.966402 0.948002 0.925988 0.900630 0.872232 0.841129 0.807677 0.772249 0.735228 0.696998 0.657939 0.618422 0.578800 0.539408 0.500553 0.462517 0.425550 0.389869 0.355656 0.323063 0.292206 0.263170 0.236008 0.210748 0.187389 0.165909 0.146265 0.128397 0.112231 0.097683 0.084658 0.073057 0.062777 0.053714 0.045763 0.038823 0.032795 0.027585 0.023103 0.019267 0.016000 0.013230 0.010893 0.008931 0.007290 0.005926 0.004797 0.003866
0.003866 0.004797 0.005926 0.007290 0.008931 0.010893 0.013230 0.016000 0.019267 0.023103 0.027585 0.032795 0.038823 0.045763 0.053714 0.062777 0.073057 0.084658 0.097683 0.112231 0.128397 0.146265 0.165909 0.187389 0.210748 0.236008 0.263170 0.292206 0.323063 0.355656 0.389869 0.425550 0.462517 0.500553 0.539408 0.578800 0.618422 0.657939 0.696998 0.735228 0.772249 0.807677 0.841129 0.872232 0.900630 0.925988 0.948002 0.966402 0.980960 0.991493 0.997866 1.000000 0.997866 0.991493 0.980960 0.966402 0.948002 0.925988 0.900630 0.872232 0.841129 0.807677 0.772249 0.735228 0.696998 0.657939 0.618422 0.578800 0.539408 0.500553 0.462517 0.425550 0.389869 0.355656 0.323063 0.292206 0.263170 0.249352 0.249352 0.249352 0.249352 0.249352 0.249352 0.249352 0.249352 0.249352 0.249352 0.249352 0.249352 0.249352 0.249352 0.249352 0.249352 0.249352 0.249352 0.249352 0.249352 0.249352 0.249352 0.249352 0.249352 0.249352 0.249352 0.249352 0.249352 0.249352 0.249352 0.249352 0.249352 0.249352 0.249352 0.249352 0.249352 0.249352 0.249352 0.249352 0.249352 0.249352 0.249352 0.249352 0.249352 0.249352 0.249352 0.249352 0.249352 0.249352 0.249352 0.249352 0.249352 0.249352 0.249352 0.249352 0.249352 0.249352 0.249352 0.249352 0.249352 0.249352 0.249352 0.249352 0.249352 0.249352 0.249352 0.249352 0.249352 0.249352 0.249352 0.249352 0.249352 0.249352 0.249352 0.249352 0.249352 0.249352 0.249352 0.249352 0.249352 0.249352 0.249352 0.249352 0.249352 0.249352 0.249352 0.249352 0.249352 0.249352 0.249352 0.249352 0.249352 0.249352 0.249352 0.249352 0.249352 0.249352 0.249352 0.249352 0.249352 0.249352 0.249352 0.263170 0.292206 0.323063 0.355656 0.389869 0.425550 0.462517 0.500553 0.539408 0.578800 0.618422 0.657939 0.696998 0.735228 0.772249 0.807677 0.841129 0.872232 0.900630 0.925988 0.948002 0.966402 0.980960 0.991493 0.997866 1.000000 0.997866 0.991493 0.980960 0.966402 0.948002 0.925988 0.900630 0.872232 0.841129 0.807677 0.772249 0.735228 0.696998 0.657939 0.618422 0.578800 0.539408 0.500553 0.462517 0.425550 0.389869 0.355656 0.323063 0.292206 0.263170 0.236008 0.210748 0.187389 0.165909 0.146265 0.128397 0.112231 0.097683 0.084658 0.073057 0.062777 0.053714 0.045763 0.038823 0.032795 0.027585 0.023103 0.019267 0.016000 0.013230 0.010893 0.008931 0.007290 0.005926 0.004797 0.003866
0.003866 0.004797 0.005926 0.007290 0.008931 0.010893 0.013230 0.016000 0.019267 0.023103 0.027585 0.032795 0.038823 0.045763 0.053714 0.062777 0.073057 0.084658 0.097683 0.112231 0.128397 0.146265 0.165909 0.187389 0.210748 0.236008 0.263170 0.292206 0.323063 0.355656 0.389869 0.425550 0.462517 0.500553 0.539408 0.578800 0.618422 0.657939 0.696998 0.735228 0.772249 0.807677 0.841129 0.872232 0.900630 0.925988 0.948002 0.966402 0.980960 0.991493 0.997866 1.000000 0.997866 0.991493 0.980960 0.966402 0.948002 0.925988 0.900630 0.872232 0.841129 0.807677 0.772249 0.735228 0.696998 0.657939 0.618422 0.578800 0.539408 0.500553 0.462517 0.425550 0.389869 0.355656 0.323063 0.292206 0.277456 0.277456 0.277456 0.277456 0.277456 0.277456 0.277456 0.277456 0.277456 0.277456 0.277456 0.277456 0.277456 0.277456 0.277456 0.277456 0.277456 0.277456 0.277456 0.277456 0.277456 0.277456 0.277456 0.277456 0.277456 0.277456 0.277456 0.277456 0.277456 0.277456 0.277456 0.277456 0.277456 0.277456 0.277456 0.277456 0.277456 0.277456 0.277456 0.277456 0.277456 0.277456 0.277456 0.277456 0.277456 0.277456 0.277456 0.277456 0.277456 0.277456 0.277456 0.277456 0.277456 0.277456 0.277456 0.277456 0.277456 0.277456 0.277456 0.277456 0.277456 0.277456 0.277456 0.277456 0.277456 0.277456 0.277456 0.277456 0.277456 0.277456 0.277456 0.277456 0.277456 0.277456 0.277456 0.277456 0.277456 0.277456 0.277456 0.277456 0.277456 0.277456 0.277456 0.277456 0.277456 0.277456 0.277456 0.277456 0.277456 0.277456 0.277456 0.277456 0.277456 0.277456 0.277456 0.277456 0.277456 0.277456 0.277456 0.277456 0.277456 0.277456 0.277456 0.277456 0.292206 0.323063 0.355656 0.389869 0.425550 0.462517 0.500553 0.539408 0.578800 0.618422 0.657939 0.696998 0.735228 0.772249 0.807677 0.841129 0.872232 0.900630 0.925988 0.948002 0.966402 0.980960 0.991493 0.997866 1.000000 0.997866 0.991493 0.980960 0.966402 0.948002 0.925988 0.900630 0.872232 0.841129 0.807677 0.772249 0.735228 0.696998 0.657939 0.618422 0.578800 0.539408 0.500553 0.462517 0.425550 0.389869 0.355656 0.323063 0.292206 0.263170 0.236008 0.210748 0.187389 0.165909 0.146265 0.128397 0.112231 0.097683 0.084658 0.073057 0.062777 0.053714 0.045763 0.038823 0.032795 0.027585 0.023103 0.019267 0.016000 0.013230 0.010893 0.008931 0.007290 0.005926 0.004797 0.003866
0.003866 0.004797 0.005926 0.007290 0.008931 0.010893 0.013230 0.016000 0.019267 0.023103 0.027585 0.032795 0.038823 0.045763 0.053714 0.062777 0.073057 0.084658 0.097683 0.112231 0.128397 0.146265 0.165909 0.187389 0.210748 0.236008 0.263170 0.292206 0.323063 0.355656 0.389869 0.425550 0.462517 0.500553 0.539408 0.578800 0.618422 0.657939 0.696998 0.735228 0.772249 0.807677 0.841129 0.872232 0.900630 0.925988 0.948002 0.966402 0.980960 0.991493 0.997866 1.000000 0.997866 0.991493 0.980960 0.966402 0.948002 0.925988 0.900630 0.872232 0.841129 0.807677 0.772249 0.735228 0.696998 0.657939 0.618422 0.578800 0.539408 0.500553 0.462517 0.425550 0.389869 0.355656 0.323063 0.307412 0.307412 0.307412 0.307412 0.307412 0.307412 0.307412 0.307412 0.307412 0.307412 0.307412 0.307412 0.307412 0.307412 0.307412 0.307412 0.307412 0.307412 0.307412 0.307412 0.307412 0.307412 0.307412 0.307412 0.307412 0.307412 0.307412 0.307412 0.307412 0.307412 0.307412 0.307412 0.307412 0.307412 0.307412 0.307412 0.307412 0.307412 0.307412 0.307412 0.307412 0.307412 0.307412 0.307412 0.307412 0.307412 0.307412 0.307412 0.307412 0.307412 0.307412 0.307412 0.307412 0.307412 0.307412 0.307412 0.307412 0.307412 0.307412 0.307412 0.307412 0.307412 0.307412 0.307412 0.307412 0.307412 0.307412 0.307412 0.307412 0.307412 0.307412 0.307412 0.307412 0.307412 0.307412 0.307412 0.307412 0.307412 0.307412 0.307412 0.307412 0.307412 0.307412 0.307412 0.307412 0.307412 0.307412 0.307412 0.307412 0.307412 0.307412 0.307412 0.307412 0.307412 0.307412 0.307412 0.307412 0.307412 0.307412 0.307412 0.307412 0.307412 0.307412 0.307412 0.307412 0.307412 0.323063 0.355656 0.389869 0.425550 0.462517 0.500553 0.539408 0.578800 0.618422 0.657939 0.696998 0.735228 0.772249 0.807677 0.841129 0.872232 0.900630 0.925988 0.948002 0.966402 0.980960 0.991493 0.997866 1.000000 0.997866 0.991493 0.980960 0.966402 0.948002 0.925988 0.900630 0.872232 0.841129 0.807677 0.772249 0.735228 0.696998 0.657939 0.618422 0.578800 0.539408 0.500553 0.462517 0.425550 0.389869 0.355656 0.323063 0.292206 0.263170 0.236008 0.210748 0.187389 0.165909 0.146265 0.128397 0.112231 0.097683 0.084658 0.073057 0.062777 0.053714 0.045763 0.038823 0.032795 0.027585 0.023103 0.019267 0.016000 0.013230 0.010893 0.008931 0.007290 0.005926 0.004797 0.003866
0.003866 0.004797 0.005926 0.007290 0.008931 0.010893 0.013230 0.016000 0.019267 0.023103 0.027585 0.032795 0.038823 0.045763 0.053714 0.062777 0.073057 0.084658 0.097683 0.112231 0.128397 0.146265 0.165909 0.187389 0.210748 0.236008 0.263170 0.292206 0.323063 0.355656 0.389869 0.425550 0.462517 0.500553 0.539408 0.578800 0.618422 0.657939 0.696998 0.735228 0.772249 0.807677 0.841129 0.872232 0.900630 0.925988 0.948002 0.966402 0.980960 0.991493 0.997866 1.000000 0.997866 0.991493 0.980960 0.966402 0.948002 0.925988 0.900630 0.872232 0.841129 0.807677 0.772249 0.735228 0.696998 0.657939 0.618422 0.578800 0.539408 0.500553 0.462517 0.425550 0.389869 0.355656 0.339149 0.339149 0.339149 0.339149 0.339149 0.339149 0.339149 0.339149 0.339149 0.339149 0.339149 0.339149 0.339149 0.339149 0.339149 0.339149 0.339149 0.339149 0.339149 0.339149 0.339149 0.339149 0.339149 0.339149 0.339149 0.339149 0.339149 0.339149 0.339149 0.339149 0.339149 0.339149 0.339149 0.339149 0.339149 0.339149 0.339149 0.339149 0.339149 0.339149 0.339149 0.339149 0.339149 0.339149 0.339149 0.339149 0.339149 0.339149 0.339149 0.339149 0.339149 0.339149 0.339149 0.339149 0.339149 0.339149 0.339149 0.339149 0.339149 0.339149 0.339149 0.339149 0.339149 0.339149 0.339149 0.339149 0.339149 0.339149 0.339149 0.339149 0.339149 0.339149 0.339149 0.339149 0.339149 0.339149 0.339149 0.339149 0.339149 0.339149 0.339149 0.339149 0.339149 0.339149 0.339149 0.339149 0.339149 0.339149 0.339149 0.339149 0.339149 0.339149 0.339149 0.339149 0.339149 0.339149 0.339149 0.339149 0.339149 0.339149 0.339149 0.339149 0.339149 0.339149 0.339149 0.339149 0.339149 0.339149 0.355656 0.389869 0.425550 0.462517 0.500553 0.539408 0.578800 0.618422 0.657939 0.696998 0.735228 0.772249 0.807677 0.841129 0.872232 0.900630 0.925988 0.948002 0.966402 0.980960 0.991493 0.997866 1.000000 0.997866 0.991493 0.980960 0.966402 0.948002 0.925988 0.900630 0.872232 0.841129 0.807677 0.772249 0.735228 0.696998 0.657939 0.618422 0.578800 0.539408 0.500553 0.462517 0.425550 0.389869 0.355656 0.323063 0.292206 0.263170 0.236008 0.210748 0.187389 0.165909 0.146265 0.128397 0.112231 0.097683 0.084658 0.073057 0.062777 0.053714 0.045763 0.038823 0.032795 0.027585 0.023103 0.019267 0.016000 0.013230 0.010893 0.008931 0.007290 0.005926 0.004797 0.003866
0.003866 0.004797 0.005926 0.007290 0.008931 0.010893 0.013230 0.016000 0.019267 0.023103 0.027585 0.032795 0.038823 0.045763 0.053714 0.062777 0.073057 0.084658 0.097683 0.112231 0.128397 0.146265 0.165909 0.187389 0.210748 0.236008 0.263170 0.292206 0.323063 0.355656 0.389869 0.425550 0.462517 0.500553 0.539408 0.578800 0.618422 0.657939 0.696998 0.735228 0.772249 0.807677 0.841129 0.872232 0.900630 0.925988 0.948002 0.966402 0.980960 0.991493 0.997866 1.000000 0.997866 0.991493 0.980960 0.966402 0.948002 0.925988 0.900630 0.872232 0.841129 0.807677 0.772249 0.735228 0.696998 0.657939 0.618422 0.578800 0.539408 0.500553 0.462517 0.425550 0.389869 0.372569 0.372569 0.372569 0.372569 0.372569 0.372569 0.372569 0.372569 0.372569 0.372569 0.372569 0.372569 0.372569 0.372569 0.372569 0.372569 0.372569 0.372569 0.372569 0.372569 0.372569 0.372569 0.372569 0.372569 0.372569 0.372569 0.372569 0.372569 0.372569 0.372569 0.372569 0.372569 0.372569 0.372569 0.372569 0.372569 0.372569 0.372569 0.372569 0.372569 0.372569 0.372569 0.372569 0.372569 0.372569 0.372569 0.372569 0.372569 0.372569 0.372569 0.372569 0.372569 0.372569 0.372569 0.372569 0.372569 0.372569 0.372569 0.372569 0.372569 0.372569 0.372569 0.372569 0.372569 0.372569 0.372569 0.372569 0.372569 0.372569 0.372569 0.372569 0.372569 0.372569 0.372569 0.372569 0.372569 0.372569 0.372569 0.372569 0.372569 0.372569 0.372569 0.372569 0.372569 0.372569 0.372569 0.372569 0.372569 0.372569 0.372569 0.372569 0.372569 0.372569 0.372569 0.372569 0.372569 0.372569 0.372569 0.372569 0.372569 0.372569 0.372569 0.372569 0.372569 0.372569 0.372569 0.372569 0.372569 0.372569 0.372569 0.389869 0.425550 0.462517 0.500553 0.539408 0.578800 0.618422 0.657939 0.696998 0.735228 0.772249 0.807677 0.841129 0.872232 0.900630 0.925988 0.948002 0.966402 0.980960 0.991493 0.997866 1.000000 0.997866 0.991493 0.980960 0.966402 0.948002 0.925988 0.900630 0.872232 0.841129 0.807677 0.772249 0.735228 0.696998 0.657939 0.618422 0.578800 0.539408 0.500553 0.462517 0.425550 0.389869 0.355656 0.323063 0.292206 0.263170 0.236008 0.210748 0.187389 0.165909 0.146265 0.128397 0.112231 0.097683 0.084658 0.073057 0.062777 0.053714 0.045763 0.038823 0.032795 0.027585 0.023103 0.019267 0.016000 0.013230 0.010893 0.008931 0.007290 0.005926 0.004797 0.003866
0.003866 0.004797 0.005926 0.007290 0.008931 0.010893 0.013230 0.016000 0.019267 0.023103 0.027585 0.032795 0.038823 0.045763 0.053714 0.062777 0.073057 0.084658 0.097683 0.112231 0.128397 0.146265 0.165909 0.187389 0.210748 0.236008 0.263170 0.292206 0.323063 0.355656 0.389869 0.425550 0.462517 0.500553 0.539408 0.578800 0.618422 0.657939 0.696998 0.735228 0.772249 0.807677 0.841129 0.872232 0.900630 0.925988 0.948002 0.966402 0.980960 0.991493 0.997866 1.000000 0.997866 0.991493 0.980960 0.966402 0.948002 0.925988 0.900630 0.872232 0.841129 0.807677 0.772249 0.735228 0.696998 0.657939 0.618422 0.578800 0.539408 0.500553 0.462517 0.425550 0.407536 0.407536 0.407536 0.407536 0.407536 0.407536 0.407536 0.407536 0.407536 0.407536 0.407536 0.407536 0.407536 0.407536 0.407536 0.407536 0.407536 0.407536 0.407536 0.407536 0.407536 0.407536 0.407536 0.407536 0.407536 0.407536 0.407536 0.407536 0.407536 0.407536 0.407536 0.407536 0.407536 0.407536 0.407536 0.407536 0.407536 0.407536 0.407536 0.407536 0.407536 0.407536 0.407536 0.407536 0.407536 0.407536 0.407536 0.407536 0.407536 0.407536 0.407536 0.407536 0.407536 0.407536 0.407536 0.407536 0.407536 0.407536 0.407536 0.407536 0.407536 0.407536 0.407536 0.407536 0.407536 0.407536 0.407536 0.407536 0.407536 0.407536 0.407536 0.407536 0.407536 0.407536 0.407536 0.407536 0.407536 0.407536 0.407536 0.407536 0.407536 0.407536 0.407536 0.407536 0.407536 0.407536 0.407536 0.407536 0.407536 0.407536 0.407536 0.407536 0.407536 0.407536 0.407536 0.407536 0.407536 0.407536 0.407536 0.407536 0.407536 0.407536 0.407536 0.407536 0.407536 0.407536 0.407536 0.407536 0.407536 0.407536 0.407536 0.407536 0.425550 0.462517 0.500553 0.539408 0.578800 0.618422 0.657939 0.696998 0.735228 0.772249 0.807677 0.841129 0.872232 0.900630 0.925988 0.948002 0.966402 0.980960 0.991493 0.997866 1.000000 0.997866 0.991493 0.980960 0.966402 0.948002 0.925988 0.900630 0.872232 0.841129 0.807677 0.772249 0.735228 0.696998 0.657939 0.618422 0.578800 0.539408 0.500553 0.462517 0.425550 0.389869 0.355656 0.323063 0.292206 0.263170 0.236008 0.210748 0.187389 0.165909 0.146265 0.128397 0.112231 0.097683 0.084658 0.073057 0.062777 0.053714 0.045763 0.038823 0.032795 0.027585 0.023103 0.019267 0.016000 0.013230 0.010893 0.008931 0.007290 0.005926 0.004797 0.003866
0.003866 0.004797 0.005926 0.007290 0.008931 0.010893 0.013230 0.016000 0.019267 0.023103 0.027585 0.032795 0.038823 0.045763 0.053714 0.062777 0.073057 0.084658 0.097683 0.112231 0.128397 0.146265 0.165909 0.187389 0.210748 0.236008 0.263170 0.292206 0.323063 0.355656 0.389869 0.425550 0.462517 0.500553 0.539408 0.578800 0.618422 0.657939 0.696998 0.735228 0.772249 0.807677 0.841129 0.872232 0.900630 0.925988 0.948002 0.966402 0.980960 0.991493 0.997866 1.000000 0.997866 0.991493 0.980960 0.966402 0.948002 0.925988 0.900630 0.872232 0.841129 0.807677 0.772249 0.735228 0.696998 0.657939 0.618422 0.578800 0.539408 0.500553 0.462517 0.443886 0.443886 0.443886 0.443886 0.443886 0.443886 0.443886 0.443886 0.443886 0.443886 0.443886 0.443886 0.443886 0.443886 0.443886 0.443886 0.443886 0.443886 0.443886 0.443886 0.443886 0.443886 0.443886 0.443886 0.443886 0.443886 0.443886 0.443886 0.443886 0.443886 0.443886 0.443886 0.443886 0.443886 0.443886 0.443886 0.443886 0.443886 0.443886 0.443886 0.443886 0.443886 0.443886 0.443886 0.443886 0.443886 0.443886 0.443886 0.443886 0.443886 0.443886 0.443886 0.443886 0.443886 0.443886 0.443886 0.443886 0.443886 0.443886 0.443886 0.443886 0.443886 0.443886 0.443886 0.443886 0.443886 0.443886 0.443886 0.443886 0.443886 0.443886 0.443886 0.443886 0.443886 0.443886 0.443886 0.443886 0.443886 0.443886 0.443886 0.443886 0.443886 0.443886 0.443886 0.443886 0.443886 0.443886 0.443886 0.443886 0.443886 0.443886 0.443886 0.443886 0.443886 0.443886 0.443886 0.443886 0.443886 0.443886 0.443886 0.443886 0.443886 0.443886 0.443886 0.443886 0.443886 0.443886 0.443886 0.443886 0.443886 0.443886 0.443886 0.443886 0.443886 0.462517 0.500553 0.539408 0.578800 0.618422 0.657939 0.696998 0.735228 0.772249 0.807677 0.841129 0.872232 0.900630 0.925988 0.948002 0.966402 0.980960 0.991493 0.997866 1.000000 0.997866 0.991493 0.980960 0.966402 0.948002 0.925988 0.900630 0.872232 0.841129 0.807677 0.772249 0.735228 0.696998 0.657939 0.618422 0.578800 0.539408 0.500553 0.462517 0.425550 0.389869 0.355656 0.323063 0.292206 0.263170 0.236008 0.210748 0.187389 0.165909 0.146265 0.128397 0.112231 0.097683 0.084658 0.073057 0.062777 0.053714 0.045763 0.038823 0.032795 0.027585 0.023103 0.019267 0.016000 0.013230 0.010893 0.008931 0.007290 0.005926 0.004797 0.003866
0.003866 0.004797 0.005926 0.007290 0.008931 0.010893 0.013230 0.016000 0.019267 0.023103 0.027585 0.032795 0.038823 0.045763 0.053714 0.062777 0.073057 0.084658 0.097683 0.112231 0.128397 0.146265 0.165909 0.187389 0.210748 0.236008 0.263170 0.292206 0.323063 0.355656 0.389869 0.425550 0.462517 0.500553 0.539408 0.578800 0.618422 0.657939 0.696998 0.735228 0.772249 0.807677 0.841129 0.872232 0.900630 0.925988 0.948002 0.966402 0.980960 0.991493 0.997866 1.000000 0.997866 0.991493 0.980960 0.966402 0.948002 0.925988 0.900630 0.872232 0.841129 0.807677 0.772249 0.735228 0.696998 0.657939 0.618422 0.578800 0.539408 0.500553 0.481417 0.481417 0.481417 0.481417 0.481417 0.481417 0.481417 0.481417 0.481417 0.481417 0.481417 0.481417 0.481417 0.481417 0.481417 0.481417 0.481417 0.481417 0.481417 0.481417 0.481417 0.481417 0.481417 0.481417 0.481417 0.481417 0.481417 0.481417 0.481417 0.481417 0.481417 0.481417 0.481417 0.481417 0.481417 0.481417 0.481417 0.481417 0.481417 0.481417 0.481417 0.481417 0.481417 0.481417 0.481417 0.481417 0.481417 0.481417 0.481417 0.481417 0.481417 0.481417 0.481417 0.481417 0.481417 0.481417 0.481417 0.481417 0.481417 0.481417 0.481417 0.481417 0.481417 0.481417 0.481417 0.481417 0.481417 0.481417 0.481417 0.481417 0.481417 0.481417 0.481417 0.481417 0.481417 0.481417 0.481417 0.481417 0.481417 0.481417 0.481417 0.481417 0.481417 0.481417 0.481417 0.481417 0.481417 0.481417 0.481417 0.481417 0.481417 0.481417 0.481417 0.481417 0.481417 0.481417 0.481417 0.481417 0.481417 0.481417 0.481417 0.481417 0.481417 0.481417 0.481417 0.481417 0.481417 0.481417 0.481417 0.481417 0.481417 0.481417 0.481417 0.481417 0.481417 0.481417 0.500553 0.539408 0.578800 0.618422 0.657939 0.696998 0.735228 0.772249 0.807677 0.841129 0.872232 0.900630 0.925988 0.948002 0.966402 0.980960 0.991493 0.997866 1.000000 0.997866 0.991493 0.980960 0.966402 0.948002 0.925988 0.900630 0.872232 0.841129 0.807677 0.772249 0.735228 0.696998 0.657939 0.618422 0.578800 0.539408 0.500553 0.462517 0.425550 0.389869 0.355656 0.323063 0.292206 0.263170 0.236008 0.210748 0.187389 0.165909 0.146265 0.128397 0.112231 0.097683 0.084658 0.073057 0.062777 0.053714 0.045763 0.038823 0.032795 0.027585 0.023103 0.019267 0.016000 0.013230 0.010893 0.008931 0.007290 0.005926 0.004797 0.003866
0.003866 0.004797 0.005926 0.007290 0.008931 0.010893 0.013230 0.016000 0.019267 0.023103 0.027585 0.032795 0.038823 0.045763 0.053714 0.062777 0.073057 0.084658 0.097683 0.112231 0.128397 0.146265 0.165909 0.187389 0.210748 0.236008 0.263170 0.292206 0.323063 0.355656 0.389869 0.425550 0.462517 0.500553 0.539408 0.578800 0.618422 0.657939 0.696998 0.735228 0.772249 0.807677 0.841129 0.872232 0.900630 0.925988 0.948002 0.966402 0.980960 0.991493 0.997866 1.000000 0.997866 0.991493 0.980960 0.966402 0.948002 0.925988 0.900630 0.872232 0.841129 0.807677 0.772249 0.735228 0.696998 0.657939 0.618422 0.578800 0.539408 0.519895 0.519895 0.519895 0.519895 0.519895 0.519895 0.519895 0.519895 0.519895 0.519895 0.519895 0.519895 0.519895 0.519895 0.519895 0.519895 0.519895 0.519895 0.519895 0.519895 0.519895 0.519895 0.519895 0.519895 0.519895 0.519895 0.519895 0.519895 0.519895 0.519895 0.519895 0.519895 0.519895 0.519895 0.519895 0.519895 0.519895 0.519895 0.519895 0.519895 0.519895 0.519895 0.519895 0.519895 0.519895 0.519895 0.519895 0.519895 0.519895 0.519895 0.519895 0.519895 0.519895 0.519895 0.519895 0.519895 0.519895 0.519895 0.519895 0.519895 0.519895 0.519895 0.519895 0.519895 0.519895 0.519895 0.519895 0.519895 0.519895 0.519895 0.519895 0.519895 0.519895 0.519895 0.519895 0.519895 0.519895 0.519895 0.519895 0.519895 0.519895 0.519895 0.519895 0.519895 0.519895 0.519895 0.519895 0.519895 0.519895 0.519895 0.519895 0.519895 0.519895 0.519895 0.519895 0.519895 0.519895 0.519895 0.519895 0.519895 0.519895 0.519895 0.519895 0.519895 0.519895 0.519895 0.519895 0.519895 0.519895 0.519895 0.519895 0.519895 0.519895 0.519895 0.519895 0.519895 0.519895 0.519895 0.539408 0.578800 0.618422 0.657939 0.696998 0.735228 0.772249 0.807677 0.841129 0.872232 0.900630 0.925988 0.948002 0.966402 0.980960 0.991493 0.997866 1.000000 0.997866 0.991493 0.980960 0.966402 0.948002 0.925988 0.900630 0.872232 0.841129 0.807677 0.772249 0.735228 0.696998 0.657939 0.618422 0.578800 0.539408 0.500553 0.462517 0.425550 0.389869 0.355656 0.323063 0.292206 0.263170 0.236008 0.210748 0.187389 0.165909 0.146265 0.128397 0.112231 0.097683 0.084658 0.073057 0.062777 0.053714 0.045763 0.038823 0.032795 0.027585 0.023103 0.019267 0.016000 0.013230 0.010893 0.008931 0.007290 0.005926 0.004797 0.003866
0.003866 0.004797 0.005926 0.007290 0.008931 0.010893 0.013230 0.016000 0.019267 0.023103 0.027585 0.032795 0.038823 0.045763 0.053714 0.062777 0.073057 0.084658 0.097683 0.112231 0.128397 0.146265 0.165909 0.187389 0.210748 0.236008 0.263170 0.292206 0.323063 0.355656 0.389869 0.425550 0.462517 0.500553 0.539408 0.578800 0.618422 0.657939 0.696998 0.735228 0.772249 0.807677 0.841129 0.872232 0.900630 0.925988 0.948002 0.966402 0.980960 0.991493 0.997866 1.000000 0.997866 0.991493 0.980960 0.966402 0.948002 0.925988 0.900630 0.872232 0.841129 0.807677 0.772249 0.735228 0.696998 0.657939 0.618422 0.578800 0.559055 0.559055 0.559055 0.559055 0.559055 0.559055 0.559055 0.559055 0.559055 0.559055 0.559055 0.559055 0.559055 0.559055 0.559055 0.559055 0.559055 0.559055 0.559055 0.559055 0.559055 0.559055 0.559055 0.559055 0.559055 0.559055 0.559055 0.559055 0.559055 0.559055 0.559055 0.559055 0.559055 0.559055 0.559055 0.559055 0.559055 0.559055 0.559055 0.559055 0.559055 0.559055 0.559055 0.559055 0.559055 0.559055 0.559055 0.559055 0.559055 0.559055 0.559055 0.559055 0.559055 0.559055 0.559055 0.559055 0.559055 0.559055 0.559055 0.559055 0.559055 0.559055 0.559055 0.559055 0.559055 0.559055 0.559055 0.559055 0.559055 0.559055 0.559055 0.559055 0.559055 0.559055 0.559055 0.559055 0.559055 0.559055 0.559055 0.559055 0.559055 0.559055 0.559055 0.559055 0.559055 0.559055 0.559055 0.559055 0.559055 0.559055 0.559055 0.559055 0.559055 0.559055 0.559055 0.559055 0.559055 0.559055 0.559055 0.559055 0.559055 0.559055 0.559055 0.559055 0.559055 0.559055 0.559055 0.559055 0.559055 0.559055 0.559055 0.559055 0.559055 0.559055 0.559055 0.559055 0.559055 0.559055 0.559055 0.559055 0.578800 0.618422 0.657939 0.696998 0.735228 0.772249 0.807677 0.841129 0.872232 0.900630 0.925988 0.948002 0.966402 0.980960 0.991493 0.997866 1.000000 0.997866 0.991493 0.980960 0.966402 0.948002 0.925988 0.900630 0.872232 0.841129 0.807677 0.772249 0.735228 0.696998 0.657939 0.618422 0.578800 0.539408 0.500553 0.462517 0.425550 0.389869 0.355656 0.323063 0.292206 0.263170 0.236008 0.210748 0.187389 0.165909 0.146265 0.128397 0.112231 0.097683 0.084658 0.073057 0.062777 0.053714 0.045763 0.038823 0.032795 0.027585 0.023103 0.019267 0.016000 0.013230 0.010893 0.008931 0.007290 0.005926 0.004797 0.003866
0.003866 0.004797 0.005926 0.007290 0.008931 0.010893 0.013230 0.016000 0.019267 0.023103 0.027585 0.032795 0.038823 0.045763 0.053714 0.062777 0.073057 0.084658 0.097683 0.112231 0.128397 0.146265 0.165909 0.187389 0.210748 0.236008 0.263170 0.292206 0.323063 0.355656 0.389869 0.425550 0.462517 0.500553 0.539408 0.578800 0.618422 0.657939 0.696998 0.735228 0.772249 0.807677 0.841129 0.872232 0.900630 0.925988 0.948002 0.966402 0.980960 0.991493 0.997866 1.000000 0.997866 0.991493 0.980960 0.966402 0.948002 0.925988 0.900630 0.872232 0.841129 0.807677 0.772249 0.735228 0.696998 0.657939 0.618422 0.598603 0.598603 0.598603 0.598603 0.598603 0.598603 0.598603 0.598603 0.598603 0.598603 0.598603 0.598603 0.598603 0.598603 0.598603 0.598603 0.598603 0.598603 0.598603 0.598603 0.598603 0.598603 0.598603 0.598603 0.598603 0.598603 0.598603 0.598603 0.598603 0.598603 0.598603 0.598603 0.598603 0.598603 0.598603 0.598603 0.598603 0.598603 0.598603 0.598603 0.598603 0.598603 0.598603 0.598603 0.598603 0.598603 0.598603 0.598603 0.598603 0.598603 0.598603 0.598603 0.598603 0.598603 0.598603 0.598603 0.598603 0.598603 0.598603 0.598603 0.598603 0.598603 0.598603 0.598603 0.598603 0.598603 0.598603 0.598603 0.598603 0.598603 0.598603 0.598603 0.598603 0.598603 0.598603 0.598603 0.598603 0.598603 0.598603 0.598603 0.598603 0.598603 0.598603 0.598603 0.598603 0.598603 0.598603 0.598603 0.598603 0.598603 0.598603 0.598603 0.598603 0.598603 0.598603 0.598603 0.598603 0.598603 0.598603 0.598603 0.598603 0.598603 0.598603 0.598603 0.598603 0.598603 0.598603 0.598603 0.598603 0.598603 0.598603 0.598603 0.598603 0.598603 0.598603 0.598603 0.598603 0.598603 0.598603 0.598603 0.598603 0.598603 0.618422 0.657939 0.696998 0.735228 0.772249 0.807677 0.841129 0.872232 0.900630 0.925988 0.948002 0.966402 0.980960 0.991493 0.997866 1.000000 0.997866 0.991493 0.980960 0.966402 0.948002 0.925988 0.900630 0.872232 0.841129 0.807677 0.772249 0.735228 0.696998 0.657939 0.618422 0.578800 0.539408 0.500553 0.462517 0.425550 0.389869 0.355656 0.323063 0.292206 0.263170 0.236008 0.210748 0.187389 0.165909 0.146265 0.128397 0.112231 0.097683 0.084658 0.073057 0.062777 0.053714 0.045763 0.038823 0.032795 0.027585 0.023103 0.019267 0.016000 0.013230 0.010893 0.008931 0.007290 0.005926 0.004797 0.003866
0.003866 0.004797 0.005926 0.007290 0.008931 0.010893 0.013230 0.016000 0.019267 0.023103 0.027585 0.032795 0.038823 0.045763 0.053714 0.062777 0.073057 0.084658 0.097683 0.112231 0.128397 0.146265 0.165909 0.187389 0.210748 0.236008 0.263170 0.292206 0.323063 0.355656 0.389869 0.425550 0.462517 0.500553 0.539408 0.578800 0.618422 0.657939 0.696998 0.735228 0.772249 0.807677 0.841129 0.872232 0.900630 0.925988 0.948002 0.966402 0.980960 0.991493 0.997866 1.000000 0.997866 0.991493 0.980960 0.966402 0.948002 0.925988 0.900630 0.872232 0.841129 0.807677 0.772249 0.735228 0.696998 0.657939 0.638215 0.638215 0.638215 0.638215 0.638215 0.638215 0.638215 0.638215 0.638215 0.638215 0.638215 0.638215 0.638215 0.638215 0.638215 0.638215 0.638215 0.638215 0.638215 0.638215 0.638215 0.638215 0.638215 0.638215 0.638215 0.638215 0.638215 0.638215 0.638215 0.638215 0.638215 0.638215 0.638215 0.638215 0.638215 0.638215 0.638215 0.638215 0.638215 0.638215 0.638215 0.638215 0.638215 0.638215 0.638215 0.638215 0.638215 0.638215 0.638215 0.638215 0.638215 0.638215 0.638215 0.638215 0.638215 0.638215 0.638215 0.638215 0.638215 0.638215 0.638215 0.638215 0.638215 0.638215 0.638215 0.638215 0.638215 0.638215 0.638215 0.638215 0.638215 0.638215 0.638215 0.638215 0.638215 0.638215 0.638215 0.638215 0.638215 0.638215 0.638215 0.638215 0.638215 0.638215 0.638215 0.638215 0.638215 0.638215 0.638215 0.638215 0.638215 0.638215 0.638215 0.638215 0.638215 0.638215 0.638215 0.638215 0.638215 0.638215 0.638215 0.638215 0.638215 0.638215 0.638215 0.638215 0.638215 0.638215 0.638215 0.638215 0.638215 0.638215 0.638215 0.638215 0.638215 0.638215 0.638215 0.638215 0.638215 0.638215 0.638215 0.638215 0.638215 0.638215 0.657939 0.696998 0.735228 0.772249 0.807677 0.841129 0.872232 0.900630 0.925988 0.948002 0.966402 0.980960 0.991493 0.997866 1.000000 0.997866 0.991493 0.980960 0.966402 0.948002 0.925988 0.900630 0.872232 0.841129 0.807677 0.772249 0.735228 0.696998 0.657939 0.618422 0.578800 0.539408 0.500553 0.462517 0.425550 0.389869 0.355656 0.323063 0.292206 0.263170 0.236008 0.210748 0.187389 0.165909 0.146265 0.128397 0.112231 0.097683 0.084658 0.073057 0.062777 0.053714 0.045763 0.038823 0.032795 0.027585 0.023103 0.019267 0.016000 0.013230 0.010893 0.008931 0.007290 0.005926 0.004797 0.003866
0.003866 0.004797 0.005926 0.007290 0.008931 0.010893 0.013230 0.016000 0.019267 0.023103 0.027585 0.032795 0.038823 0.045763 0.053714 0.062777 0.073057 0.084658 0.097683 0.112231 0.128397 0.146265 0.165909 0.187389 0.210748 0.236008 0.263170 0.292206 0.323063 0.355656 0.389869 0.425550 0.462517 0.500553 0.539408 0.578800 0.618422 0.657939 0.696998 0.735228 0.772249 0.807677 0.841129 0.872232 0.900630 0.925988 0.948002 0.966402 0.980960 0.991493 0.997866 1.000000 0.997866 0.991493 0.980960 0.966402 0.948002 0.925988 0.900630 0.872232 0.841129 0.807677 0.772249 0.735228 0.696998 0.677549 0.677549 0.677549 0.677549 0.677549 0.677549 0.677549 0.677549 0.677549 0.677549 0.677549 0.677549 0.677549 0.677549 0.677549 0.677549 0.677549 0.677549 0.677549 0.677549 0.677549 0.677549 0.677549 0.677549 0.677549 0.677549 0.677549 0.677549 0.677549 0.677549 0.677549 0.677549 0.677549 0.677549 0.677549 0.677549 0.677549 0.677549 0.677549 0.677549 0.677549 0.677549 0.677549 0.677549 0.677549 0.677549 0.677549 0.677549 0.677549 0.677549 0.677549 0.677549 0.677549 0.677549 0.677549 0.677549 0.677549 0.677549 0.677549 0.677549 0.677549 0.677549 0.677549 0.677549 0.677549 0.677549 0.677549 0.677549 0.677549 0.677549 0.677549 0.677549 0.677549 0.677549 0.677549 0.677549 0.677549 0.677549 0.677549 0.677549 0.677549 0.677549 0.677549 0.677549 0.677549 0.677549 0.677549 0.677549 0.677549 0.677549 0.677549 0.677549 0.677549 0.677549 0.677549 0.677549 0.677549 0.677549 0.677549 0.677549 0.677549 0.677549 0.677549 0.677549 0.677549 0.677549 0.677549 0.677549 0.677549 0.677549 0.677549 0.677549 0.677549 0.677549 0.677549 0.677549 0.677549 0.677549 0.677549 0.677549 0.677549 0.677549 0.677549 0.677549 0.677549 0.677549 0.696998 0.735228 0.772249 0.807677 0.841129 0.872232 0.900630 0.925988 0.948002 0.966402 0.980960 0.991493 0.997866 1.000000 0.997866 0.991493 0.980960 0.966402 0.948002 0.925988 0.900630 0.872232 0.841129 0.807677 0.772249 0.735228 0.696998 0.657939 0.618422 0.578800 0.539408 0.500553 0.462517 0.425550 0.389869 0.355656 0.323063 0.292206 0.263170 0.236008 0.210748 0.187389 0.165909 0.146265 0.128397 0.112231 0.097683 0.084658 0.073057 0.062777 0.053714 0.045763 0.038823 0.032795 0.027585 0.023103 0.019267 0.016000 0.013230 0.010893 0.008931 0.007290 0.005926 0.004797 0.003866
0.003866 0.004797 0.005926 0.007290 0.008931 0.010893 0.013230 0.016000 0.019267 0.023103 0.027585 0.032795 0.038823 0.045763 0.053714 0.062777 0.073057 0.084658 0.097683 0.112231 0.128397 0.146265 0.165909 0.187389 0.210748 0.236008 0.263170 0.292206 0.323063 0.355656 0.389869 0.425550 0.462517 0.500553 0.539408 0.578800 0.618422 0.657939 0.696998 0.735228 0.772249 0.807677 0.841129 0.872232 0.900630 0.925988 0.948002 0.966402 0.980960 0.991493 0.997866 1.000000 0.997866 0.991493 0.980960 0.966402 0.948002 0.925988 0.900630 0.872232 0.841129 0.807677 0.772249 0.735228 0.716241 0.716241 0.716241 0.716241 0.716241 0.716241 0.716241 0.716241 0.716241 0.716241 0.716241 0.716241 0.716241 0.716241 0.716241 0.716241 0.716241 0.716241 0.716241 0.716241 0.716241 0.716241 0.716241 0.716241 0.716241 0.716241 0.716241 0.716241 0.716241 0.716241 0.716241 0.716241 0.716241 0.716241 0.716241 0.716241 0.716241 0.716241 0.716241 0.716241 0.716241 0.716241 0.716241 0.716241 0.716241 0.716241 0.716241 0.716241 0.716241 0.716241 0.716241 0.716241 0.716241 0.716241 0.716241 0.716241 0.716241 0.716241 0.716241 0.716241 0.716241 0.716241 0.716241 0.716241 0.716241 0.716241 0.716241 0.716241 0.716241 0.716241 0.716241 0.716241 0.716241 0.716241 0.716241 0.716241 0.716241 0.716241 0.716241 0.716241 0.716241 0.716241 0.716241 0.716241 0.716241 0.716241 0.716241 0.716241 0.716241 0.716241 0.716241 0.716241 0.716241 0.716241 0.716241 0.716241 0.716241 0.716241 0.716241 0.716241 0.716241 0.716241 0.716241 0.716241 0.716241 0.716241 0.716241 0.716241 0.716241 0.716241 0.716241 0.716241 0.716241 0.716241 0.716241 0.716241 0.716241 0.716241 0.716241 0.716241 0.716241 0.716241 0.716241 0.716241 0.716241 0.716241 0.716241 0.716241 0.735228 0.772249 0.807677 0.841129 0.872232 0.900630 0.925988 0.948002 0.966402 0.980960 0.991493 0.997866 1.000000 0.997866 0.991493 0.980960 0.966402 0.948002 0.925988 0.900630 0.872232 0.841129 0.807677 0.772249 0.735228 0.696998 0.657939 0.618422 0.578800 0.539408 0.500553 0.462517 0.425550 0.389869 0.355656 0.323063 0.292206 0.263170 0.236008 0.210748 0.187389 0.165909 0.146265 0.128397 0.112231 0.097683 0.084658 0.073057 0.062777 0.053714 0.045763 0.038823 0.032795 0.027585 0.023103 0.019267 0.016000 0.013230 0.010893 0.008931 0.007290 0.005926 0.004797 0.003866
0.003866 0.004797 0.005926 0.007290 0.008931 0.010893 0.013230 0.016000 0.019267 0.023103 0.027585 0.032795 0.038823 0.045763 0.053714 0.062777 0.073057 0.084658 0.097683 0.112231 0.128397 0.146265 0.165909 0.187389 0.210748 0.236008 0.263170 0.292206 0.323063 0.355656 0.389869 0.425550 0.462517 0.500553 0.539408 0.578800 0.618422 0.657939 0.696998 0.735228 0.772249 0.807677 0.841129 0.872232 0.900630 0.925988 0.948002 0.966402 0.980960 0.991493 0.997866 1.000000 0.997866 0.991493 0.980960 0.966402 0.948002 0.925988 0.900630 0.872232 0.841129 0.807677 0.772249 0.753914 0.753914 0.753914 0.753914 0.753914 0.753914 0.753914 0.753914 0.753914 0.753914 0.753914 0.753914 0.753914 0.753914 0.753914 0.753914 0.753914 0.753914 0.753914 0.753914 0.753914 0.753914 0.753914 0.753914 0.753914 0.753914 0.753914 0.753914 0.753914 0.753914 0.753914 0.753914 0.753914 0.753914 0.753914 0.753914 0.753914 0.753914 0.753914 0.753914 0.753914 0.753914 0.753914 0.753914 0.753914 0.753914 0.753914 0.753914 0.753914 0.753914 0.753914 0.753914 0.753914 0.753914 0.753914 0.753914 0.753914 0.753914 0.753914 0.753914 0.753914 0.753914 0.753914 0.753914 0.753914 0.753914 0.753914 0.753914 0.753914 0.753914 0.753914 0.753914 0.753914 0.753914 0.753914 0.753914 0.753914 0.753914 0.753914 0.753914 0.753914 0.753914 0.753914 0.753914 0.753914 0.753914 0.753914 0.753914 0.753914 0.753914 0.753914 0.753914 0.753914 0.753914 0.753914 0.753914 0.753914 0.753914 0.753914 0.753914 0.753914 0.753914 0.753914 0.753914 0.753914 0.753914 0.753914 0.753914 0.753914 0.753914 0.753914 0.753914 0.753914 0.753914 0.753914 0.753914 0.753914 0.753914 0.753914 0.753914 0.753914 0.753914 0.753914 0.753914 0.753914 0.753914 0.753914 0.753914 0.753914 0.753914 0.772249 0.807677 0.841129 0.872232 0.900630 0.925988 0.948002 0.966402 0.980960 0.991493 0.997866 1.000000 0.997866 0.991493 0.980960 0.966402 0.948002 0.925988 0.900630 0.872232 0.841129 0.807677 0.772249 0.735228 0.696998 0.657939 0.618422 0.578800 0.539408 0.500553 0.462517 0.425550 0.389869 0.355656 0.323063 0.292206 0.263170 0.236008 0.210748 0.187389 0.165909 0.146265 0.128397 0.112231 0.097683 0.084658 0.073057 0.062777 0.053714 0.045763 0.038823 0.032795 0.027585 0.023103 0.019267 0.016000 0.013230 0.010893 0.008931 0.007290 0.005926 0.004797 0.003866
0.003866 0.004797 0.005926 0.007290 0.008931 0.010893 0.013230 0.016000 0.019267 0.023103 0.027585 0.032795 0.038823 0.045763 0.053714 0.062777 0.073057 0.084658 0.097683 0.112231 0.128397 0.146265 0.165909 0.187389 0.210748 0.236008 0.263170 0.292206 0.323063 0.355656 0.389869 0.425550 0.462517 0.500553 0.539408 0.578800 0.618422 0.657939 0.696998 0.735228 0.772249 0.807677 0.841129 0.872232 0.900630 0.925988 0.948002 0.966402 0.980960 0.991493 0.997866 1.000000 0.997866 0.991493 0.980960 0.966402 0.948002 0.925988 0.900630 0.872232 0.841129 0.807677 0.790186 0.790186 0.790186 0.790186 0.790186 0.790186 0.790186 0.790186 0.790186 0.790186 0.790186 0.790186 0.790186 0.790186 0.790186 0.790186 0.790186 0.790186 0.790186 0.790186 0.790186 0.790186 0.790186 0.790186 0.790186 0.790186 0.790186 0.790186 0.790186 0.790186 0.790186 0.790186 0.790186 0.790186 0.790186 0.790186 0.790186 0.790186 0.790186 0.790186 0.790186 0.790186 0.790186 0.790186 0.790186 0.790186 0.790186 0.790186 0.790186 0.790186 0.790186 0.790186 0.790186 0.790186 0.790186 0.790186 0.790186 0.790186 0.790186 0.790186 0.790186 0.790186 0.790186 0.790186 0.790186 0.790186 0.790186 0.790186 0.790186 0.790186 0.790186 0.790186 0.790186 0.790186 0.790186 0.790186 0.790186 0.790186 0.790186 0.790186 0.790186 0.790186 0.790186 0.790186 0.790186 0.790186 0.790186 0.790186 0.790186 0.790186 0.790186 0.790186 0.790186 0.790186 0.790186 0.790186 0.790186 0.790186 0.790186 0.790186 0.790186 0.790186 0.790186 0.790186 0.790186 0.790186 0.790186 0.790186 0.790186 0.790186 0.790186 0.790186 0.790186 0.790186 0.790186 0.790186 0.790186 0.790186 0.790186 0.790186 0.790186 0.790186 0.790186 0.790186 0.790186 0.790186 0.790186 0.790186 0.790186 0.790186 0.790186 0.790186 0.807677 0.841129 0.872232 0.900630 0.925988 0.948002 0.966402 0.980960 0.991493 0.997866 1.000000 0.997866 0.991493 0.980960 0.966402 0.948002 0.925988 0.900630 0.872232 0.841129 0.807677 0.772249 0.735228 0.696998 0.657939 0.618422 0.578800 0.539408 0.500553 0.462517 0.425550 0.389869 0.355656 0.323063 0.292206 0.263170 0.236008 0.210748 0.187389 0.165909 0.146265 0.128397 0.112231 0.097683 0.084658 0.073057 0.062777 0.053714 0.045763 0.038823 0.032795 0.027585 0.023103 0.019267 0.016000 0.013230 0.010893 0.008931 0.007290 0.005926 0.004797 0.003866
0.003866 0.004797 0.005926 0.007290 0.008931 0.010893 0.013230 0.016000 0.019267 0.023103 0.027585 0.032795 0.038823 0.045763 0.053714 0.062777 0.073057 0.084658 0.097683 0.112231 0.128397 0.146265 0.165909 0.187389 0.210748 0.236008 0.263170 0.292206 0.323063 0.355656 0.389869 0.425550 0.462517 0.500553 0.539408 0.578800 0.618422 0.657939 0.696998 0.735228 0.772249 0.807677 0.841129 0.872232 0.900630 0.925988 0.948002 0.966402 0.980960 0.991493 0.997866 1.000000 0.997866 0.991493 0.980960 0.966402 0.948002 0.925988 0.900630 0.872232 0.841129 0.824673 0.824673 0.824673 0.824673 0.824673 0.824673 0.824673 0.824673 0.824673 0.824673 0.824673 0.824673 0.824673 0.824673 0.824673 0.824673 0.824673 0.824673 0.824673 0.824673 0.824673 0.824673 0.824673 0.824673 0.824673 0.824673 0.824673 0.824673 0.824673 0.824673 0.824673 0.824673 0.824673 0.824673 0.824673 0.824673 0.824673 0.824673 0.824673 0.824673 0.824673 0.824673 0.824673 0.824673 0.824673 0.824673 0.824673 0.824673 0.824673 0.824673 0.824673 0.824673 0.824673 0.824673 0.824673 0.824673 0.824673 0.824673 0.824673 0.824673 0.824673 0.824673 0.824673 0.824673 0.824673 0.824673 0.824673 0.824673 0.824673 0.824673 0.824673 0.824673 0.824673 0.824673 0.824673 0.824673 0.824673 0.824673 0.824673 0.824673 0.824673 0.824673 0.824673 0.824673 0.824673 0.824673 0.824673 0.824673 0.824673 0.824673 0.824673 0.824673 0.824673 0.824673 0.824673 0.824673 0.824673 0.824673 0.824673 0.824673 0.824673 0.824673 0.824673 0.824673 0.824673 0.824673 0.824673 0.824673 0.824673 0.824673 0.824673 0.824673 0.824673 0.824673 0.824673 0.824673 0.824673 0.824673 0.824673 0.824673 0.824673 0.824673 0.824673 0.824673 0.824673 0.824673 0.824673 0.824673 0.824673 0.824673 0.824673 0.824673 0.824673 0.824673 0.841129 0.872232 0.900630 0.925988 0.948002 0.966402 0.980960 0.991493 0.997866 1.000000 0.997866 0.991493 0.980960 0.966402 0.948002 0.925988 0.900630 0.872232 0.841129 0.807677 0.772249 0.735228 0.696998 0.657939 0.618422 0.578800 0.539408 0.500553 0.462517 0.425550 0.389869 0.355656 0.323063 0.292206 0.263170 0.236008 0.210748 0.187389 0.165909 0.146265 0.128397 0.112231 0.097683 0.084658 0.073057 0.062777 0.053714 0.045763 0.038823 0.032795 0.027585 0.023103 0.019267 0.016000 0.013230 0.010893 0.008931 0.007290 0.005926 0.004797 0.003866
0.003866 0.004797 0.005926 0.007290 0.008931 0.010893 0.013230 0.016000 0.019267 0.023103 0.027585 0.032795 0.038823 0.045763 0.053714 0.062777 0.073057 0.084658 0.097683 0.112231 0.128397 0.146265 0.165909 0.187389 0.210748 0.236008 0.263170 0.292206 0.323063 0.355656 0.389869 0.425550 0.462517 0.500553 0.539408 0.578800 0.618422 0.657939 0.696998 0.735228 0.772249 0.807677 0.841129 0.872232 0.900630 0.925988 0.948002 0.966402 0.980960 0.991493 0.997866 1.000000 0.997866 0.991493 0.980960 0.966402 0.948002 0.925988 0.900630 0.872232 0.856997 0.856997 0.856997 0.856997 0.856997 0.856997 0.856997 0.856997 0.856997 0.856997 0.856997 0.856997 0.856997 0.856997 0.856997 0.856997 0.856997 0.856997 0.856997 0.856997 0.856997 0.856997 0.856997 0.856997 0.856997 0.856997 0.856997 0.856997 0.856997 0.856997 0.856997 0.856997 0.856997 0.856997 0.856997 0.856997 0.856997 0.856997 0.856997 0.856997 0.856997 0.856997 0.856997 0.856997 0.856997 0.856997 0.856997 0.856997 0.856997 0.856997 0.856997 0.856997 0.856997 0.856997 0.856997 0.856997 0.856997 0.856997 0.856997 0.856997 0.856997 0.856997 0.856997 0.856997 0.856997 0.856997 0.856997 0.856997 0.856997 0.856997 0.856997 0.856997 0.856997 0.856997 0.856997 0.856997 0.856997 0.856997 0.856997 0.856997 0.856997 0.856997 0.856997 0.856997 0.856997 0.856997 0.856997 0.856997 0.856997 0.856997 0.856997 0.856997 0.856997 0.856997 0.856997 0.856997 0.856997 0.856997 0.856997 0.856997 0.856997 0.856997 0.856997 0.856997 0.856997 0.856997 0.856997 0.856997 0.856997 0.856997 0.856997 0.856997 0.856997 0.856997 0.856997 0.856997 0.856997 0.856997 0.856997 0.856997 0.856997 0.856997 0.856997 0.856997 0.856997 0.856997 0.856997 0.856997 0.856997 0.856997 0.856997 0.856997 0.856997 0.856997 0.856997 0.856997 0.872232 0.900630 0.925988 0.948002 0.966402 0.980960 0.991493 0.997866 1.000000 0.997866 0.991493 0.980960 0.966402 0.948002 0.925988 0.900630 0.872232 0.841129 0.807677 0.772249 0.735228 0.696998 0.657939 0.618422 0.578800 0.539408 0.500553 0.462517 0.425550 0.389869 0.355656 0.323063 0.292206 0.263170 0.236008 0.210748 0.187389 0.165909 0.146265 0.128397 0.112231 0.097683 0.084658 0.073057 0.062777 0.053714 0.045763 0.038823 0.032795 0.027585 0.023103 0.019267 0.016000 0.013230 0.010893 0.008931 0.007290 0.005926 0.004797 0.003866
0.003866 0.004797 0.005926 0.007290 0.008931 0.010893 0.013230 0.016000 0.019267 0.023103 0.027585 0.032795 0.038823 0.045763 0.053714 0.062777 0.073057 0.084658 0.097683 0.112231 0.128397 0.146265 0.165909 0.187389 0.210748 0.236008 0.263170 0.292206 0.323063 0.355656 0.389869 0.425550 0.462517 0.500553 0.539408 0.578800 0.618422 0.657939 0.696998 0.735228 0.772249 0.807677 0.841129 0.872232 0.900630 0.925988 0.948002 0.966402 0.980960 0.991493 0.997866 1.000000 0.997866 0.991493 0.980960 0.966402 0.948002 0.925988 0.900630 0.886791 0.886791 0.886791 0.886791 0.886791 0.886791 0.886791 0.886791 0.886791 0.886791 0.886791 0.886791 0.886791 0.886791 0.886791 0.886791 0.886791 0.886791 0.886791 0.886791 0.886791 0.886791 0.886791 0.886791 0.886791 0.886791 0.886791 0.886791 0.886791 0.886791 0.886791 0.886791 0.886791 0.886791 0.886791 0.886791 0.886791 0.886791 0.886791 0.886791 0.886791 0.886791 0.886791 0.886791 0.886791 0.886791 0.886791 0.886791 0.886791 0.886791 0.886791 0.886791 0.886791 0.886791 0.886791 0.886791 0.886791 0.886791 0.886791 0.886791 0.886791 0.886791 0.886791 0.886791 0.886791 0.886791 0.886791 0.886791 0.886791 0.886791 0.886791 0.886791 0.886791 0.886791 0.886791 0.886791 0.886791 0.886791 0.886791 0.886791 0.886791 0.886791 0.886791 0.886791 0.886791 0.886791 0.886791 0.886791 0.886791 0.886791 0.886791 0.886791 0.886791 0.886791 0.886791 0.886791 0.886791 0.886791 0.886791 0.886791 0.886791 0.886791 0.886791 0.886791 0.886791 0.886791 0.886791 0.886791 0.886791 0.886791 0.886791 0.886791 0.886791 0.886791 0.886791 0.886791 0.886791 0.886791 0.886791 0.886791 0.886791 0.886791 0.886791 0.886791 0.886791 0.886791 0.886791 0.886791 0.886791 0.886791 0.886791 0.886791 0.886791 0.886791 0.886791 0.886791 0.886791 0.886791 0.900630 0.925988 0.948002 0.966402 0.980960 0.991493 0.997866 1.000000 0.997866 0.991493 0.980960 0.966402 0.948002 0.925988 0.900630 0.872232 0.841129 0.807677 0.772249 0.735228 0.696998 0.657939 0.618422 0.578800 0.539408 0.500553 0.462517 0.425550 0.389869 0.355656 0.323063 0.292206 0.263170 0.236008 0.210748 0.187389 0.165909 0.146265 0.128397 0.112231 0.097683 0.084658 0.073057 0.062777 0.053714 0.045763 0.038823 0.032795 0.027585 0.023103 0.019267 0.016000 0.013230 0.010893 0.008931 0.007290 0.005926 0.004797 0.003866
0.003866 0.004797 0.005926 0.007290 0.008931 0.010893 0.013230 0.016000 0.019267 0.023103 0.027585 0.032795 0.038823 0.045763 0.053714 0.062777 0.073057 0.084658 0.097683 0.112231 0.128397 0.146265 0.165909 0.187389 0.210748 0.236008 0.263170 0.292206 0.323063 0.355656 0.389869 0.425550 0.462517 0.500553 0.539408 0.578800 0.618422 0.657939 0.696998 0.735228 0.772249 0.807677 0.841129 0.872232 0.900630 0.925988 0.948002 0.966402 0.980960 0.991493 0.997866 1.000000 0.997866 0.991493 0.980960 0.966402 0.948002 0.925988 0.913709 0.913709 0.913709 0.913709 0.913709 0.913709 0.913709 0.913709 0.913709 0.913709 0.913709 0.913709 0.913709 0.913709 0.913709 0.913709 0.913709 0.913709 0.913709 0.913709 0.913709 0.913709 0.913709 0.913709 0.913709 0.913709 0.913709 0.913709 0.913709 0.913709 0.913709 0.913709 0.913709 0.913709 0.913709 0.913709 0.913709 0.913709 0.913709 0.913709 0.913709 0.913709 0.913709 0.913709 0.913709 0.913709 0.913709 0.913709 0.913709 0.913709 0.913709 0.913709 0.913709 0.913709 0.913709 0.913709 0.913709 0.913709 0.913709 0.913709 0.913709 0.913709 0.913709 0.913709 0.913709 0.913709 0.913709 0.913709 0.913709 0.913709 0.913709 0.913709 0.913709 0.913709 0.913709 0.913709 0.913709 0.913709 0.913709 0.913709 0.913709 0.913709 0.913709 0.913709 0.913709 0.913709 0.913709 0.913709 0.913709 0.913709 0.913709 0.913709 0.913709 0.913709 0.913709 0.913709 0.913709 0.913709 0.913709 0.913709 0.913709 0.913709 0.913709 0.913709 0.913709 0.913709 0.913709 0.913709 0.913709 0.913709 0.913709 0.913709 0.913709 0.913709 0.913709 0.913709 0.913709 0.913709 0.913709 0.913709 0.913709 0.913709 0.913709 0.913709 0.913709 0.913709 0.913709 0.913709 0.913709 0.913709 0.913709 0.913709 0.913709 0.913709 0.913709 0.913709 0.913709 0.913709 0.913709 0.913709 0.925988 0.948002 0.966402 0.980960 0.991493 0.997866 1.000000 0.997866 0.991493 0.980960 0.966402 0.948002 0.925988 0.900630 0.872232 0.841129 0.807677 0.772249 0.735228 0.696998 0.657939 0.618422 0.578800 0.539408 0.500553 0.462517 0.425550 0.389869 0.355656 0.323063 0.292206 0.263170 0.236008 0.210748 0.187389 0.165909 0.146265 0.128397 0.112231 0.097683 0.084658 0.073057 0.062777 0.053714 0.045763 0.038823 0.032795 0.027585 0.023103 0.019267 0.016000 0.013230 0.010893 0.008931 0.007290 0.005926 0.004797 0.003866
0.003866 0.004797 0.005926 0.007290 0.008931 0.010893 0.013230 0.016000 0.019267 0.023103 0.027585 0.032795 0.038823 0.045763 0.053714 0.062777 0.073057 0.084658 0.097683 0.112231 0.128397 0.146265 0.165909 0.187389 0.210748 0.236008 0.263170 0.292206 0.323063 0.355656 0.389869 0.425550 0.462517 0.500553 0.539408 0.578800 0.618422 0.657939 0.696998 0.735228 0.772249 0.807677 0.841129 0.872232 0.900630 0.925988 0.948002 0.966402 0.980960 0.991493 0.997866 1.000000 0.997866 0.991493 0.980960 0.966402 0.948002 0.937431 0.937431 0.937431 0.937431 0.937431 0.937431 0.937431 0.937431 0.937431 0.937431 0.937431 0.937431 0.937431 0.937431 0.937431 0.937431 0.937431 0.937431 0.937431 0.937431 0.937431 0.937431 0.937431 0.937431 0.937431 0.937431 0.937431 0.937431 0.937431 0.937431 0.937431 0.937431 0.937431 0.937431 0.937431 0.937431 0.937431 0.937431 0.937431 0.937431 0.937431 0.937431 0.937431 0.937431 0.937431 0.937431 0.937431 0.937431 0.937431 0.937431 0.937431 0.937431 0.937431 0.937431 0.937431 0.937431 0.937431 0.937431 0.937431 0.937431 0.937431 0.937431 0.937431 0.937431 0.937431 0.937431 0.937431 0.937431 0.937431 0.937431 0.937431 0.937431 0.937431 0.937431 0.937431 0.937431 0.937431 0.937431 0.937431 0.937431 0.937431 0.937431 0.937431 0.937431 0.937431 0.937431 0.937431 0.937431 0.937431 0.937431 0.937431 0.937431 0.937431 0.937431 0.937431 0.937431 0.937431 0.937431 0.937431 0.937431 0.937431 0.937431 0.937431 0.937431 0.937431 0.937431 0.937431 0.937431 0.937431 0.937431 0.937431 0.937431 0.937431 0.937431 0.937431 0.937431 0.937431 0.937431 0.937431 0.937431 0.937431 0.937431 0.937431 0.937431 0.937431 0.937431 0.937431 0.937431 0.937431 0.937431 0.937431 0.937431 0.937431 0.937431 0.937431 0.937431 0.937431 0.937431 0.937431 0.937431 0.937431 0.937431 0.948002 0.966402 0.980960 0.991493 0.997866 1.000000 0.997866 0.991493 0.980960 0.966402 0.948002 0.925988 0.900630 0.872232 0.841129 0.807677 0.772249 0.735228 0.696998 0.657939 0.618422 0.578800 0.539408 0.500553 0.462517 0.425550 0.389869 0.355656 0.323063 0.292206 0.263170 0.236008 0.210748 0.187389 0.165909 0.146265 0.128397 0.112231 0.097683 0.084658 0.073057 0.062777 0.053714 0.045763 0.038823 0.032795 0.027585 0.023103 0.019267 0.016000 0.013230 0.010893 0.008931 0.007290 0.005926 0.004797 0.003866
0.003866 0.004797 0.005926 0.007290 0.008931 0.010893 0.013230 0.016000 0.019267 0.023103 0.027585 0.032795 0.038823 0.045763 0.053714 0.062777 0.073057 0.084658 0.097683 0.112231 0.128397 0.146265 0.165909 0.187389 0.210748 0.236008 0.263170 0.292206 0.323063 0.355656 0.389869 0.425550 0.462517 0.500553 0.539408 0.578800 0.618422 0.657939 0.696998 0.735228 0.772249 0.807677 0.841129 0.872232 0.900630 0.925988 0.948002 0.966402 0.980960 0.991493 0.997866 1.000000 0.997866 0.991493 0.980960 0.966402 0.957669 0.957669 0.957669 0.957669 0.957669 0.957669 0.957669 0.957669 0.957669 0.957669 0.957669 0.957669 0.957669 0.957669 0.957669 0.957669 0.957669 0.957669 0.957669 0.957669 0.957669 0.957669 0.957669 0.957669 0.957669 0.957669 0.957669 0.957669 0.957669 0.957669 0.957669 0.957669 0.957669 0.957669 0.957669 0.957669 0.957669 0.957669 0.957669 0.957669 0.957669 0.957669 0.957669 0.957669 0.957669 0.957669 0.957669 0.957669 0.957669 0.957669 0.957669 0.957669 0.957669 0.957669 0.957669 0.957669 0.957669 0.957669 0.957669 0.957669 0.957669 0.957669 0.957669 0.957669 0.957669 0.957669 0.957669 0.957669 0.957669 0.957669 0.957669 0.957669 0.957669 0.957669 0.957669 0.957669 0.957669 0.957669 0.957669 0.957669 0.957669 0.957669 0.957669 0.957669 0.957669 0.957669 0.957669 0.957669 0.957669 0.957669 0.957669 0.957669 0.957669 0.957669 0.957669 0.957669 0.957669 0.957669 0.957669 0.957669 0.957669 0.957669 0.957669 0.957669 0.957669 0.957669 0.957669 0.957669 0.957669 0.957669 0.957669 0.957669 0.957669 0.957669 0.957669 0.957669 0.957669 0.957669 0.957669 0.957669 0.957669 0.957669 0.957669 0.957669 0.957669 0.957669 0.957669 0.957669 0.957669 0.957669 0.957669 0.957669 0.957669 0.957669 0.957669 0.957669 0.957669 0.957669 0.957669 0.957669 0.957669 0.957669 0.957669 0.957669 0.966402 0.980960 0.991493 0.997866 1.000000 0.997866 0.991493 0.980960 0.966402 0.948002 0.925988 0.900630 0.872232 0.841129 0.807677 0.772249 0.735228 0.696998 0.657939 0.618422 0.578800 0.539408 0.500553 0.462517 0.425550 0.389869 0.355656 0.323063 0.292206 0.263170 0.236008 0.210748 0.187389 0.165909 0.146265 0.128397 0.112231 0.097683 0.084658 0.073057 0.062777 0.053714 0.045763 0.038823 0.032795 0.027585 0.023103 0.019267 0.016000 0.013230 0.010893 0.008931 0.007290 0.005926 0.004797 0.003866
0.003866 0.004797 0.005926 0.007290 0.008931 0.010893 0.013230 0.016000 0.019267 0.023103 0.027585 0.032795 0.038823 0.045763 0.053714 0.062777 0.073057 0.084658 0.097683 0.112231 0.128397 0.146265 0.165909 0.187389 0.210748 0.236008 0.263170 0.292206 0.323063 0.355656 0.389869 0.425550 0.462517 0.500553 0.539408 0.578800 0.618422 0.657939 0.696998 0.735228 0.772249 0.807677 0.841129 0.872232 0.900630 0.925988 0.948002 0.966402 0.980960 0.991493 0.997866 1.000000 0.997866 0.991493 0.980960 0.974174 0.974174 0.974174 0.974174 0.974174 0.974174 0.974174 0.974174 0.974174 0.974174 0.974174 0.974174 0.974174 0.974174 0.974174 0.974174 0.974174 0.974174 0.974174 0.974174 0.974174 0.974174 0.974174 0.974174 0.974174 0.974174 0.974174 0.974174 0.974174 0.974174 0.974174 0.974174 0.974174 0.974174 0.974174 0.974174 0.974174 0.974174 0.974174 0.974174 0.974174 0.974174 0.974174 0.974174 0.974174 0.974174 0.974174 0.974174 0.974174 0.974174 0.974174 0.974174 0.974174 0.974174 0.974174 0.974174 0.974174 0.974174 0.974174 0.974174 0.974174 0.974174 0.974174 0.974174 0.974174 0.974174 0.974174 0.974174 0.974174 0.974174 0.974174 0.974174 0.974174 0.974174 0.974174 0.974174 0.974174 0.974174 0.974174 0.974174 0.974174 0.974174 0.974174 0.974174 0.974174 0.974174 0.974174 0.974174 0.974174 0.974174 0.974174 0.974174 0.974174 0.974174 0.974174 0.974174 0.974174 0.974174 0.974174 0.974174 0.974174 0.974174 0.974174 0.974174 0.974174 0.974174 0.974174 0.974174 0.974174 0.974174 0.974174 0.974174 0.974174 0.974174 0.974174 0.974174 0.974174 0.974174 0.974174 0.974174 0.974174 0.974174 0.974174 0.974174 0.974174 0.974174 0.974174 0.974174 0.974174 0.974174 0.974174 0.974174 0.974174 0.974174 0.974174 0.974174 0.974174 0.974174 0.974174 0.974174 0.974174 0.974174 0.974174 0.974174 0.974174 0.974174 0.980960 0.991493 0.997866 1.000000 0.997866 0.991493 0.980960 0.966402 0.948002 0.925988 0.900630 0.872232 0.841129 0.807677 0.772249 0.735228 0.696998 0.657939 0.618422 0.578800 0.539408 0.500553 0.462517 0.425550 0.389869 0.355656 0.323063 0.292206 0.263170 0.236008 0.210748 0.187389 0.165909 0.146265 0.128397 0.112231 0.097683 0.084658 0.073057 0.062777 0.053714 0.045763 0.038823 0.032795 0.027585 0.023103 0.019267 0.016000 0.013230 0.010893 0.008931 0.007290 0.005926 0.004797 0.003866
0.003866 0.004797 0.005926 0.007290 0.008931 0.010893 0.013230 0.016000 0.019267 0.023103 0.027585 0.032795 0.038823 0.045763 0.053714 0.062777 0.073057 0.084658 0.097683 0.112231 0.128397 0.146265 0.165909 0.187389 0.210748 0.236008 0.263170 0.292206 0.323063 0.355656 0.389869 0.425550 0.462517 0.500553 0.539408 0.578800 0.618422 0.657939 0.696998 0.735228 0.772249 0.807677 0.841129 0.872232 0.900630 0.925988 0.948002 0.966402 0.980960 0.991493 0.997866 1.000000 0.997866 0.991493 0.986739 0.986739 0.986739 0.986739 0.986739 0.986739 0.986739 0.986739 0.986739 0.986739 0.986739 0.986739 0.986739 0.986739 0.986739 0.986739 0.986739 0.986739 0.986739 0.986739 0.986739 0.986739 0.986739 0.986739 0.986739 0.986739 0.986739 0.986739 0.986739 0.986739 0.986739 0.986739 0.986739 0.986739 0.986739 0.986739 0.986739 0.986739 0.986739 0.986739 0.986739 0.986739 0.986739 0.986739 0.986739 0.986739 0.986739 0.986739 0.986739 0.986739 0.986739 0.986739 0.986739 0.986739 0.986739 0.986739 0.986739 0.986739 0.986739 0.986739 0.986739 0.986739 0.986739 0.986739 0.986739 0.986739 0.986739 0.986739 0.986739 0.986739 0.986739 0.986739 0.986739 0.986739 0.986739 0.986739 0.986739 0.986739 0.986739 0.986739 0.986739 0.986739 0.986739 0.986739 0.986739 0.986739 0.986739 0.986739 0.986739 0.986739 0.986739 0.986739 0.986739 0.986739 0.986739 0.986739 0.986739 0.986739 0.986739 0.986739 0.986739 0.986739 0.986739 0.986739 0.986739 0.986739 0.986739 0.986739 0.986739 0.986739 0.986739 0.986739 0.986739 0.986739 0.986739 0.986739 0.986739 0.986739 0.986739 0.986739 0.986739 0.986739 0.986739 0.986739 0.986739 0.986739 0.986739 0.986739 0.986739 0.986739 0.986739 0.986739 0.986739 0.986739 0.986739 0.986739 0.986739 0.986739 0.986739 0.986739 0.986739 0.986739 0.986739 0.986739 0.986739 0.986739 0.986739 0.986739 0.991493 0.997866 1.000000 0.997866 0.991493 0.980960 0.966402 0.948002 0.925988 0.900630 0.872232 0.841129 0.807677 0.772249 0.735228 0.696998 0.657939 0.618422 0.578800 0.539408 0.500553 0.462517 0.425550 0.389869 0.355656 0.323063 0.292206 0.263170 0.236008 0.210748 0.187389 0.165909 0.146265 0.128397 0.112231 0.097683 0.084658 0.073057 0.062777 0.053714 0.045763 0.038823 0.032795 0.027585 0.023103 0.019267 0.016000 0.013230 0.010893 0.008931 0.007290 0.005926 0.004797 0.003866
0.003866 0.004797 0.005926 0.007290 0.008931 0.010893 0.013230 0.016000 0.019267 0.023103 0.027585 0.032795 0.038823 0.045763 0.053714 0.062777 0.073057 0.084658 0.097683 0.112231 0.128397 0.146265 0.165909 0.187389 0.210748 0.236008 0.263170 0.292206 0.323063 0.355656 0.389869 0.425550 0.462517 0.500553 0.539408 0.578800 0.618422 0.657939 0.696998 0.735228 0.772249 0.807677 0.841129 0.872232 0.900630 0.925988 0.948002 0.966402 0.980960 0.991493 0.997866 1.000000 0.997866 0.995206 0.995206 0.995206 0.995206 0.995206 0.995206 0.995206 0.995206 0.995206 0.995206 0.995206 0.995206 0.995206 0.995206 0.995206 0.995206 0.995206 0.995206 0.995206 0.995206 0.995206 0.995206 0.995206 0.995206 0.995206 0.995206 0.995206 0.995206 0.995206 0.995206 0.995206 0.995206 0.995206 0.995206 0.995206 0.995206 0.995206 0.995206 0.995206 0.995206 0.995206 0.995206 0.995206 0.995206 0.995206 0.995206 0.995206 0.995206 0.995206 0.995206 0.995206 0.995206 0.995206 0.995206 0.995206 0.995206 0.995206 0.995206 0.995206 0.995206 0.995206 0.995206 0.995206 0.995206 0.995206 0.995206 0.995206 0.995206 0.995206 0.995206 0.995206 0.995206 0.995206 0.995206 0.995206 0.995206 0.995206 0.995206 0.995206 0.995206 0.995206 0.995206 0.995206 0.995206 0.995206 0.995206 0.995206 0.995206 0.995206 0.995206 0.995206 0.995206 0.995206 0.995206 0.995206 0.995206 0.995206 0.995206 0.995206 0.995206 0.995206 0.995206 0.995206 0.995206 0.995206 0.995206 0.995206 0.995206 0.995206 0.995206 0.995206 0.995206 0.995206 0.995206 0.995206 0.995206 0.995206 0.995206 0.995206 0.995206 0.995206 0.995206 0.995206 0.995206 0.995206 0.995206 0.995206 0.995206 0.995206 0.995206 0.995206 0.995206 0.995206 0.995206 0.995206 0.995206 0.995206 0.995206 0.995206 0.995206 0.995206 0.995206 0.995206 0.995206 0.995206 0.995206 0.995206 0.995206 0.995206 0.995206 0.997866 1.000000 0.997866 0.991493 0.980960 0.966402 0.948002 0.925988 0.900630 0.872232 0.841129 0.807677 0.772249 0.735228 0.696998 0.657939 0.618422 0.578800 0.539408 0.500553 0.462517 0.425550 0.389869 0.355656 0.323063 0.292206 0.263170 0.236008 0.210748 0.187389 0.165909 0.146265 0.128397 0.112231 0.097683 0.084658 0.073057 0.062777 0.053714 0.045763 0.038823 0.032795 0.027585 0.023103 0.019267 0.016000 0.013230 0.010893 0.008931 0.007290 0.005926 0.004797 0.003866
0.003866 0.004797 0.005926 0.007290 0.008931 0.010893 0.013230 0.016000 0.019267 0.023103 0.027585 0.032795 0.038823 0.045763 0.053714 0.062777 0.073057 0.084658 0.097683 0.112231 0.128397 0.146265 0.165909 0.187389 0.210748 0.236008 0.263170 0.292206 0.323063 0.355656 0.389869 0.425550 0.462517 0.500553 0.539408 0.578800 0.618422 0.657939 0.696998 0.735228 0.772249 0.807677 0.841129 0.872232 0.900630 0.925988 0.948002 0.966402 0.980960 0.991493 0.997866 1.000000 0.999466 0.999466 0.999466 0.999466 0.999466 0.999466 0.999466 0.999466 0.999466 0.999466 0.999466 0.999466 0.999466 0.999466 0.999466 0.999466 0.999466 0.999466 0.999466 0.999466 0.999466 0.999466 0.999466 0.999466 0.999466 0.999466 0.999466 0.999466 0.999466 0.999466 0.999466 0.999466 0.999466 0.999466 0.999466 0.999466 0.999466 0.999466 0.999466 0.999466 0.999466 0.999466 0.999466 0.999466 0.999466 0.999466 0.999466 0.999466 0.999466 0.999466 0.999466 0.999466 0.999466 0.999466 0.999466 0.999466 0.999466 0.999466 0.999466 0.999466 0.999466 0.999466 0.999466 0.999466 0.999466 0.999466 0.999466 0.999466 0.999466 0.999466 0.999466 0.999466 0.999466 0.999466 0.999466 0.999466 0.999466 0.999466 0.999466 0.999466 0.999466 0.999466 0.999466 0.999466 0.999466 0.999466 0.999466 0.999466 0.999466 0.999466 0.999466 0.999466 0.999466 0.999466 0.999466 0.999466 0.999466 0.999466 0.999466 0.999466 0.999466 0.999466 0.999466 0.999466 0.999466 0.999466 0.999466 0.999466 0.999466 0.999466 0.999466 0.999466 0.999466 0.999466 0.999466 0.999466 0.999466 0.999466 0.999466 0.999466 0.999466 0.999466 0.999466 0.999466 0.999466 0.999466 0.999466 0.999466 0.999466 0.999466 0.999466 0.999466 0.999466 0.999466 0.999466 0.999466 0.999466 0.999466 0.999466 0.999466 0.999466 0.999466 0.999466 0.999466 0.999466 0.999466 0.999466 0.999466 0.999466 0.999466 0.999466 0.999466 1.000000 0.997866 0.991493 0.980960 0.966402 0.948002 0.925988 0.900630 0.872232 0.841129 0.807677 0.772249 0.735228 0.696998 0.657939 0.618422 0.578800 0.539408 0.500553 0.462517 0.425550 0.389869 0.355656 0.323063 0.292206 0.263170 0.236008 0.210748 0.187389 0.165909 0.146265 0.128397 0.112231 0.097683 0.084658 0.073057 0.062777 0.053714 0.045763 0.038823 0.032795 0.027585 0.023103 0.019267 0.016000 0.013230 0.010893 0.008931 0.007290 0.005926 0.004797 0.003866
0.003866 0.004797 0.005926 0.007290 0.008931 0.010893 0.013230 0.016000 0.019267 0.023103 0.027585 0.032795 0.038823 0.045763 0.053714 0.062777 0.073057 0.084658 0.097683 0.112231 0.128397 0.146265 0.165909 0.187389 0.210748 0.236008 0.263170 0.292206 0.323063 0.355656 0.389869 0.425550 0.462517 0.500553 0.539408 0.578800 0.618422 0.657939 0.696998 0.735228 0.772249 0.807677 0.841129 0.872232 0.900630 0.925988 0.948002 0.966402 0.980960 0.991493 0.997866 1.000000 0.999466 0.999466 0.999466 0.999466 0.999466 0.999466 0.999466 0.999466 0.999466 0.999466 0.999466 0.999466 0.999466 0.999466 0.999466 0.999466 0.999466 0.999466 0.999466 0.999466 0.999466 0.999466 0.999466 0.999466 0.999466 0.999466 0.999466 0.999466 0.999466 0.999466 0.999466 0.999466 0.999466 0.999466 0.999466 0.999466 0.999466 0.999466 0.999466 0.999466 0.999466 0.999466 0.999466 0.999466 0.999466 0.999466 0.999466 0.999466 0.999466 0.999466 0.999466 0.999466 0.999466 0.999466 0.999466 0.999466 0.999466 0.999466 0.999466 0.999466 0.999466 0.999466 0.999466 0.999466 0.999466 0.999466 0.999466 0.999466 0.999466 0.999466 0.999466 0.999466 0.999466 0.999466 0.999466 0.999466 0.999466 0.999466 0.999466 0.999466 0.999466 0.999466 0.999466 0.999466 0.999466 0.999466 0.999466 0.999466 0.999466 0.999466 0.999466 0.999466 0.999466 0.999466 0.999466 0.999466 0.999466 0.999466 0.999466 0.999466 0.999466 0.999466 0.999466 0.999466 0.999466 0.999466 0.999466 0.999466 0.999466 0.999466 0.999466 0.999466 0.999466 0.999466 0.999466 0.999466 0.999466 0.999466 0.999466 0.999466 0.999466 0.999466 0.999466 0.999466 0.999466 0.999466 0.999466 0.999466 0.999466 0.999466 0.999466 0.999466 0.999466 0.999466 0.999466 0.999466 0.999466 0.999466 0.999466 0.999466 0.999466 0.999466 0.999466 0.999466 0.999466 0.999466 0.999466 0.999466 0.999466 0.999466 0.999466 0.999466 1.000000 0.997866 0.991493 0.980960 0.966402 0.948002 0.925988 0.900630 0.872232 0.841129 0.807677 0.772249 0.735228 0.696998 0.657939 0.618422 0.578800 0.539408 0.500553 0.462517 0.425550 0.389869 0.355656 0.323063 0.292206 0.263170 0.236008 0.210748 0.187389 0.165909 0.146265 0.128397 0.112231 0.097683 0.084658 0.073057 0.062777 0.053714 0.045763 0.038823 0.032795 0.027585 0.023103 0.019267 0.016000 0.013230 0.010893 0.008931 0.007290 0.005926 0.004797 0.003866
0.003866 0.004797 0.005926 0.007290 0.008931 0.010893 0.013230 0.016000 0.019267 0.023103 0.027585 0.032795 0.038823 0.045763 0.053714 0.062777 0.073057 0.084658 0.097683 0.112231 0.128397 0.146265 0.165909 0.187389 0.210748 0.236008 0.263170 0.292206 0.323063 0.355656 0.389869 0.425550 0.462517 0.500553 0.539408 0.578800 0.618422 0.657939 0.696998 0.735228 0.772249 0.807677 0.841129 0.872232 0.900630 0.925988 0.948002 0.966402 0.980960 0.991493 0.997866 1.000000 0.997866 0.995206 0.995206 0.995206 0.995206 0.995206 0.995206 0.995206 0.995206 0.995206 0.995206 0.995206 0.995206 0.995206 0.995206 0.995206 0.995206 0.995206 0.995206 0.995206 0.995206 0.995206 0.995206 0.995206 0.995206 0.995206 0.995206 0.995206 0.995206 0.995206 0.995206 0.995206 0.995206 0.995206 0.995206 0.995206 0.995206 0.995206 0.995206 0.995206 0.995206 0.995206 0.995206 0.995206 0.995206 0.995206 0.995206 0.995206 0.995206 0.995206 0.995206 0.995206 0.995206 0.995206 0.995206 0.995206 0.995206 0.995206 0.995206 0.995206 0.995206 0.995206 0.995206 0.995206 0.995206 0.995206 0.995206 0.995206 0.995206 0.995206 0.995206 0.995206 0.995206 0.995206 0.995206 0.995206 0.995206 0.995206 0.995206 0.995206 0.995206 0.995206 0.995206 0.995206 0.995206 0.995206 0.995206 0.995206 0.995206 0.995206 0.995206 0.995206 0.995206 0.995206 0.995206 0.995206 0.995206 0.995206 0.995206 0.995206 0.995206 0.995206 0.995206 0.995206 0.995206 0.995206 0.995206 0.995206 0.995206 0.995206 0.995206 0.995206 0.995206 0.995206 0.995206 0.995206 0.995206 0.995206 0.995206 0.995206 0.995206 0.995206 0.995206 0.995206 0.995206 0.995206 0.995206 0.995206 0.995206 0.995206 0.995206 0.995206 0.995206 0.995206 0.995206 0.995206 0.995206 0.995206 0.995206 0.995206 0.995206 0.995206 0.995206 0.995206 0.995206 0.995206 0.995206 0.995206 0.995206 0.995206 0.995206 0.997866 1.000000 0.997866 0.991493 0.980960 0.966402 0.948002 0.925988 0.900630 0.872232 0.841129 0.807677 0.772249 0.735228 0.696998 0.657939 0.618422 0.578800 0.539408 0.500553 0.462517 0.425550 0.389869 0.355656 0.323063 0.292206 0.263170 0.236008 0.210748 0.187389 0.165909 0.146265 0.128397 0.112231 0.097683 0.084658 0.073057 0.062777 0.053714 0.045763 0.038823 0.032795 0.027585 0.023103 0.019267 0.016000 0.013230 0.010893 0.008931 0.007290 0.005926 0.004797 0.003866
0.003866 0.004797 0.005926 0.007290 0.008931 0.010893 0.013230 0.016000 0.019267 0.023103 0.027585 0.032795 0.038823 0.045763 0.053714 0.062777 0.073057 0.084658 0.097683 0.112231 0.128397 0.146265 0.165909 0.187389 0.210748 0.236008 0.263170 0.292206 0.323063 0.355656 0.389869 0.425550 0.462517 0.500553 0.539408 0.578800 0.618422 0.657939 0.696998 0.735228 0.772249 0.807677 0.841129 0.872232 0.900630 0.925988 0.948002 0.966402 0.980960 0.991493 0.997866 1.000000 0.997866 0.991493 0.986739 0.986739 0.986739 0.986739 0.986739 0.986739 0.986739 0.986739 0.986739 0.986739 0.986739 0.986739 0.986739 0.986739 0.986739 0.986739 0.986739 0.986739 0.986739 0.986739 0.986739 0.986739 0.986739 0.986739 0.986739 0.986739 0.986739 0.986739 0.986739 0.986739 0.986739 0.986739 0.986739 0.986739 0.986739 0.986739 0.986739 0.986739 0.986739 0.986739 0.986739 0.986739 0.986739 0.986739 0.986739 0.986739 0.986739 0.986739 0.986739 0.986739 0.986739 0.986739 0.986739 0.986739 0.986739 0.986739 0.986739 0.986739 0.986739 0.986739 0.986739 0.986739 0.986739 0.986739 0.986739 0.986739 0.986739 0.986739 0.986739 0.986739 0.986739 0.986739 0.986739 0.986739 0.986739 0.986739 0.986739 0.986739 0.986739 0.986739 0.986739 0.986739 0.986739 0.986739 0.986739 0.986739 0.986739 0.986739 0.986739 0.986739 0.986739 0.986739 0.986739 0.986739 0.986739 0.986739 0.986739 0.986739 0.986739 0.986739 0.986739 0.986739 0.986739 0.986739 0.986739 0.986739 0.986739 0.986739 0.986739 0.986739 0.986739 0.986739 0.986739 0.986739 0.986739 0.986739 0.986739 0.986739 0.986739 0.986739 0.986739 0.986739 0.986739 0.986739 0.986739 0.986739 0.986739 0.986739 0.986739 0.986739 0.986739 0.986739 0.986739 0.986739 0.986739 0.986739 0.986739 0.986739 0.986739 0.986739 0.986739 0.986739 0.986739 0.986739 0.986739 0.986739 0.986739 0.986739 0.991493 0.997866 1.000000 0.997866 0.991493 0.980960 0.966402 0.948002 0.925988 0.900630 0.872232 0.841129 0.807677 0.772249 0.735228 0.696998 0.657939 0.618422 0.578800 0.539408 0.500553 0.462517 0.425550 0.389869 0.355656 0.323063 0.292206 0.263170 0.236008 0.210748 0.187389 0.165909 0.146265 0.128397 0.112231 0.097683 0.084658 0.073057 0.062777 0.053714 0.045763 0.038823 0.032795 0.027585 0.023103 0.019267 0.016000 0.013230 0.010893 0.008931 0.007290 0.005926 0.004797 0.003866
0.003866 0.004797 0.005926 0.007290 0.008931 0.010893 0.013230 0.016000 0.019267 0.023103 0.027585 0.032795 0.038823 0.045763 0.053714 0.062777 0.073057 0.084658 0.097683 0.112231 0.128397 0.146265 0.165909 0.187389 0.210748 0.236008 0.263170 0.292206 0.323063 0.355656 0.389869 0.425550 0.462517 0.500553 0.539408 0.578800 0.618422 0.657939 0.696998 0.735228 0.772249 0.807677 0.841129 0.872232 0.900630 0.925988 0.948002 0.966402 0.980960 0.991493 0.997866 1.000000 0.997866 0.991493 0.980960 0.974174 0.974174 0.974174 0.974174 0.974174 0.974174 0.974174 0.974174 0.974174 0.974174 0.974174 0.974174 0.974174 0.974174 0.974174 0.974174 0.974174 0.974174 0.974174 0.974174 0.974174 0.974174 0.974174 0.974174 0.974174 0.974174 0.974174 0.974174 0.974174 0.974174 0.974174 0.974174 0.974174 0.974174 0.974174 0.974174 0.974174 0.974174 0.974174 0.974174 0.974174 0.974174 0.974174 0.974174 0.974174 0.974174 0.974174 0.974174 0.974174 0.974174 0.974174 0.974174 0.974174 0.974174 0.974174 0.974174 0.974174 0.974174 0.974174 0.974174 0.974174 0.974174 0.974174 0.974174 0.974174 0.974174 0.974174 0.974174 0.974174 0.974174 0.974174 0.974174 0.974174 0.974174 0.974174 0.974174 0.974174 0.974174 0.974174 0.974174 0.974174 0.974174 0.974174 0.974174 0.974174 0.974174 0.974174 0.974174 0.974174 0.974174 0.974174 0.974174 0.974174 0.974174 0.974174 0.974174 0.974174 0.974174 0.974174 0.974174 0.974174 0.974174 0.974174 0.974174 0.974174 0.974174 0.974174 0.974174 0.974174 0.974174 0.974174 0.974174 0.974174 0.974174 0.974174 0.974174 0.974174 0.974174 0.974174 0.974174 0.974174 0.974174 0.974174 0.974174 0.974174 0.974174 0.974174 0.974174 0.974174 0.974174 0.974174 0.974174 0.974174 0.974174 0.974174 0.974174 0.974174 0.974174 0.974174 0.974174 0.974174 0.974174 0.974174 0.974174 0.974174 0.974174 0.980960 0.991493 0.997866 1.000000 0.997866 0.991493 0.980960 0.966402 0.948002 0.925988 0.900630 0.872232 0.841129 0.807677 0.772249 0.735228 0.696998 0.657939 0.618422 0.578800 0.539408 0.500553 0.462517 0.425550 0.389869 0.355656 0.323063 0.292206 0.263170 0.236008 0.210748 0.187389 0.165909 0.146265 0.128397 0.112231 0.097683 0.084658 0.073057 0.062777 0.053714 0.045763 0.038823 0.032795 0.027585 0.023103 0.019267 0.016000 0.013230 0.010893 0.008931 0.007290 0.005926 0.004797 0.003866
0.003866 0.004797 0.005926 0.007290 0.008931 0.010893 0.013230 0.016000 0.019267 0.023103 0.027585 0.032795 0.038823 0.045763 0.053714 0.062777 0.073057 0.084658 0.097683 0.112231 0.128397 0.146265 0.165909 0.187389 0.210748 0.236008 0.263170 0.292206 0.323063 0.355656 0.389869 0.425550 0.462517 0.500553 0.539408 0.578800 0.618422 0.657939 0.696998 0.735228 0.772249 0.807677 0.841129 0.872232 0.900630 0.925988 0.948002 0.966402 0.980960 0.991493 0.997866 1.000000 0.997866 0.991493 0.980960 0.966402 0.957669 0.957669 0.957669 0.957669 0.957669 0.957669 0.957669 0.957669 0.957669 0.957669 0.957669 0.957669 0.957669 0.957669 0.957669 0.957669 0.957669 0.957669 0.957669 0.957669 0.957669 0.957669 0.957669 0.957669 0.957669 0.957669 0.957669 0.957669 0.957669 0.957669 0.957669 0.957669 0.957669 0.957669 0.957669 0.957669 0.957669 0.957669 0.957669 0.957669 0.957669 0.957669 0.957669 0.957669 0.957669 0.957669 0.957669 0.957669 0.957669 0.957669 0.957669 0.957669 0.957669 0.957669 0.957669 0.957669 0.957669 0.957669 0.957669 0.957669 0.957669 0.957669 0.957669 0.957669 0.957669 0.957669 0.957669 0.957669 0.957669 0.957669 0.957669 0.957669 0.957669 0.957669 0.957669 0.957669 0.957669 0.957669 0.957669 0.957669 0.957669 0.957669 0.957669 0.957669 0.957669 0.957669 0.957669 0.957669 0.957669 0.957669 0.957669 0.957669 0.957669 0.957669 0.957669 0.957669 0.957669 0.957669 0.957669 0.957669 0.957669 0.957669 0.957669 0.957669 0.957669 0.957669 0.957669 0.957669 0.957669 0.957669 0.957669 0.957669 0.957669 0.957669 0.957669 0.957669 0.957669 0.957669 0.957669 0.957669 0.957669 0.957669 0.957669 0.957669 0.957669 0.957669 0.957669 0.957669 0.957669 0.957669 0.957669 0.957669 0.957669 0.957669 0.957669 0.957669 0.957669 0.957669 0.957669 0.957669 0.957669 0.957669 0.957669 0.957669 0.966402 0.980960 0.991493 0.997866 1.000000 0.997866 0.991493 0.980960 0.966402 0.948002 0.925988 0.900630 0.872232 0.841129 0.807677 0.772249 0.735228 0.696998 0.657939 0.618422 0.578800 0.539408 0.500553 0.462517 0.425550 0.389869 0.355656 0.323063 0.292206 0.263170 0.236008 0.210748 0.187389 0.165909 0.146265 0.128397 0.112231 0.097683 0.084658 0.073057 0.062777 0.053714 0.045763 0.038823 0.032795 0.027585 0.023103 0.019267 0.016000 0.013230 0.010893 0.008931 0.007290 0.005926 0.004797 0.003866
0.003866 0.004797 0.005926 0.007290 0.008931 0.010893 0.013230 0.016000 0.019267 0.023103 0.027585 0.032795 0.038823 0.045763 0.053714 0.062777 0.073057 0.084658 0.097683 0.112231 0.128397 0.146265 0.165909 0.187389 0.210748 0.236008 0.263170 0.292206 0.323063 0.355656 0.389869 0.425550 0.462517 0.500553 0.539408 0.578800 0.618422 0.657939 0.696998 0.735228 0.772249 0.807677 0.841129 0.872232 0.900630 0.925988 0.948002 0.966402 0.980960 0.991493 0.997866 1.000000 0.997866 0.991493 0.980960 0.966402 0.948002 0.937431 0.937431 0.937431 0.937431 0.937431 0.937431 0.937431 0.937431 0.937431 0.937431 0.937431 0.937431 0.937431 0.937431 0.937431 0.937431 0.937431 0.937431 0.937431 0.937431 0.937431 0.937431 0.937431 0.937431 0.937431 0.937431 0.937431 0.937431 0.937431 0.937431 0.937431 0.937431 0.937431 0.937431 0.937431 0.937431 0.937431 0.937431 0.937431 0.937431 0.937431 0.937431 0.937431 0.937431 0.937431 0.937431 0.937431 0.937431 0.937431 0.937431 0.937431 0.937431 0.937431 0.937431 0.937431 0.937431 0.937431 0.937431 0.937431 0.937431 0.937431 0.937431 0.937431 0.937431 0.937431 0.937431 0.937431 0.937431 0.937431 0.937431 0.937431 0.937431 0.937431 0.937431 0.937431 0.937431 0.937431 0.937431 0.937431 0.937431 0.937431 0.937431 0.937431 0.937431 0.937431 0.937431 0.937431 0.937431 0.937431 0.937431 0.937431 0.937431 0.937431 0.937431 0.937431 0.937431 0.937431 0.937431 0.937431 0.937431 0.937431 0.937431 0.937431 0.937431 0.937431 0.937431 0.937431 0.937431 0.937431 0.937431 0.937431 0.937431 0.937431 0.937431 0.937431 0.937431 0.937431 0.937431 0.937431 0.937431 0.937431 0.937431 0.937431 0.937431 0.937431 0.937431 0.937431 0.937431 0.937431 0.937431 0.937431 0.937431 0.937431 0.937431 0.937431 0.937431 0.937431 0.937431 0.937431 0.937431 0.937431 0.937431 0.948002 0.966402 0.980960 0.991493 0.997866 1.000000 0.997866 0.991493 0.980960 0.966402 0.948002 0.925988 0.900630 0.872232 0.841129 0.807677 0.772249 0.735228 0.696998 0.657939 0.618422 0.578800 0.539408 0.500553 0.462517 0.425550 0.389869 0.355656 0.323063 0.292206 0.263170 0.236008 0.210748 0.187389 0.165909 0.146265 0.128397 0.112231 0.097683 0.084658 0.073057 0.062777 0.053714 0.045763 0.038823 0.032795 0.027585 0.023103 0.019267 0.016000 0.013230 0.010893 0.008931 0.007290 0.005926 0.004797 0.003866
0.003866 0.004797 0.005926 0.007290 0.008931 0.010893 0.013230 0.016000 0.019267 0.023103 0.027585 0.032795 0.038823 0.045763 0.053714 0.062777 0.073057 0.084658 0.097683 0.112231 0.128397 0.146265 0.165909 0.187389 0.210748 0.236008 0.263170 0.292206 0.323063 0.355656 0.389869 0.425550 0.462517 0.500553 0.539408 0.578800 0.618422 0.657939 0.696998 0.735228 0.772249 0.807677 0.841129 0.872232 0.900630 0.925988 0.948002 0.966402 0.980960 0.991493 0.997866 1.000000 0.997866 0.991493 0.980960 0.966402 0.948002 0.925988 0.913709 0.913709 0.913709 0.913709 0.913709 0.913709 0.913709 0.913709 0.913709 0.913709 0.913709 0.913709 0.913709 0.913709 0.913709 0.913709 0.913709 0.913709 0.913709 0.913709 0.913709 0.913709 0.913709 0.913709 0.913709 0.913709 0.913709 0.913709 0.913709 0.913709 0.913709 0.913709 0.913709 0.913709 0.913709 0.913709 0.913709 0.913709 0.913709 0.913709 0.913709 0.913709 0.913709 0.913709 0.913709 0.913709 0.913709 0.913709 0.913709 0.913709 0.913709 0.913709 0.913709 0.913709 0.913709 0.913709 0.913709 0.913709 0.913709 0.913709 0.913709 0.913709 0.913709 0.913709 0.913709 0.913709 0.913709 0.913709 0.913709 0.913709 0.913709 0.913709 0.913709 0.913709 0.913709 0.913709 0.913709 0.913709 0.913709 0.913709 0.913709 0.913709 0.913709 0.913709 0.913709 0.913709 0.913709 0.913709 0.913709 0.913709 0.913709 0.913709 0.913709 0.913709 0.913709 0.913709 0.913709 0.913709 0.913709 0.913709 0.913709 0.913709 0.913709 0.913709 0.913709 0.913709 0.913709 0.913709 0.913709 0.913709 0.913709 0.913709 0.913709 0.913709 0.913709 0.913709 0.913709 0.913709 0.913709 0.913709 0.913709 0.913709 0.913709 0.913709 0.913709 0.913709 0.913709 0.913709 0.913709 0.913709 0.913709 0.913709 0.913709 0.913709 0.913709 0.913709 0.913709 0.913709 0.913709 0.913709 0.925988 0.948002 0.966402 0.980960 0.991493 0.997866 1.000000 0.997866 0.991493 0.980960 0.966402 0.948002 0.925988 0.900630 0.872232 0.841129 0.807677 0.772249 0.735228 0.696998 0.657939 0.618422 0.578800 0.539408 0.500553 0.462517 0.425550 0.389869 0.355656 0.323063 0.292206 0.263170 0.236008 0.210748 0.187389 0.165909 0.146265 0.128397 0.112231 0.097683 0.084658 0.073057 0.062777 0.053714 0.045763 0.038823 0.032795 0.027585 0.023103 0.019267 0.016000 0.013230 0.010893 0.008931 0.007290 0.005926 0.004797 0.003866
0.003866 0.004797 0.005926 0.007290 0.008931 0.010893 0.013230 0.016000 0.019267 0.023103 0.027585 0.032795 0.038823 0.045763 0.053714 0.062777 0.073057 0.084658 0.097683 0.112231 0.128397 0.146265 0.165909 0.187389 0.210748 0.236008 0.263170 0.292206 0.323063 0.355656 0.389869 0.425550 0.462517 0.500553 0.539408 0.578800 0.618422 0.657939 0.696998 0.735228 0.772249 0.807677 0.841129 0.872232 0.900630 0.925988 0.948002 0.966402 0.980960 0.991493 0.997866 1.000000 0.997866 0.991493 0.980960 0.966402 0.948002 0.925988 0.900630 0.886791 0.886791 0.886791 0.886791 0.886791 0.886791 0.886791 0.886791 0.886791 0.886791 0.886791 0.886791 0.886791 0.886791 0.886791 0.886791 0.886791 0.886791 0.886791 0.886791 0.886791 0.886791 0.886791 0.886791 0.886791 0.886791 0.886791 0.886791 0.886791 0.886791 0.886791 0.886791 0.886791 0.886791 0.886791 0.886791 0.886791 0.886791 0.886791 0.886791 0.886791 0.886791 0.886791 0.886791 0.886791 0.886791 0.886791 0.886791 0.886791 0.886791 0.886791 0.886791 0.886791 0.886791 0.886791 0.886791 0.886791 0.886791 0.886791 0.886791 0.886791 0.886791 0.886791 0.886791 0.886791 0.886791 0.886791 0.886791 0.886791 0.886791 0.886791 0.886791 0.886791 0.886791 0.886791 0.886791 0.886791 0.886791 0.886791 0.886791 0.886791 0.886791 0.886791 0.886791 0.886791 0.886791 0.886791 0.886791 0.886791 0.886791 0.886791 0.886791 0.886791 0.886791 0.886791 0.886791 0.886791 0.886791 0.886791 0.886791 0.886791 0.886791 0.886791 0.886791 0.886791 0.886791 0.886791 0.886791 0.886791 0.886791 0.886791 0.886791 0.886791 0.886791 0.886791 0.886791 0.886791 0.886791 0.886791 0.886791 0.886791 0.886791 0.886791 0.886791 0.886791 0.886791 0.886791 0.886791 0.886791 0.886791 0.886791 0.886791 0.886791 0.886791 0.886791 0.886791 0.886791 0.886791 0.900630 0.925988 0.948002 0.966402 0.980960 0.991493 0.997866 1.000000 0.997866 0.991493 0.980960 0.966402 0.948002 0.925988 0.900630 0.872232 0.841129 0.807677 0.772249 0.735228 0.696998 0.657939 0.618422 0.578800 0.539408 0.500553 0.462517 0.425550 0.389869 0.355656 0.323063 0.292206 0.263170 0.236008 0.210748 0.187389 0.165909 0.146265 0.128397 0.112231 0.097683 0.084658 0.073057 0.062777 0.053714 0.045763 0.038823 0.032795 0.027585 0.023103 0.019267 0.016000 0.013230 0.010893 0.008931 0.007290 0.005926 0.004797 0.003866
0.003866 0.004797 0.005926 0.007290 0.008931 0.010893 0.013230 0.016000 0.019267 0.023103 0.027585 0.032795 0.038823 0.045763 0.053714 0.062777 0.073057 0.084658 0.097683 0.112231 0.128397 0.146265 0.165909 0.187389 0.210748 0.236008 0.263170 0.292206 0.323063 0.355656 0.389869 0.425550 0.462517 0.500553 0.539408 0.578800 0.618422 0.657939 0.696998 0.735228 0.772249 0.807677 0.841129 0.872232 0.900630 0.925988 0.948002 0.966402 0.980960 0.991493 0.997866 1.000000 0.997866 0.991493 0.980960 0.966402 0.948002 0.925988 0.900630 0.872232 0.856997 0.856997 0.856997 0.856997 0.856997 0.856997 0.856997 0.856997 0.856997 0.856997 0.856997 0.856997 0.856997 0.856997 0.856997 0.856997 0.856997 0.856997 0.856997 0.856997 0.856997 0.856997 0.856997 0.856997 0.856997 0.856997 0.856997 0.856997 0.856997 0.856997 0.856997 0.856997 0.856997 0.856997 0.856997 0.856997 0.856997 0.856997 0.856997 0.856997 0.856997 0.856997 0.856997 0.856997 0.856997 0.856997 0.856997 0.856997 0.856997 0.856997 0.856997 0.856997 0.856997 0.856997 0.856997 0.856997 0.856997 0.856997 0.856997 0.856997 0.856997 0.856997 0.856997 0.856997 0.856997 0.856997 0.856997 0.856997 0.856997 0.856997 0.856997 0.856997 0.856997 0.856997 0.856997 0.856997 0.856997 0.856997 0.856997 0.856997 0.856997 0.856997 0.856997 0.856997 0.856997 0.856997 0.856997 0.856997 0.856997 0.856997 0.856997 0.856997 0.856997 0.856997 0.856997 0.856997 0.856997 0.856997 0.856997 0.856997 0.856997 0.856997 0.856997 0.856997 0.856997 0.856997 0.856997 0.856997 0.856997 0.856997 0.856997 0.856997 0.856997 0.856997 0.856997 0.856997 0.856997 0.856997 0.856997 0.856997 0.856997 0.856997 0.856997 0.856997 0.856997 0.856997 0.856997 0.856997 0.856997 0.856997 0.856997 0.856997 0.856997 0.856997 0.856997 0.856997 0.872232 0.900630 0.925988 0.948002 0.966402 0.980960 0.991493 0.997866 1.000000 0.997866 0.991493 0.980960 0.966402 0.948002 0.925988 0.900630 0.872232 0.841129 0.807677 0.772249 0.735228 0.696998 0.657939 0.618422 0.578800 0.539408 0.500553 0.462517 0.425550 0.389869 0.355656 0.323063 0.292206 0.263170 0.236008 0.210748 0.187389 0.165909 0.146265 0.128397 0.112231 0.097683 0.084658 0.073057 0.062777 0.053714 0.045763 0.038823 0.032795 0.027585 0.023103 0.019267 0.016000 0.013230 0.010893 0.008931 0.007290 0.005926 0.004797 0.003866
0.003866 0.004797 0.005926 0.007290 0.008931 0.010893 0.013230 0.016000 0.019267 0.023103 0.027585 0.032795 0.038823 0.045763 0.053714 0.062777 0.073057 0.084658 0.097683 0.112231 0.128397 0.146265 0.165909 0.187389 0.210748 0.236008 0.263170 0.292206 0.323063 0.355656 0.389869 0.425550 0.462517 0.500553 0.539408 0.578800 0.618422 0.657939 0.696998 0.735228 0.772249 0.807677 0.841129 0.872232 0.900630 0.925988 0.948002 0.966402 0.980960 0.991493 0.997866 1.000000 0.997866 0.991493 0.980960 0.966402 0.948002 0.925988 0.900630 0.872232 0.841129 0.824673 0.824673 0.824673 0.824673 0.824673 0.824673 0.824673 0.824673 0.824673 0.824673 0.824673 0.824673 0.824673 0.824673 0.824673 0.824673 0.824673 0.824673 0.824673 0.824673 0.824673 0.824673 0.824673 0.824673 0.824673 0.824673 0.824673 0.824673 0.824673 0.824673 0.824673 0.824673 0.824673 0.824673 0.824673 0.824673 0.824673 0.824673 0.824673 0.824673 0.824673 0.824673 0.824673 0.824673 0.824673 0.824673 0.824673 0.824673 0.824673 0.824673 0.824673 0.824673 0.824673 0.824673 0.824673 0.824673 0.824673 0.824673 0.824673 0.824673 0.824673 0.824673 0.824673 0.824673 0.824673 0.824673 0.824673 0.824673 0.824673 0.824673 0.824673 0.824673 0.824673 0.824673 0.824673 0.824673 0.824673 0.824673 0.824673 0.824673 0.824673 0.824673 0.824673 0.824673 0.824673 0.824673 0.824673 0.824673 0.824673 0.824673 0.824673 0.824673 0.824673 0.824673 0.824673 0.824673 0.824673 0.824673 0.824673 0.824673 0.824673 0.824673 0.824673 0.824673 0.824673 0.824673 0.824673 0.824673 0.824673 0.824673 0.824673 0.824673 0.824673 0.824673 0.824673 0.824673 0.824673 0.824673 0.824673 0.824673 0.824673 0.824673 0.824673 0.824673 0.824673 0.824673 0.824673 0.824673 0.824673 0.824673 0.824673 0.824673 0.824673 0.824673 0.841129 0.872232 0.900630 0.925988 0.948002 0.966402 0.980960 0.991493 0.997866 1.000000 0.997866 0.991493 0.980960 0.966402 0.948002 0.925988 0.900630 0.872232 0.841129 0.807677 0.772249 0.735228 0.696998 0.657939 0.618422 0.578800 0.539408 0.500553 0.462517 0.425550 0.389869 0.355656 0.323063 0.292206 0.263170 0.236008 0.210748 0.187389 0.165909 0.146265 0.128397 0.112231 0.097683 0.084658 0.073057 0.062777 0.053714 0.045763 0.038823 0.032795 0.027585 0.023103 0.019267 0.016000 0.013230 0.010893 0.008931 0.007290 0.005926 0.004797 0.003866
0.003866 0.004797 0.005926 0.007290 0.008931 0.010893 0.013230 0.016000 0.019267 0.023103 0.027585 0.032795 0.038823 0.045763 0.053714 0.062777 0.073057 0.084658 0.097683 0.112231 0.128397 0.146265 0.165909 0.187389 0.210748 0.236008 0.263170 0.292206 0.323063 0.355656 0.389869 0.425550 0.462517 0.500553 0.539408 0.578800 0.618422 0.657939 0.696998 0.735228 0.772249 0.807677 0.841129 0.872232 0.900630 0.925988 0.948002 0.966402 0.980960 0.991493 0.997866 1.000000 0.997866 0.991493 0.980960 0.966402 0.948002 0.925988 0.900630 0.872232 0.841129 0.807677 0.790186 0.790186 0.790186 0.790186 0.790186 0.790186 0.790186 0.790186 0.790186 0.790186 0.790186 0.790186 0.790186 0.790186 0.790186 0.790186 0.790186 0.790186 0.790186 0.790186 0.790186 0.790186 0.790186 0.790186 0.790186 0.790186 0.790186 0.790186 0.790186 0.790186 0.790186 0.790186 0.790186 0.790186 0.790186 0.790186 0.790186 0.790186 0.790186 0.790186 0.790186 0.790186 0.790186 0.790186 0.790186 0.790186 0.790186 0.790186 0.790186 0.790186 0.790186 0.790186 0.790186 0.790186 0.790186 0.790186 0.790186 0.790186 0.790186 0.790186 0.790186 0.790186 0.790186 0.790186 0.790186 0.790186 0.790186 0.790186 0.790186 0.790186 0.790186 0.790186 0.790186 0.790186 0.790186 0.790186 0.790186 0.790186 0.790186 0.790186 0.790186 0.790186 0.790186 0.790186 0.790186 0.790186 0.790186 0.790186 0.790186 0.790186 0.790186 0.790186 0.790186 0.790186 0.790186 0.790186 0.790186 0.790186 0.790186 0.790186 0.790186 0.790186 0.790186 0.790186 0.790186 0.790186 0.790186 0.790186 0.790186 0.790186 0.790186 0.790186 0.790186 0.790186 0.790186 0.790186 0.790186 0.790186 0.790186 0.790186 0.790186 0.790186 0.790186 0.790186 0.790186 0.790186 0.790186 0.790186 0.790186 0.790186 0.790186 0.790186 0.807677 0.841129 0.872232 0.900630 0.925988 0.948002 0.966402 0.980960 0.991493 0.997866 1.000000 0.997866 0.991493 0.980960 0.966402 0.948002 0.925988 0.900630 0.872232 0.841129 0.807677 0.772249 0.735228 0.696998 0.657939 0.618422 0.578800 0.539408 0.500553 0.462517 0.425550 0.389869 0.355656 0.323063 0.292206 0.263170 0.236008 0.210748 0.187389 0.165909 0.146265 0.128397 0.112231 0.097683 0.084658 0.073057 0.062777 0.053714 0.045763 0.038823 0.032795 0.027585 0.023103 0.019267 0.016000 0.013230 0.010893 0.008931 0.007290 0.005926 0.004797 0.003866
0.003866 0.004797 0.005926 0.007290 0.008931 0.010893 0.013230 0.016000 0.019267 0.023103 0.027585 0.032795 0.038823 0.045763 0.053714 0.062777 0.073057 0.084658 0.097683 0.112231 0.128397 0.146265 0.165909 0.187389 0.210748 0.236008 0.263170 0.292206 0.323063 0.355656 0.389869 0.425550 0.462517 0.500553 0.539408 0.578800 0.618422 0.657939 0.696998 0.735228 0.772249 0.807677 0.841129 0.872232 0.900630 0.925988 0.948002 0.966402 0.980960 0.991493 0.997866 1.000000 0.997866 0.991493 0.980960 0.966402 0.948002 0.925988 0.900630 0.872232 0.841129 0.807677 0.772249 0.753914 0.753914 0.753914 0.753914 0.753914 0.753914 0.753914 0.753914 0.753914 0.753914 0.753914 0.753914 0.753914 0.753914 0.753914 0.753914 0.753914 0.753914 0.753914 0.753914 0.753914 0.753914 0.753914 0.753914 0.753914 0.753914 0.753914 0.753914 0.753914 0.753914 0.753914 0.753914 0.753914 0.753914 0.753914 0.753914 0.753914 0.753914 0.753914 0.753914 0.753914 0.753914 0.753914 0.753914 0.753914 0.753914 0.753914 0.753914 0.753914 0.753914 0.753914 0.753914 0.753914 0.753914 0.753914 0.753914 0.753914 0.753914 0.753914 0.753914 0.753914 0.753914 0.753914 0.753914 0.753914 0.753914 0.753914 0.753914 0.753914 0.753914 0.753914 0.753914 0.753914 0.753914 0.753914 0.753914 0.753914 0.753914 0.753914 0.753914 0.753914 0.753914 0.753914 0.753914 0.753914 0.753914 0.753914 0.753914 0.753914 0.753914 0.753914 0.753914 0.753914 0.753914 0.753914 0.753914 0.753914 0.753914 0.753914 0.753914 0.753914 0.753914 0.753914 0.753914 0.753914 0.753914 0.753914 0.753914 0.753914 0.753914 0.753914 0.753914 0.753914 0.753914 0.753914 0.753914 0.753914 0.753914 0.753914 0.753914 0.753914 0.753914 0.753914 0.753914 0.753914 0.753914 0.753914 0.753914 0.753914 0.753914 0.772249 0.807677 0.841129 0.872232 0.900630 0.925988 0.948002 0.966402 0.980960 0.991493 0.997866 1.000000 0.997866 0.991493 0.980960 0.966402 0.948002 0.925988 0.900630 0.872232 0.841129 0.807677 0.772249 0.735228 0.696998 0.657939 0.618422 0.578800 0.539408 0.500553 0.462517 0.425550 0.389869 0.355656 0.323063 0.292206 0.263170 0.236008 0.210748 0.187389 0.165909 0.146265 0.128397 0.112231 0.097683 0.084658 0.073057 0.062777 0.053714 0.045763 0.038823 0.032795 0.027585 0.023103 0.019267 0.016000 0.013230 0.010893 0.008931 0.007290 0.005926 0.004797 0.003866
0.003866 0.004797 0.005926 0.007290 0.008931 0.010893 0.013230 0.016000 0.019267 0.023103 0.027585 0.032795 0.038823 0.045763 0.053714 0.062777 0.073057 0.084658 0.097683 0.112231 0.128397 0.146265 0.165909 0.187389 0.210748 0.236008 0.263170 0.292206 0.323063 0.355656 0.389869 0.425550 0.462517 0.500553 0.539408 0.578800 0.618422 0.657939 0.696998 0.735228 0.772249 0.807677 0.841129 0.872232 0.900630 0.925988 0.948002 0.966402 0.980960 0.991493 0.997866 1.000000 0.997866 0.991493 0.980960 0.966402 0.948002 0.925988 0.900630 0.872232 0.841129 0.807677 0.772249 0.735228 0.716241 0.716241 0.716241 0.716241 0.716241 0.716241 0.716241 0.716241 0.716241 0.716241 0.716241 0.716241 0.716241 0.716241 0.716241 0.716241 0.716241 0.716241 0.716241 0.716241 0.716241 0.716241 0.716241 0.716241 0.716241 0.716241 0.716241 0.716241 0.716241 0.716241 0.716241 0.716241 0.716241 0.716241 0.716241 0.716241 0.716241 0.716241 0.716241 0.716241 0.716241 0.716241 0.716241 0.716241 0.716241 0.716241 0.716241 0.716241 0.716241 0.716241 0.716241 0.716241 0.716241 0.716241 0.716241 0.716241 0.716241 0.716241 0.716241 0.716241 0.716241 0.716241 0.716241 0.716241 0.716241 0.716241 0.716241 0.716241 0.716241 0.716241 0.716241 0.716241 0.716241 0.716241 0.716241 0.716241 0.716241 0.716241 0.716241 0.716241 0.716241 0.716241 0.716241 0.716241 0.716241 0.716241 0.716241 0.716241 0.716241 0.716241 0.716241 0.716241 0.716241 0.716241 0.716241 0.716241 0.716241 0.716241 0.716241 0.716241 0.716241 0.716241 0.716241 0.716241 0.716241 0.716241 0.716241 0.716241 0.716241 0.716241 0.716241 0.716241 0.716241 0.716241 0.716241 0.716241 0.716241 0.716241 0.716241 0.716241 0.716241 0.716241 0.716241 0.716241 0.716241 0.716241 0.716241 0.716241 0.735228 0.772249 0.807677 0.841129 0.872232 0.900630 0.925988 0.948002 0.966402 0.980960 0.991493 0.997866 1.000000 0.997866 0.991493 0.980960 0.966402 0.948002 0.925988 0.900630 0.872232 0.841129 0.807677 0.772249 0.735228 0.696998 0.657939 0.618422 0.578800 0.539408 0.500553 0.462517 0.425550 0.389869 0.355656 0.323063 0.292206 0.263170 0.236008 0.210748 0.187389 0.165909 0.146265 0.128397 0.112231 0.097683 0.084658 0.073057 0.062777 0.053714 0.045763 0.038823 0.032795 0.027585 0.023103 0.019267 0.016000 0.013230 0.010893 0.008931 0.007290 0.005926 0.004797 0.003866
0.003866 0.004797 0.005926 0.007290 0.008931 0.010893 0.013230 0.016000 0.019267 0.023103 0.027585 0.032795 0.038823 0.045763 0.053714 0.062777 0.073057 0.084658 0.097683 0.112231 0.128397 0.146265 0.165909 0.187389 0.210748 0.236008 0.263170 0.292206 0.323063 0.355656 0.389869 0.425550 0.462517 0.500553 0.539408 0.578800 0.618422 0.657939 0.696998 0.735228 0.772249 0.807677 0.841129 0.872232 0.900630 0.925988 0.948002 0.966402 0.980960 0.991493 0.997866 1.000000 0.997866 0.991493 0.980960 0.966402 0.948002 0.925988 0.900630 0.872232 0.841129 0.807677 0.772249 0.735228 0.696998 0.677549 0.677549 0.677549 0.677549 0.677549 0.677549 0.677549 0.677549 0.677549 0.677549 0.677549 0.677549 0.677549 0.677549 0.677549 0.677549 0.677549 0.677549 0.677549 0.677549 0.677549 0.677549 0.677549 0.677549 0.677549 0.677549 0.677549 0.677549 0.677549 0.677549 0.677549 0.677549 0.677549 0.677549 0.677549 0.677549 0.677549 0.677549 0.677549 0.677549 0.677549 0.677549 0.677549 0.677549 0.677549 0.677549 0.677549 0.677549 0.677549 0.677549 0.677549 0.677549 0.677549 0.677549 0.677549 0.677549 0.677549 0.677549 0.677549 0.677549 0.677549 0.677549 0.677549 0.677549 0.677549 0.677549 0.677549 0.677549 0.677549 0.677549 0.677549 0.677549 0.677549 0.677549 0.677549 0.677549 0.677549 0.677549 0.677549 0.677549 0.677549 0.677549 0.677549 0.677549 0.677549 0.677549 0.677549 0.677549 0.677549 0.677549 0.677549 0.677549 0.677549 0.677549 0.677549 0.677549 0.677549 0.677549 0.677549 0.677549 0.677549 0.677549 0.677549 0.677549 0.677549 0.677549 0.677549 0.677549 0.677549 0.677549 0.677549 0.677549 0.677549 0.677549 0.677549 0.677549 0.677549 0.677549 0.677549 0.677549 0.677549 0.677549 0.677549 0.677549 0.677549 0.677549 0.696998 0.735228 0.772249 0.807677 0.841129 0.872232 0.900630 0.925988 0.948002 0.966402 0.980960 0.991493 0.997866 1.000000 0.997866 0.991493 0.980960 0.966402 0.948002 0.925988 0.900630 0.872232 0.841129 0.807677 0.772249 0.735228 0.696998 0.657939 0.618422 0.578800 0.539408 0.500553 0.462517 0.425550 0.389869 0.355656 0.323063 0.292206 0.263170 0.236008 0.210748 0.187389 0.165909 0.146265 0.128397 0.112231 0.097683 0.084658 0.073057 0.062777 0.053714 0.045763 0.038823 0.032795 0.027585 0.023103 0.019267 0.016000 0.013230 0.010893 0.008931 0.007290 0.005926 0.004797 0.003866
0.003866 0.004797 0.005926 0.007290 0.008931 0.010893 0.013230 0.016000 0.019267 0.023103 0.027585 0.032795 0.038823 0.045763 0.053714 0.062777 0.073057 0.084658 0.097683 0.112231 0.128397 0.146265 0.165909 0.187389 0.210748 0.236008 0.263170 0.292206 0.323063 0.355656 0.389869 0.425550 0.462517 0.500553 0.539408 0.578800 0.618422 0.657939 0.696998 0.735228 0.772249 0.807677 0.841129 0.872232 0.900630 0.925988 0.948002 0.966402 0.980960 0.991493 0.997866 1.000000 0.997866 0.991493 0.980960 0.966402 0.948002 0.925988 0.900630 0.872232 0.841129 0.807677 0.772249 0.735228 0.696998 0.657939 0.638215 0.638215 0.638215 0.638215 0.638215 0.638215 0.638215 0.638215 0.638215 0.638215 0.638215 0.638215 0.638215 0.638215 0.638215 0.638215 0.638215 0.638215 0.638215 0.638215 0.638215 0.638215 0.638215 0.638215 0.638215 0.638215 0.638215 0.638215 0.638215 0.638215 0.638215 0.638215 0.638215 0.638215 0.638215 0.638215 0.638215 0.638215 0.638215 0.638215 0.638215 0.638215 0.638215 0.638215 0.638215 0.638215 0.638215 0.638215 0.638215 0.638215 0.638215 0.638215 0.638215 0.638215 0.638215 0.638215 0.638215 0.638215 0.638215 0.638215 0.638215 0.638215 0.638215 0.638215 0.638215 0.638215 0.638215 0.638215 0.638215 0.638215 0.638215 0.638215 0.638215 0.638215 0.638215 0.638215 0.638215 0.638215 0.638215 0.638215 0.638215 0.638215 0.638215 0.638215 0.638215 0.638215 0.638215 0.638215 0.638215 0.638215 0.638215 0.638215 0.638215 0.638215 0.638215 0.638215 0.638215 0.638215 0.638215 0.638215 0.638215 0.638215 0.638215 0.638215 0.638215 0.638215 0.638215 0.638215 0.638215 0.638215 0.638215 0.638215 0.638215 0.638215 0.638215 0.638215 0.638215 0.638215 0.638215 0.638215 0.638215 0.638215 0.638215 0.638215 0.657939 0.696998 0.735228 0.772249 0.807677 0.841129 0.872232 0.900630 0.925988 0.948002 0.966402 0.980960 0.991493 0.997866 1.000000 0.997866 0.991493 0.980960 0.966402 0.948002 0.925988 0.900630 0.872232 0.841129 0.807677 0.772249 0.735228 0.696998 0.657939 0.618422 0.578800 0.539408 0.500553 0.462517 0.425550 0.389869 0.355656 0.323063 0.292206 0.263170 0.236008 0.210748 0.187389 0.165909 0.146265 0.128397 0.112231 0.097683 0.084658 0.073057 0.062777 0.053714 0.045763 0.038823 0.032795 0.027585 0.023103 0.019267 0.016000 0.013230 0.010893 0.008931 0.007290 0.005926 0.004797 0.003866
0.003866 0.004797 0.005926 0.007290 0.008931 0.010893 0.013230 0.016000 0.019267 0.023103 0.027585 0.032795 0.038823 0.045763 0.053714 0.062777 0.073057 0.084658 0.097683 0.112231 0.128397 0.146265 0.165909 0.187389 0.210748 0.236008 0.263170 0.292206 0.323063 0.355656 0.389869 0.425550 0.462517 0.500553 0.539408 0.578800 0.618422 0.657939 0.696998 0.735228 0.772249 0.807677 0.841129 0.872232 0.900630 0.925988 0.948002 0.966402 0.980960 0.991493 0.997866 1.000000 0.997866 0.991493 0.980960 0.966402 0.948002 0.925988 0.900630 0.872232 0.841129 0.807677 0.772249 0.735228 0.696998 0.657939 0.618422 0.598603 0.598603 0.598603 0.598603 0.598603 0.598603 0.598603 0.598603 0.598603 0.598603 0.598603 0.598603 0.598603 0.598603 0.598603 0.598603 0.598603 0.598603 0.598603 0.598603 0.598603 0.598603 0.598603 0.598603 0.598603 0.598603 0.598603 0.598603 0.598603 0.598603 0.598603 0.598603 0.598603 0.598603 0.598603 0.598603 0.598603 0.598603 0.598603 0.598603 0.598603 0.598603 0.598603 0.598603 0.598603 0.598603 0.598603 0.598603 0.598603 0.598603 0.598603 0.598603 0.598603 0.598603 0.598603 0.598603 0.598603 0.598603 0.598603 0.598603 0.598603 0.598603 0.598603 0.598603 0.598603 0.598603 0.598603 0.598603 0.598603 0.598603 0.598603 0.598603 0.598603 0.598603 0.598603 0.598603 0.598603 0.598603 0.598603 0.598603 0.598603 0.598603 0.598603 0.598603 0.598603 0.598603 0.598603 0.598603 0.598603 0.598603 0.598603 0.598603 0.598603 0.598603 0.598603 0.598603 0.598603 0.598603 0.598603 0.598603 0.598603 0.598603 0.598603 0.598603 0.598603 0.598603 0.598603 0.598603 0.598603 0.598603 0.598603 0.598603 0.598603 0.598603 0.598603 0.598603 0.598603 0.598603 0.598603 0.598603 0.598603 0.598603 0.618422 0.657939 0.696998 0.735228 0.772249 0.807677 0.841129 0.872232 0.900630 0.925988 0.948002 0.966402 0.980960 0.991493 0.997866 1.000000 0.997866 0.991493 0.980960 0.966402 0.948002 0.925988 0.900630 0.872232 0.841129 0.807677 0.772249 0.735228 0.696998 0.657939 0.618422 0.578800 0.539408 0.500553 0.462517 0.425550 0.389869 0.355656 0.323063 0.292206 0.263170 0.236008 0.210748 0.187389 0.165909 0.146265 0.128397 0.112231 0.097683 0.084658 0.073057 0.062777 0.053714 0.045763 0.038823 0.032795 0.027585 0.023103 0.019267 0.016000 0.013230 0.010893 0.008931 0.007290 0.005926 0.004797 0.003866
0.003866 0.004797 0.005926 0.007290 0.008931 0.010893 0.013230 0.016000 0.019267 0.023103 0.027585 0.032795 0.038823 0.045763 0.053714 0.062777 0.073057 0.084658 0.097683 0.112231 0.128397 0.146265 0.165909 0.187389 0.210748 0.236008 0.263170 0.292206 0.323063 0.355656 0.389869 0.425550 0.462517 0.500553 0.539408 0.578800 0.618422 0.657939 0.696998 0.735228 0.772249 0.807677 0.841129 0.872232 0.900630 0.925988 0.948002 0.966402 0.980960 0.991493 0.997866 1.000000 0.997866 0.991493 0.980960 0.966402 0.948002 0.925988 0.900630 0.872232 0.841129 0.807677 0.772249 0.735228 0.696998 0.657939 0.618422 0.578800 0.559055 0.559055 0.559055 0.559055 0.559055 0.559055 0.559055 0.559055 0.559055 0.559055 0.559055 0.559055 0.559055 0.559055 0.559055 0.559055 0.559055 0.559055 0.559055 0.559055 0.559055 0.559055 0.559055 0.559055 0.559055 0.559055 0.559055 0.559055 0.559055 0.559055 0.559055 0.559055 0.559055 0.559055 0.559055 0.559055 0.559055 0.559055 0.559055 0.559055 0.559055 0.559055 0.559055 0.559055 0.559055 0.559055 0.559055 0.559055 0.559055 0.559055 0.559055 0.559055 0.559055 0.559055 0.559055 0.559055 0.559055 0.559055 0.559055 0.559055 0.559055 0.559055 0.559055 0.559055 0.559055 0.559055 0.559055 0.559055 0.559055 0.559055 0.559055 0.559055 0.559055 0.559055 0.559055 0.559055 0.559055 0.559055 0.559055 0.559055 0.559055 0.559055 0.559055 0.559055 0.559055 0.559055 0.559055 0.559055 0.559055 0.559055 0.559055 0.559055 0.559055 0.559055 0.559055 0.559055 0.559055 0.559055 0.559055 0.559055 0.559055 0.559055 0.559055 0.559055 0.559055 0.559055 0.559055 0.559055 0.559055 0.559055 0.559055 0.559055 0.559055 0.559055 0.559055 0.559055 0.559055 0.559055 0.559055 0.559055 0.578800 0.618422 0.657939 0.696998 0.735228 0.772249 0.807677 0.841129 0.872232 0.900630 0.925988 0.948002 0.966402 0.980960 0.991493 0.997866 1.000000 0.997866 0.991493 0.980960 0.966402 0.948002 0.925988 0.900630 0.872232 0.841129 0.807677 0.772249 0.735228 0.696998 0.657939 0.618422 0.578800 0.539408 0.500553 0.462517 0.425550 0.389869 0.355656 0.323063 0.292206 0.263170 0.236008 0.210748 0.187389 0.165909 0.146265 0.128397 0.112231 0.097683 0.084658 0.073057 0.062777 0.053714 0.045763 0.038823 0.032795 0.027585 0.023103 0.019267 0.016000 0.013230 0.010893 0.008931 0.007290 0.005926 0.004797 0.003866
0.003866 0.004797 0.005926 0.007290 0.008931 0.010893 0.013230 0.016000 0.019267 0.023103 0.027585 0.032795 0.038823 0.045763 0.053714 0.062777 0.073057 0.084658 0.097683 0.112231 0.128397 0.146265 0.165909 0.187389 0.210748 0.236008 0.263170 0.292206 0.323063 0.355656 0.389869 0.425550 0.462517 0.500553 0.539408 0.578800 0.618422 0.657939 0.696998 0.735228 0.772249 0.807677 0.841129 0.872232 0.900630 0.925988 0.948002 0.966402 0.980960 0.991493 0.997866 1.000000 0.997866 0.991493 0.980960 0.966402 0.948002 0.925988 0.900630 0.872232 0.841129 0.807677 0.772249 0.735228 0.696998 0.657939 0.618422 0.578800 0.539408 0.519895 0.519895 0.519895 0.519895 0.519895 0.519895 0.519895 0.519895 0.519895 0.519895 0.519895 0.519895 0.519895 0.519895 0.519895 0.519895 0.519895 0.519895 0.519895 0.519895 0.519895 0.519895 0.519895 0.519895 0.519895 0.519895 0.519895 0.519895 0.519895 0.519895 0.519895 0.519895 0.519895 0.519895 0.519895 0.519895 0.519895 0.519895 0.519895 0.519895 0.519895 0.519895 0.519895 0.519895 0.519895 0.519895 0.519895 0.519895 0.519895 0.519895 0.519895 0.519895 0.519895 0.519895 0.519895 0.519895 0.519895 0.519895 0.519895 0.519895 0.519895 0.519895 0.519895 0.519895 0.519895 0.519895 0.519895 0.519895 0.519895 0.519895 0.519895 0.519895 0.519895 0.519895 0.519895 0.519895 0.519895 0.519895 0.519895 0.519895 0.519895 0.519895 0.519895 0.519895 0.519895 0.519895 0.519895 0.519895 0.519895 0.519895 0.519895 0.519895 0.519895 0.519895 0.519895 0.519895 0.519895 0.519895 0.519895 0.519895 0.519895 0.519895 0.519895 0.519895 0.519895 0.519895 0.519895 0.519895 0.519895 0.519895 0.519895 0.519895 0.519895 0.519895 0.519895 0.519895 0.519895 0.519895 0.539408 0.578800 0.618422 0.657939 0.696998 0.735228 0.772249 0.807677 0.841129 0.872232 0.900630 0.925988 0.948002 0.966402 0.980960 0.991493 0.997866 1.000000 0.997866 0.991493 0.980960 0.966402 0.948002 0.925988 0.900630 0.872232 0.841129 0.807677 0.772249 0.735228 0.696998 0.657939 0.618422 0.578800 0.539408 0.500553 0.462517 0.425550 0.389869 0.355656 0.323063 0.292206 0.263170 0.236008 0.210748 0.187389 0.165909 0.146265 0.128397 0.112231 0.097683 0.084658 0.073057 0.062777 0.053714 0.045763 0.038823 0.032795 0.027585 0.023103 0.019267 0.016000 0.013230 0.010893 0.008931 0.007290 0.005926 0.004797 0.003866
0.003866 0.004797 0.005926 0.007290 0.008931 0.010893 0.013230 0.016000 0.019267 0.023103 0.027585 0.032795 0.038823 0.045763 0.053714 0.062777 0.073057 0.084658 0.097683 0.112231 0.128397 0.146265 0.165909 0.187389 0.210748 0.236008 0.263170 0.292206 0.323063 0.355656 0.389869 0.425550 0.462517 0.500553 0.539408 0.578800 0.618422 0.657939 0.696998 0.735228 0.772249 0.807677 0.841129 0.872232 0.900630 0.925988 0.948002 0.966402 0.980960 0.991493 0.997866 1.000000 0.997866 0.991493 0.980960 0.966402 0.948002 0.925988 0.900630 0.872232 0.841129 0.807677 0.772249 0.735228 0.696998 0.657939 0.618422 0.578800 0.539408 0.500553 0.481417 0.481417 0.481417 0.481417 0.481417 0.481417 0.481417 0.481417 0.481417 0.481417 0.481417 0.481417 0.481417 0.481417 0.481417 0.481417 0.481417 0.481417 0.481417 0.481417 0.481417 0.481417 0.481417 0.481417 0.481417 0.481417 0.481417 0.481417 0.481417 0.481417 0.481417 0.481417 0.481417 0.481417 0.481417 0.481417 0.481417 0.481417 0.481417 0.481417 0.481417 0.481417 0.481417 0.481417 0.481417 0.481417 0.481417 0.481417 0.481417 0.481417 0.481417 0.481417 0.481417 0.481417 0.481417 0.481417 0.481417 0.481417 0.481417 0.481417 0.481417 0.481417 0.481417 0.481417 0.481417 0.481417 0.481417 0.481417 0.481417 0.481417 0.481417 0.481417 0.481417 0.481417 0.481417 0.481417 0.481417 0.481417 0.481417 0.481417 0.481417 0.481417 0.481417 0.481417 0.481417 0.481417 0.481417 0.481417 0.481417 0.481417 0.481417 0.481417 0.481417 0.481417 0.481417 0.481417 0.481417 0.481417 0.481417 0.481417 0.481417 0.481417 0.481417 0.481417 0.481417 0.481417 0.481417 0.481417 0.481417 0.481417 0.481417 0.481417 0.481417 0.481417 0.481417 0.481417 0.500553 0.539408 0.578800 0.618422 0.657939 0.696998 0.735228 0.772249 0.807677 0.841129 0.872232 0.900630 0.925988 0.948002 0.966402 0.980960 0.991493 0.997866 1.000000 0.997866 0.991493 0.980960 0.966402 0.948002 0.925988 0.900630 0.872232 0.841129 0.807677 0.772249 0.735228 0.696998 0.657939 0.618422 0.578800 0.539408 0.500553 0.462517 0.425550 0.389869 0.355656 0.323063 0.292206 0.263170 0.236008 0.210748 0.187389 0.165909 0.146265 0.128397 0.112231 0.097683 0.084658 0.073057 0.062777 0.053714 0.045763 0.038823 0.032795 0.027585 0.023103 0.019267 0.016000 0.013230 0.010893 0.008931 0.007290 0.005926 0.004797 0.003866
0.003866 0.004797 0.005926 0.007290 0.008931 0.010893 0.013230 0.016000 0.019267 0.023103 0.027585 0.032795 0.038823 0.045763 0.053714 0.062777 0.073057 0.084658 0.097683 0.112231 0.128397 0.146265 0.165909 0.187389 0.210748 0.236008 0.263170 0.292206 0.323063 0.355656 0.389869 0.425550 0.462517 0.500553 0.539408 0.578800 0.618422 0.657939 0.696998 0.735228 0.772249 0.807677 0.841129 0.872232 0.900630 0.925988 0.948002 0.966402 0.980960 0.991493 0.997866 1.000000 0.997866 0.991493 0.980960 0.966402 0.948002 0.925988 0.900630 0.872232 0.841129 0.807677 0.772249 0.735228 0.696998 0.657939 0.618422 0.578800 0.539408 0.500553 0.462517 0.443886 0.443886 0.443886 0.443886 0.443886 0.443886 0.443886 0.443886 0.443886 0.443886 0.443886 0.443886 0.443886 0.443886 0.443886 0.443886 0.443886 0.443886 0.443886 0.443886 0.443886 0.443886 0.443886 0.443886 0.443886 0.443886 0.443886 0.443886 0.443886 0.443886 0.443886 0.443886 0.443886 0.443886 0.443886 0.443886 0.443886 0.443886 0.443886 0.443886 0.443886 0.443886 0.443886 0.443886 0.443886 0.443886 0.443886 0.443886 0.443886 0.443886 0.443886 0.443886 0.443886 0.443886 0.443886 0.443886 0.443886 0.443886 0.443886 0.443886 0.443886 0.443886 0.443886 0.443886 0.443886 0.443886 0.443886 0.443886 0.443886 0.443886 0.443886 0.443886 0.443886 0.443886 0.443886 0.443886 0.443886 0.443886 0.443886 0.443886 0.443886 0.443886 0.443886 0.443886 0.443886 0.443886 0.443886 0.443886 0.443886 0.443886 0.443886 0.443886 0.443886 0.443886 0.443886 0.443886 0.443886 0.443886 0.443886 0.443886 0.443886 0.443886 0.443886 0.443886 0.443886 0.443886 0.443886 0.443886 0.443886 0.443886 0.443886 0.443886 0.443886 0.443886 0.462517 0.500553 0.539408 0.578800 0.618422 0.657939 0.696998 0.735228 0.772249 0.807677 0.841129 0.872232 0.900630 0.925988 0.948002 0.966402 0.980960 0.991493 0.997866 1.000000 0.997866 0.991493 0.980960 0.966402 0.948002 0.925988 0.900630 0.872232 0.841129 0.807677 0.772249 0.735228 0.696998 0.657939 0.618422 0.578800 0.539408 0.500553 0.462517 0.425550 0.389869 0.355656 0.323063 0.292206 0.263170 0.236008 0.210748 0.187389 0.165909 0.146265 0.128397 0.112231 0.097683 0.084658 0.073057 0.062777 0.053714 0.045763 0.038823 0.032795 0.027585 0.023103 0.019267 0.016000 0.013230 0.010893 0.008931 0.007290 0.005926 0.004797 0.003866
0.003866 0.004797 0.005926 0.007290 0.008931 0.010893 0.013230 0.016000 0.019267 0.023103 0.027585 0.032795 0.038823 0.045763 0.053714 0.062777 0.073057 0.084658 0.097683 0.112231 0.128397 0.146265 0.165909 0.187389 0.210748 0.236008 0.263170 0.292206 0.323063 0.355656 0.389869 0.425550 0.462517 0.500553 0.539408 0.578800 0.618422 0.657939 0.696998 0.735228 0.772249 0.807677 0.841129 0.872232 0.900630 0.925988 0.948002 0.966402 0.980960 0.991493 0.997866 1.000000 0.997866 0.991493 0.980960 0.966402 0.948002 0.925988 0.900630 0.872232 0.841129 0.807677 0.772249 0.735228 0.696998 0.657939 0.618422 0.578800 0.539408 0.500553 0.462517 0.425550 0.407536 0.407536 0.407536 0.407536 0.407536 0.407536 0.407536 0.407536 0.407536 0.407536 0.407536 0.407536 0.407536 0.407536 0.407536 0.407536 0.407536 0.407536 0.407536 0.407536 0.407536 0.407536 0.407536 0.407536 0.407536 0.407536 0.407536 0.407536 0.407536 0.407536 0.407536 0.407536 0.407536 0.407536 0.407536 0.407536 0.407536 0.407536 0.407536 0.407536 0.407536 0.407536 0.407536 0.407536 0.407536 0.407536 0.407536 0.407536 0.407536 0.407536 0.407536 0.407536 0.407536 0.407536 0.407536 0.407536 0.407536 0.407536 0.407536 0.407536 0.407536 0.407536 0.407536 0.407536 0.407536 0.407536 0.407536 0.407536 0.407536 0.407536 0.407536 0.407536 0.407536 0.407536 0.407536 0.407536 0.407536 0.407536 0.407536 0.407536 0.407536 0.407536 0.407536 0.407536 0.407536 0.407536 0.407536 0.407536 0.407536 0.407536 0.407536 0.407536 0.407536 0.407536 0.407536 0.407536 0.407536 0.407536 0.407536 0.407536 0.407536 0.407536 0.407536 0.407536 0.407536 0.407536 0.407536 0.407536 0.407536 0.407536 0.407536 0.407536 0.425550 0.462517 0.500553 0.539408 0.578800 0.618422 0.657939 0.696998 0.735228 0.772249 0.807677 0.841129 0.872232 0.900630 0.925988 0.948002 0.966402 0.980960 0.991493 0.997866 1.000000 0.997866 0.991493 0.980960 0.966402 0.948002 0.925988 0.900630 0.872232 0.841129 0.807677 0.772249 0.735228 0.696998 0.657939 0.618422 0.578800 0.539408 0.500553 0.462517 0.425550 0.389869 0.355656 0.323063 0.292206 0.263170 0.236008 0.210748 0.187389 0.165909 0.146265 0.128397 0.112231 0.097683 0.084658 0.073057 0.062777 0.053714 0.045763 0.038823 0.032795 0.027585 0.023103 0.019267 0.016000 0.013230 0.010893 0.008931 0.007290 0.005926 0.004797 0.003866
0.003866 0.004797 0.005926 0.007290 0.008931 0.010893 0.013230 0.016000 0.019267 0.023103 0.027585 0.032795 0.038823 0.045763 0.053714 0.062777 0.073057 0.084658 0.097683 0.112231 0.128397 0.146265 0.165909 0.187389 0.210748 0.236008 0.263170 0.292206 0.323063 0.355656 0.389869 0.425550 0.462517 0.500553 0.539408 0.578800 0.618422 0.657939 0.696998 0.735228 0.772249 0.807677 0.841129 0.872232 0.900630 0.925988 0.948002 0.966402 0.980960 0.991493 0.997866 1.000000 0.997866 0.991493 0.980960 0.966402 0.948002 0.925988 0.900630 0.872232 0.841129 0.807677 0.772249 0.735228 0.696998 0.657939 0.618422 0.578800 0.539408 0.500553 0.462517 0.425550 0.389869 0.372569 0.372569 0.372569 0.372569 0.372569 0.372569 0.372569 0.372569 0.372569 0.372569 0.372569 0.372569 0.372569 0.372569 0.372569 0.372569 0.372569 0.372569 0.372569 0.372569 0.372569 0.372569 0.372569 0.372569 0.372569 0.372569 0.372569 0.372569 0.372569 0.372569 0.372569 0.372569 0.372569 0.372569 0.372569 0.372569 0.372569 0.372569 0.372569 0.372569 0.372569 0.372569 0.372569 0.372569 0.372569 0.372569 0.372569 0.372569 0.372569 0.372569 0.372569 0.372569 0.372569 0.372569 0.372569 0.372569 0.372569 0.372569 0.372569 0.372569 0.372569 0.372569 0.372569 0.372569 0.372569 0.372569 0.372569 0.372569 0.372569 0.372569 0.372569 0.372569 0.372569 0.372569 0.372569 0.372569 0.372569 0.372569 0.372569 0.372569 0.372569 0.372569 0.372569 0.372569 0.372569 0.372569 0.372569 0.372569 0.372569 0.372569 0.372569 0.372569 0.372569 0.372569 0.372569 0.372569 0.372569 0.372569 0.372569 0.372569 0.372569 0.372569 0.372569 0.372569 0.372569 0.372569 0.372569 0.372569 0.372569 0.372569 0.389869 0.425550 0.462517 0.500553 0.539408 0.578800 0.618422 0.657939 0.696998 0.735228 0.772249 0.807677 0.841129 0.872232 0.900630 0.925988 0.948002 0.966402 0.980960 0.991493 0.997866 1.000000 0.997866 0.991493 0.980960 0.966402 0.948002 0.925988 0.900630 0.872232 0.841129 0.807677 0.772249 0.735228 0.696998 0.657939 0.618422 0.578800 0.539408 0.500553 0.462517 0.425550 0.389869 0.355656 0.323063 0.292206 0.263170 0.236008 0.210748 0.187389 0.165909 0.146265 0.128397 0.112231 0.097683 0.084658 0.073057 0.062777 0.053714 0.045763 0.038823 0.032795 0.027585 0.023103 0.019267 0.016000 0.013230 0.010893 0.008931 0.007290 0.005926 0.004797 0.003866
0.003866 0.004797 0.005926 0.007290 0.008931 0.010893 0.013230 0.016000 0.019267 0.023103 0.027585 0.032795 0.038823 0.045763 0.053714 0.062777 0.073057 0.084658 0.097683 0.112231 0.128397 0.146265 0.165909 0.187389 0.210748 0.236008 0.263170 0.292206 0.323063 0.355656 0.389869 0.425550 0.462517 0.500553 0.539408 0.578800 0.618422 0.657939 0.696998 0.735228 0.772249 0.807677 0.841129 0.872232 0.900630 0.925988 0.948002 0.966402 0.980960 0.991493 0.997866 1.000000 0.997866 0.991493 0.980960 0.966402 0.948002 0.925988 0.900630 0.872232 0.841129 0.807677 0.772249 0.735228 0.696998 0.657939 0.618422 0.578800 0.539408 0.500553 0.462517 0.425550 0.389869 0.355656 0.339149 0.339149 0.339149 0.339149 0.339149 0.339149 0.339149 0.339149 0.339149 0.339149 0.339149 0.339149 0.339149 0.339149 0.339149 0.339149 0.339149 0.339149 0.339149 0.339149 0.339149 0.339149 0.339149 0.339149 0.339149 0.339149 0.339149 0.339149 0.339149 0.339149 0.339149 0.339149 0.339149 0.339149 0.339149 0.339149 0.339149 0.339149 0.339149 0.339149 0.339149 0.339149 0.339149 0.339149 0.339149 0.339149 0.339149 0.339149 0.339149 0.339149 0.339149 0.339149 0.339149 0.339149 0.339149 0.339149 0.339149 0.339149 0.339149 0.339149 0.339149 0.339149 0.339149 0.339149 0.339149 0.339149 0.339149 0.339149 0.339149 0.339149 0.339149 0.339149 0.339149 0.339149 0.339149 0.339149 0.339149 0.339149 0.339149 0.339149 0.339149 0.339149 0.339149 0.339149 0.339149 0.339149 0.339149 0.339149 0.339149 0.339149 0.339149 0.339149 0.339149 0.339149 0.339149 0.339149 0.339149 0.339149 0.339149 0.339149 0.339149 0.339149 0.339149 0.339149 0.339149 0.339149 0.339149 0.339149 0.355656 0.389869 0.425550 0.462517 0.500553 0.539408 0.578800 0.618422 0.657939 0.696998 0.735228 0.772249 0.807677 0.841129 0.872232 0.900630 0.925988 0.948002 0.966402 0.980960 0.991493 0.997866 1.000000 0.997866 0.991493 0.980960 0.966402 0.948002 0.925988 0.900630 0.872232 0.841129 0.807677 0.772249 0.735228 0.696998 0.657939 0.618422 0.578800 0.539408 0.500553 0.462517 0.425550 0.389869 0.355656 0.323063 0.292206 0.263170 0.236008 0.210748 0.187389 0.165909 0.146265 0.128397 0.112231 0.097683 0.084658 0.073057 0.062777 0.053714 0.045763 0.038823 0.032795 0.027585 0.023103 0.019267 0.016000 0.013230 0.010893 0.008931 0.007290 0.005926 0.004797 0.003866
0.003866 0.004797 0.005926 0.007290 0.008931 0.010893 0.013230 0.016000 0.019267 0.023103 0.027585 0.032795 0.038823 0.045763 0.053714 0.062777 0.073057 0.084658 0.097683 0.112231 0.128397 0.146265 0.165909 0.187389 0.210748 0.236008 0.263170 0.292206 0.323063 0.355656 0.389869 0.425550 0.462517 0.500553 0.539408 0.578800 0.618422 0.657939 0.696998 0.735228 0.772249 0.807677 0.841129 0.872232 0.900630 0.925988 0.948002 0.966402 0.980960 0.991493 0.997866 1.000000 0.997866 0.991493 0.980960 0.966402 0.948002 0.925988 0.900630 0.872232 0.841129 0.807677 0.772249 0.735228 0.696998 0.657939 0.618422 0.578800 0.539408 0.500553 0.462517 0.425550 0.389869 0.355656 0.323063 0.307412 0.307412 0.307412 0.307412 0.307412 0.307412 0.307412 0.307412 0.307412 0.307412 0.307412 0.307412 0.307412 0.307412 0.307412 0.307412 0.307412 0.307412 0.307412 0.307412 0.307412 0.307412 0.307412 0.307412 0.307412 0.307412 0.307412 0.307412 0.307412 0.307412 0.307412 0.307412 0.307412 0.307412 0.307412 0.307412 0.307412 0.307412 0.307412 0.307412 0.307412 0.307412 0.307412 0.307412 0.307412 0.307412 0.307412 0.307412 0.307412 0.307412 0.307412 0.307412 0.307412 0.307412 0.307412 0.307412 0.307412 0.307412 0.307412 0.307412 0.307412 0.307412 0.307412 0.307412 0.307412 0.307412 0.307412 0.307412 0.307412 0.307412 0.307412 0.307412 0.307412 0.307412 0.307412 0.307412 0.307412 0.307412 0.307412 0.307412 0.307412 0.307412 0.307412 0.307412 0.307412 0.307412 0.307412 0.307412 0.307412 0.307412 0.307412 0.307412 0.307412 0.307412 0.307412 0.307412 0.307412 0.307412 0.307412 0.307412 0.307412 0.307412 0.307412 0.307412 0.307412 0.307412 0.323063 0.355656 0.389869 0.425550 0.462517 0.500553 0.539408 0.578800 0.618422 0.657939 0.696998 0.735228 0.772249 0.807677 0.841129 0.872232 0.900630 0.925988 0.948002 0.966402 0.980960 0.991493 0.997866 1.000000 0.997866 0.991493 0.980960 0.966402 0.948002 0.925988 0.900630 0.872232 0.841129 0.807677 0.772249 0.735228 0.696998 0.657939 0.618422 0.578800 0.539408 0.500553 0.462517 0.425550 0.389869 0.355656 0.323063 0.292206 0.263170 0.236008 0.210748 0.187389 0.165909 0.146265 0.128397 0.112231 0.097683 0.084658 0.073057 0.062777 0.053714 0.045763 0.038823 0.032795 0.027585 0.023103 0.019267 0.016000 0.013230 0.010893 0.008931 0.007290 0.005926 0.004797 0.003866
0.003866 0.004797 0.005926 0.007290 0.008931 0.010893 0.013230 0.016000 0.019267 0.023103 0.027585 0.032795 0.038823 0.045763 0.053714 0.062777 0.073057 0.084658 0.097683 0.112231 0.128397 0.146265 0.165909 0.187389 0.210748 0.236008 0.263170 0.292206 0.323063 0.355656 0.389869 0.425550 0.462517 0.500553 0.539408 0.578800 0.618422 0.657939 0.696998 0.735228 0.772249 0.807677 0.841129 0.872232 0.900630 0.925988 0.948002 0.966402 0.980960 0.991493 0.997866 1.000000 0.997866 0.991493 0.980960 0.966402 0.948002 0.925988 0.900630 0.872232 0.841129 0.807677 0.772249 0.735228 0.696998 0.657939 0.618422 0.578800 0.539408 0.500553 0.462517 0.425550 0.389869 0.355656 0.323063 0.292206 0.277456 0.277456 0.277456 0.277456 0.277456 0.277456 0.277456 0.277456 0.277456 0.277456 0.277456 0.277456 0.277456 0.277456 0.277456 0.277456 0.277456 0.277456 0.277456 0.277456 0.277456 0.277456 0.277456 0.277456 0.277456 0.277456 0.277456 0.277456 0.277456 0.277456 0.277456 0.277456 0.277456 0.277456 0.277456 0.277456 0.277456 0.277456 0.277456 0.277456 0.277456 0.277456 0.277456 0.277456 0.277456 0.277456 0.277456 0.277456 0.277456 0.277456 0.277456 0.277456 0.277456 0.277456 0.277456 0.277456 0.277456 0.277456 0.277456 0.277456 0.277456 0.277456 0.277456 0.277456 0.277456 0.277456 0.277456 0.277456 0.277456 0.277456 0.277456 0.277456 0.277456 0.277456 0.277456 0.277456 0.277456 0.277456 0.277456 0.277456 0.277456 0.277456 0.277456 0.277456 0.277456 0.277456 0.277456 0.277456 0.277456 0.277456 0.277456 0.277456 0.277456 0.277456 0.277456 0.277456 0.277456 0.277456 0.277456 0.277456 0.277456 0.277456 0.277456 0.277456 0.292206 0.323063 0.355656 0.389869 0.425550 0.462517 0.500553 0.539408 0.578800 0.618422 0.657939 0.696998 0.735228 0.772249 0.807677 0.841129 0.872232 0.900630 0.925988 0.948002 0.966402 0.980960 0.991493 0.997866 1.000000 0.997866 0.991493 0.980960 0.966402 0.948002 0.925988 0.900630 0.872232 0.841129 0.807677 0.772249 0.735228 0.696998 0.657939 0.618422 0.578800 0.539408 0.500553 0.462517 0.425550 0.389869 0.355656 0.323063 0.292206 0.263170 0.236008 0.210748 0.187389 0.165909 0.146265 0.128397 0.112231 0.097683 0.084658 0.073057 0.062777 0.053714 0.045763 0.038823 0.032795 0.027585 0.023103 0.019267 0.016000 0.013230 0.010893 0.008931 0.007290 0.005926 0.004797 0.003866
0.003866 0.004797 0.005926 0.007290 0.008931 0.010893 0.013230 0.016000 0.019267 0.023103 0.027585 0.032795 0.038823 0.045763 0.053714 0.062777 0.073057 0.084658 0.097683 0.112231 0.128397 0.146265 0.165909 0.187389 0.210748 0.236008 0.263170 0.292206 0.323063 0.355656 0.389869 0.425550 0.462517 0.500553 0.539408 0.578800 0.618422 0.657939 0.696998 0.735228 0.772249 0.807677 0.841129 0.872232 0.900630 0.925988 0.948002 0.966402 0.980960 0.991493 0.997866 1.000000 0.997866 0.991493 0.980960 0.966402 0.948002 0.925988 0.900630 0.872232 0.841129 0.807677 0.772249 0.735228 0.696998 0.657939 0.618422 0.578800 0.539408 0.500553 0.462517 0.425550 0.389869 0.355656 0.323063 0.292206 0.263170 0.249352 0.249352 0.249352 0.249352 0.249352 0.249352 0.249352 0.249352 0.249352 0.249352 0.249352 0.249352 0.249352 0.249352 0.249352 0.249352 0.249352 0.249352 0.249352 0.249352 0.249352 0.249352 0.249352 0.249352 0.249352 0.249352 0.249352 0.249352 0.249352 0.249352 0.249352 0.249352 0.249352 0.249352 0.249352 0.249352 0.249352 0.249352 0.249352 0.249352 0.249352 0.249352 0.249352 0.249352 0.249352 0.249352 0.249352 0.249352 0.249352 0.249352 0.249352 0.249352 0.249352 0.249352 0.249352 0.249352 0.249352 0.249352 0.249352 0.249352 0.249352 0.249352 0.249352 0.249352 0.249352 0.249352 0.249352 0.249352 0.249352 0.249352 0.249352 0.249352 0.249352 0.249352 0.249352 0.249352 0.249352 0.249352 0.249352 0.249352 0.249352 0.249352 0.249352 0.249352 0.249352 0.249352 0.249352 0.249352 0.249352 0.249352 0.249352 0.249352 0.249352 0.249352 0.249352 0.249352 0.249352 0.249352 0.249352 0.249352 0.249352 0.249352 0.263170 0.292206 0.323063 0.355656 0.389869 0.425550 0.462517 0.500553 0.539408 0.578800 0.618422 0.657939 0.696998 0.735228 0.772249 0.807677 0.841129 0.872232 0.900630 0.925988 0.948002 0.966402 0.980960 0.991493 0.997866 1.000000 0.997866 0.991493 0.980960 0.966402 0.948002 0.925988 0.900630 0.872232 0.841129 0.807677 0.772249 0.735228 0.696998 0.657939 0.618422 0.578800 0.539408 0.500553 0.462517 0.425550 0.389869 0.355656 0.323063 0.292206 0.263170 0.236008 0.210748 0.187389 0.165909 0.146265 0.128397 0.112231 0.097683 0.084658 0.073057 0.062777 0.053714 0.045763 0.038823 0.032795 0.027585 0.023103 0.019267 0.016000 0.013230 0.010893 0.008931 0.007290 0.005926 0.004797 0.003866
0.003866 0.004797 0.005926 0.007290 0.008931 0.010893 0.013230 0.016000 0.019267 0.023103 0.027585 0.032795 0.038823 0.045763 0.053714 0.062777 0.073057 0.084658 0.097683 0.112231 0.128397 0.146265 0.165909 0.187389 0.210748 0.236008 0.263170 0.292206 0.323063 0.355656 0.389869 0.425550 0.462517 0.500553 0.539408 0.578800 0.618422 0.657939 0.696998 0.735228 0.772249 0.807677 0.841129 0.872232 0.900630 0.925988 0.948002 0.966402 0.980960 0.991493 0.997866 1.000000 0.997866 0.991493 0.980960 0.966402 0.948002 0.925988 0.900630 0.872232 0.841129 0.807677 0.772249 0.735228 0.696998 0.657939 0.618422 0.578800 0.539408 0.500553 0.462517 0.425550 0.389869 0.355656 0.323063 0.292206 0.263170 0.236008 0.223140 0.223140 0.223140 0.223140 0.223140 0.223140 0.223140 0.223140 0.223140 0.223140 0.223140 0.223140 0.223140 0.223140 0.223140 0.223140 0.223140 0.223140 0.223140 0.223140 0.223140 0.223140 0.223140 0.223140 0.223140 0.223140 0.223140 0.223140 0.223140 0.223140 0.223140 0.223140 0.223140 0.223140 0.223140 0.223140 0.223140 0.223140 0.223140 0.223140 0.223140 0.223140 0.223140 0.223140 0.223140 0.223140 0.223140 0.223140 0.223140 0.223140 0.223140 0.223140 0.223140 0.223140 0.223140 0.223140 0.223140 0.223140 0.223140 0.223140 0.223140 0.223140 0.223140 0.223140 0.223140 0.223140 0.223140 0.223140 0.223140 0.223140 0.223140 0.223140 0.223140 0.223140 0.223140 0.223140 0.223140 0.223140 0.223140 0.223140 0.223140 0.223140 0.223140 0.223140 0.223140 0.223140 0.223140 0.223140 0.223140 0.223140 0.223140 0.223140 0.223140 0.223140 0.223140 0.223140 0.223140 0.223140 0.223140 0.223140 0.236008 0.263170 0.292206 0.323063 0.355656 0.389869 0.425550 0.462517 0.500553 0.539408 0.578800 0.618422 0.657939 0.696998 0.735228 0.772249 0.807677 0.841129 0.872232 0.900630 0.925988 0.948002 0.966402 0.980960 0.991493 0.997866 1.000000 0.997866 0.991493 0.980960 0.966402 0.948002 0.925988 0.900630 0.872232 0.841129 0.807677 0.772249 0.735228 0.696998 0.657939 0.618422 0.578800 0.539408 0.500553 0.462517 0.425550 0.389869 0.355656 0.323063 0.292206 0.263170 0.236008 0.210748 0.187389 0.165909 0.146265 0.128397 0.112231 0.097683 0.084658 0.073057 0.062777 0.053714 0.045763 0.038823 0.032795 0.027585 0.023103 0.019267 0.016000 0.013230 0.010893 0.008931 0.007290 0.005926 0.004797 0.003866
0.003866 0.004797 0.005926 0.007290 0.008931 0.010893 0.013230 0.016000 0.019267 0.023103 0.027585 0.032795 0.038823 0.045763 0.053714 0.062777 0.073057 0.084658 0.097683 0.112231 0.128397 0.146265 0.165909 0.187389 0.210748 0.236008 0.263170 0.292206 0.323063 0.355656 0.389869 0.425550 0.462517 0.500553 0.539408 0.578800 0.618422 0.657939 0.696998 0.735228 0.772249 0.807677 0.841129 0.872232 0.900630 0.925988 0.948002 0.966402 0.980960 0.991493 0.997866 1.000000 0.997866 0.991493 0.980960 0.966402 0.948002 0.925988 0.900630 0.872232 0.841129 0.807677 0.772249 0.735228 0.696998 0.657939 0.618422 0.578800 0.539408 0.500553 0.462517 0.425550 0.389869 0.355656 0.323063 0.292206 0.263170 0.236008 0.210748 0.198832 0.198832 0.198832 0.198832 0.198832 0.198832 0.198832 0.198832 0.198832 0.198832 0.198832 0.198832 0.198832 0.198832 0.198832 0.198832 0.198832 0.198832 0.198832 0.198832 0.198832 0.198832 0.198832 0.198832 0.198832 0.198832 0.198832 0.198832 0.198832 0.198832 0.198832 0.198832 0.198832 0.198832 0.198832 0.198832 0.198832 0.198832 0.198832 0.198832 0.198832 0.198832 0.198832 0.198832 0.198832 0.198832 0.198832 0.198832 0.198832 0.198832 0.198832 0.198832 0.198832 0.198832 0.198832 0.198832 0.198832 0.198832 0.198832 0.198832 0.198832 0.198832 0.198832 0.198832 0.198832 0.198832 0.198832 0.198832 0.198832 0.198832 0.198832 0.198832 0.198832 0.198832 0.198832 0.198832 0.198832 0.198832 0.198832 0.198832 0.198832 0.198832 0.198832 0.198832 0.198832 0.198832 0.198832 0.198832 0.198832 0.198832 0.198832 0.198832 0.198832 0.198832 0.198832 0.198832 0.198832 0.198832 0.210748 0.236008 0.263170 0.292206 0.323063 0.355656 0.389869 0.425550 0.462517 0.500553 0.539408 0.578800 0.618422 0.657939 0.696998 0.735228 0.772249 0.807677 0.841129 0.872232 0.900630 0.925988 0.948002 0.966402 0.980960 0.991493 0.997866 1.000000 0.997866 0.991493 0.980960 0.966402 0.948002 0.925988 0.900630 0.872232 0.841129 0.807677 0.772249 0.735228 0.696998 0.657939 0.618422 0.578800 0.539408 0.500553 0.462517 0.425550 0.389869 0.355656 0.323063 0.292206 0.263170 0.236008 0.210748 0.187389 0.165909 0.146265 0.128397 0.112231 0.097683 0.084658 0.073057 0.062777 0.053714 0.045763 0.038823 0.032795 0.027585 0.023103 0.019267 0.016000 0.013230 0.010893 0.008931 0.007290 0.005926 0.004797 0.003866
0.003866 0.004797 0.005926 0.007290 0.008931 0.010893 0.013230 0.016000 0.019267 0.023103 0.027585 0.032795 0.038823 0.045763 0.053714 0.062777 0.073057 0.084658 0.097683 0.112231 0.128397 0.146265 0.165909 0.187389 0.210748 0.236008 0.263170 0.292206 0.323063 0.355656 0.389869 0.425550 0.462517 0.500553 0.539408 0.578800 0.618422 0.657939 0.696998 0.735228 0.772249 0.807677 0.841129 0.872232 0.900630 0.925988 0.948002 0.966402 0.980960 0.991493 0.997866 1.000000 0.997866 0.991493 0.980960 0.966402 0.948002 0.925988 0.900630 0.872232 0.841129 0.807677 0.772249 0.735228 0.696998 0.657939 0.618422 0.578800 0.539408 0.500553 0.462517 0.425550 0.389869 0.355656 0.323063 0.292206 0.263170 0.236008 0.210748 0.187389 0.176416 0.176416 0.176416 0.176416 0.176416 0.176416 0.176416 0.176416 0.176416 0.176416 0.176416 0.176416 0.176416 0.176416 0.176416 0.176416 0.176416 0.176416 0.176416 0.176416 0.176416 0.176416 0.176416 0.176416 0.176416 0.176416 0.176416 0.176416 0.176416 0.176416 0.176416 0.176416 0.176416 0.176416 0.176416 0.176416 0.176416 0.176416 0.176416 0.176416 0.176416 0.176416 0.176416 0.176416 0.176416 0.176416 0.176416 0.176416 0.176416 0.176416 0.176416 0.176416 0.176416 0.176416 0.176416 0.176416 0.176416 0.176416 0.176416 0.176416 0.176416 0.176416 0.176416 0.176416 0.176416 0.176416 0.176416 0.176416 0.176416 0.176416 0.176416 0.176416 0.176416 0.176416 0.176416 0.176416 0.176416 0.176416 0.176416 0.176416 0.176416 0.176416 0.176416 0.176416 0.176416 0.176416 0.176416 0.176416 0.176416 0.176416 0.176416 0.176416 0.176416 0.176416 0.176416 0.176416 0.187389 0.210748 0.236008 0.263170 0.292206 0.323063 0.355656 0.389869 0.425550 0.462517 0.500553 0.539408 0.578800 0.618422 0.657939 0.696998 0.735228 0.772249 0.807677 0.841129 0.872232 0.900630 0.925988 0.948002 0.966402 0.980960 0.991493 0.997866 1.000000 0.997866 0.991493 0.980960 0.966402 0.948002 0.925988 0.900630 0.872232 0.841129 0.807677 0.772249 0.735228 0.696998 0.657939 0.618422 0.578800 0.539408 0.500553 0.462517 0.425550 0.389869 0.355656 0.323063 0.292206 0.263170 0.236008 0.210748 0.187389 0.165909 0.146265 0.128397 0.112231 0.097683 0.084658 0.073057 0.062777 0.053714 0.045763 0.038823 0.032795 0.027585 0.023103 0.019267 0.016000 0.013230 0.010893 0.008931 0.007290 0.005926 0.004797 0.003866
0.003866 0.004797 0.005926 0.007290 0.008931 0.010893 0.013230 0.016000 0.019267 0.023103 0.027585 0.032795 0.038823 0.045763 0.053714 0.062777 0.073057 0.084658 0.097683 0.112231 0.128397 0.146265 0.165909 0.187389 0.210748 0.236008 0.263170 0.292206 0.323063 0.355656 0.389869 0.425550 0.462517 0.500553 0.539408 0.578800 0.618422 0.657939 0.696998 0.735228 0.772249 0.807677 0.841129 0.872232 0.900630 0.925988 0.948002 0.966402 0.980960 0.991493 0.997866 1.000000 0.997866 0.991493 0.980960 0.966402 0.948002 0.925988 0.900630 0.872232 0.841129 0.807677 0.772249 0.735228 0.696998 0.657939 0.618422 0.578800 0.539408 0.500553 0.462517 0.425550 0.389869 0.355656 0.323063 0.292206 0.263170 0.236008 0.210748 0.187389 0.165909 0.155861 0.155861 0.155861 0.155861 0.155861 0.155861 0.155861 0.155861 0.155861 0.155861 0.155861 0.155861 0.155861 0.155861 0.155861 0.155861 0.155861 0.155861 0.155861 0.155861 0.155861 0.155861 0.155861 0.155861 0.155861 0.155861 0.155861 0.155861 0.155861 0.155861 0.155861 0.155861 0.155861 0.155861 0.155861 0.155861 0.155861 0.155861 0.155861 0.155861 0.155861 0.155861 0.155861 0.155861 0.155861 0.155861 0.155861 0.155861 0.155861 0.155861 0.155861 0.155861 0.155861 0.155861 0.155861 0.155861 0.155861 0.155861 0.155861 0.155861 0.155861 0.155861 0.155861 0.155861 0.155861 0.155861 0.155861 0.155861 0.155861 0.155861 0.155861 0.155861 0.155861 0.155861 0.155861 0.155861 0.155861 0.155861 0.155861 0.155861 0.155861 0.155861 0.155861 0.155861 0.155861 0.155861 0.155861 0.155861 0.155861 0.155861 0.155861 0.155861 0.155861 0.155861 0.165909 0.187389 0.210748 0.236008 0.263170 0.292206 0.323063 0.355656 0.389869 0.425550 0.462517 0.500553 0.539408 0.578800 0.618422 0.657939 0.696998 0.735228 0.772249 0.807677 0.841129 0.872232 0.900630 0.925988 0.948002 0.966402 0.980960 0.991493 0.997866 1.000000 0.997866 0.991493 0.980960 0.966402 0.948002 0.925988 0.900630 0.872232 0.841129 0.807677 0.772249 0.735228 0.696998 0.657939 0.618422 0.578800 0.539408 0.500553 0.462517 0.425550 0.389869 0.355656 0.323063 0.292206 0.263170 0.236008 0.210748 0.187389 0.165909 0.146265 0.128397 0.112231 0.097683 0.084658 0.073057 0.062777 0.053714 0.045763 0.038823 0.032795 0.027585 0.023103 0.019267 0.016000 0.013230 0.010893 0.008931 0.007290 0.005926 0.004797 0.003866
0.003866 0.004797 0.005926 0.007290 0.008931 0.010893 0.013230 0.016000 0.019267 0.023103 0.027585 0.032795 0.038823 0.045763 0.053714 0.062777 0.073057 0.084658 0.097683 0.112231 0.128397 0.146265 0.165909 0.187389 0.210748 0.236008 0.263170 0.292206 0.323063 0.355656 0.389869 0.425550 0.462517 0.500553 0.539408 0.578800 0.618422 0.657939 0.696998 0.735228 0.772249 0.807677 0.841129 0.872232 0.900630 0.925988 0.948002 0.966402 0.980960 0.991493 0.997866 1.000000 0.997866 0.991493 0.980960 0.966402 0.948002 0.925988 0.900630 0.872232 0.841129 0.807677 0.772249 0.735228 0.696998 0.657939 0.618422 0.578800 0.539408 0.500553 0.462517 0.425550 0.389869 0.355656 0.323063 0.292206 0.263170 0.236008 0.210748 0.187389 0.165909 0.146265 0.137113 0.137113 0.137113 0.137113 0.137113 0.137113 0.137113 0.137113 0.137113 0.137113 0.137113 0.137113 0.137113 0.137113 0.137113 0.137113 0.137113 0.137113 0.137113 0.137113 0.137113 0.137113 0.137113 0.137113 0.137113 0.137113 0.137113 0.137113 0.137113 0.137113 0.137113 0.137113 0.137113 0.137113 0.137113 0.137113 0.137113 0.137113 0.137113 0.137113 0.137113 0.137113 0.137113 0.137113 0.137113 0.137113 0.137113 0.137113 0.137113 0.137113 0.137113 0.137113 0.137113 0.137113 0.137113 0.137113 0.137113 0.137113 0.137113 0.137113 0.137113 0.137113 0.137113 0.137113 0.137113 0.137113 0.137113 0.137113 0.137113 0.137113 0.137113 0.137113 0.137113 0.137113 0.137113 0.137113 0.137113 0.137113 0.137113 0.137113 0.137113 0.137113 0.137113 0.137113 0.137113 0.137113 0.137113 0.137113 0.137113 0.137113 0.137113 0.137113 0.146265 0.165909 0.187389 0.210748 0.236008 0.263170 0.292206 0.323063 0.355656 0.389869 0.425550 0.462517 0.500553 0.539408 0.578800 0.618422 0.657939 0.696998 0.735228 0.772249 0.807677 0.841129 0.872232 0.900630 0.925988 0.948002 0.966402 0.980960 0.991493 0.997866 1.000000 0.997866 0.991493 0.980960 0.966402 0.948002 0.925988 0.900630 0.872232 0.841129 0.807677 0.772249 0.735228 0.696998 0.657939 0.618422 0.578800 0.539408 0.500553 0.462517 0.425550 0.389869 0.355656 0.323063 0.292206 0.263170 0.236008 0.210748 0.187389 0.165909 0.146265 0.128397 0.112231 0.097683 0.084658 0.073057 0.062777 0.053714 0.045763 0.038823 0.032795 0.027585 0.023103 0.019267 0.016000 0.013230 0.010893 0.008931 0.007290 0.005926 0.004797 0.003866
0.003866 0.004797 0.005926 0.007290 0.008931 0.010893 0.013230 0.016000 0.019267 0.023103 0.027585 0.032795 0.038823 0.045763 0.053714 0.062777 0.073057 0.084658 0.097683 0.112231 0.128397 0.146265 0.165909 0.187389 0.210748 0.236008 0.263170 0.292206 0.323063 0.355656 0.389869 0.425550 0.462517 0.500553 0.539408 0.578800 0.618422 0.657939 0.696998 0.735228 0.772249 0.807677 0.841129 0.872232 0.900630 0.925988 0.948002 0.966402 0.980960 0.991493 0.997866 1.000000 0.997866 0.991493 0.980960 0.966402 0.948002 0.925988 0.900630 0.872232 0.841129 0.807677 0.772249 0.735228 0.696998 0.657939 0.618422 0.578800 0.539408 0.500553 0.462517 0.425550 0.389869 0.355656 0.323063 0.292206 0.263170 0.236008 0.210748 0.187389 0.165909 0.146265 0.128397 0.120106 0.120106 0.120106 0.120106 0.120106 0.120106 0.120106 0.120106 0.120106 0.120106 0.120106 0.120106 0.120106 0.120106 0.120106 0.120106 0.120106 0.120106 0.120106 0.120106 0.120106 0.120106 0.120106 0.120106 0.120106 0.120106 0.120106 0.120106 0.120106 0.120106 0.120106 0.120106 0.120106 0.120106 0.120106 0.120106 0.120106 0.120106 0.120106 0.120106 0.120106 0.120106 0.120106 0.120106 0.120106 0.120106 0.120106 0.120106 0.120106 0.120106 0.120106 0.120106 0.120106 0.120106 0.120106 0.120106 0.120106 0.120106 0.120106 0.120106 0.120106 0.120106 0.120106 0.120106 0.120106 0.120106 0.120106 0.120106 0.120106 0.120106 0.120106 0.120106 0.120106 0.120106 0.120106 0.120106 0.120106 0.120106 0.120106 0.120106 0.120106 0.120106 0.120106 0.120106 0.120106 0.120106 0.120106 0.120106 0.120106 0.120106 0.128397 0.146265 0.165909 0.187389 0.210748 0.236008 0.263170 0.292206 0.323063 0.355656 0.389869 0.425550 0.462517 0.500553 0.539408 0.578800 0.618422 0.657939 0.696998 0.735228 0.772249 0.807677 0.841129 0.872232 0.900630 0.925988 0.948002 0.966402 0.980960 0.991493 0.997866 1.000000 0.997866 0.991493 0.980960 0.966402 0.948002 0.925988 0.900630 0.872232 0.841129 0.807677 0.772249 0.735228 0.696998 0.657939 0.618422 0.578800 0.539408 0.500553 0.462517 0.425550 0.389869 0.355656 0.323063 0.292206 0.263170 0.236008 0.210748 0.187389 0.165909 0.146265 0.128397 0.112231 0.097683 0.084658 0.073057 0.062777 0.053714 0.045763 0.038823 0.032795 0.027585 0.023103 0.019267 0.016000 0.013230 0.010893 0.008931 0.007290 0.005926 0.004797 0.003866
0.003866 0.004797 0.005926 0.007290 0.008931 0.010893 0.013230 0.016000 0.019267 0.023103 0.027585 0.032795 0.038823 0.045763 0.053714 0.062777 0.073057 0.084658 0.097683 0.112231 0.128397 0.146265 0.165909 0.187389 0.210748 0.236008 0.263170 0.292206 0.323063 0.355656 0.389869 0.425550 0.462517 0.500553 0.539408 0.578800 0.618422 0.657939 0.696998 0.735228 0.772249 0.807677 0.841129 0.872232 0.900630 0.925988 0.948002 0.966402 0.980960 0.991493 0.997866 1.000000 0.997866 0.991493 0.980960 0.966402 0.948002 0.925988 0.900630 0.872232 0.841129 0.807677 0.772249 0.735228 0.696998 0.657939 0.618422 0.578800 0.539408 0.500553 0.462517 0.425550 0.389869 0.355656 0.323063 0.292206 0.263170 0.236008 0.210748 0.187389 0.165909 0.146265 0.128397 0.112231 0.104761 0.104761 0.104761 0.104761 0.104761 0.104761 0.104761 0.104761 0.104761 0.104761 0.104761 0.104761 0.104761 0.104761 0.104761 0.104761 0.104761 0.104761 0.104761 0.104761 0.104761 0.104761 0.104761 0.104761 0.104761 0.104761 0.104761 0.104761 0.104761 0.104761 0.104761 0.104761 0.104761 0.104761 0.104761 0.104761 0.104761 0.104761 0.104761 0.104761 0.104761 0.104761 0.104761 0.104761 0.104761 0.104761 0.104761 0.104761 0.104761 0.104761 0.104761 0.104761 0.104761 0.104761 0.104761 0.104761 0.104761 0.104761 0.104761 0.104761 0.104761 0.104761 0.104761 0.104761 0.104761 0.104761 0.104761 0.104761 0.104761 0.104761 0.104761 0.104761 0.104761 0.104761 0.104761 0.104761 0.104761 0.104761 0.104761 0.104761 0.104761 0.104761 0.104761 0.104761 0.104761 0.104761 0.104761 0.104761 0.112231 0.128397 0.146265 0.165909 0.187389 0.210748 0.236008 0.263170 0.292206 0.323063 0.355656 0.389869 0.425550 0.462517 0.500553 0.539408 0.578800 0.618422 0.657939 0.696998 0.735228 0.772249 0.807677 0.841129 0.872232 0.900630 0.925988 0.948002 0.966402 0.980960 0.991493 0.997866 1.000000 0.997866 0.991493 0.980960 0.966402 0.948002 0.925988 0.900630 0.872232 0.841129 0.807677 0.772249 0.735228 0.696998 0.657939 0.618422 0.578800 0.539408 0.500553 0.462517 0.425550 0.389869 0.355656 0.323063 0.292206 0.263170 0.236008 0.210748 0.187389 0.165909 0.146265 0.128397 0.112231 0.097683 0.084658 0.073057 0.062777 0.053714 0.045763 0.038823 0.032795 0.027585 0.023103 0.019267 0.016000 0.013230 0.010893 0.008931 0.007290 0.005926 0.004797 0.003866
0.003866 0.004797 0.005926 0.007290 0.008931 0.010893 0.013230 0.016000 0.019267 0.023103 0.027585 0.032795 0.038823 0.045763 0.053714 0.062777 0.073057 0.084658 0.097683 0.112231 0.128397 0.146265 0.165909 0.187389 0.210748 0.236008 0.263170 0.292206 0.323063 0.355656 0.389869 0.425550 0.462517 0.500553 0.539408 0.578800 0.618422 0.657939 0.696998 0.735228 0.772249 0.807677 0.841129 0.872232 0.900630 0.925988 0.948002 0.966402 0.980960 0.991493 0.997866 1.000000 0.997866 0.991493 0.980960 0.966402 0.948002 0.925988 0.900630 0.872232 0.841129 0.807677 0.772249 0.735228 0.696998 0.657939 0.618422 0.578800 0.539408 0.500553 0.462517 0.425550 0.389869 0.355656 0.323063 0.292206 0.263170 0.236008 0.210748 0.187389 0.165909 0.146265 0.128397 0.112231 0.097683 0.090986 0.090986 0.090986 0.090986 0.090986 0.090986 0.090986 0.090986 0.090986 0.090986 0.090986 0.090986 0.090986 0.090986 0.090986 0.090986 0.090986 0.090986 0.090986 0.090986 0.090986 0.090986 0.090986 0.090986 0.090986 0.090986 0.090986 0.090986 0.090986 0.090986 0.090986 0.090986 0.090986 0.090986 0.090986 0.090986 0.090986 0.090986 0.090986 0.090986 0.090986 0.090986 0.090986 0.090986 0.090986 0.090986 0.090986 0.090986 0.090986 0.090986 0.090986 0.090986 0.090986 0.090986 0.090986 0.090986 0.090986 0.090986 0.090986 0.090986 0.090986 0.090986 0.090986 0.090986 0.090986 0.090986 0.090986 0.090986 0.090986 0.090986 0.090986 0.090986 0.090986 0.090986 0.090986 0.090986 0.090986 0.090986 0.090986 0.090986 0.090986 0.090986 0.090986 0.090986 0.090986 0.090986 0.097683 0.112231 0.128397 0.146265 0.165909 0.187389 0.210748 0.236008 0.263170 0.292206 0.323063 0.355656 0.389869 0.425550 0.462517 0.500553 0.539408 0.578800 0.618422 0.657939 0.696998 0.735228 0.772249 0.807677 0.841129 0.872232 0.900630 0.925988 0.948002 0.966402 0.980960 0.991493 0.997866 1.000000 0.997866 0.991493 0.980960 0.966402 0.948002 0.925988 0.900630 0.872232 0.841129 0.807677 0.772249 0.735228 0.696998 0.657939 0.618422 0.578800 0.539408 0.500553 0.462517 0.425550 0.389869 0.355656 0.323063 0.292206 0.263170 0.236008 0.210748 0.187389 0.165909 0.146265 0.128397 0.112231 0.097683 0.084658 0.073057 0.062777 0.053714 0.045763 0.038823 0.032795 0.027585 0.023103 0.019267 0.016000 0.013230 0.010893 0.008931 0.007290 0.005926 0.004797 0.003866
0.003866 0.004797 0.005926 0.007290 0.008931 0.010893 0.013230 0.016000 0.019267 0.023103 0.027585 0.032795 0.038823 0.045763 0.053714 0.062777 0.073057 0.084658 0.097683 0.112231 0.128397 0.146265 0.165909 0.187389 0.210748 0.236008 0.263170 0.292206 0.323063 0.355656 0.389869 0.425550 0.462517 0.500553 0.539408 0.578800 0.618422 0.657939 0.696998 0.735228 0.772249 0.807677 0.841129 0.872232 0.900630 0.925988 0.948002 0.966402 0.980960 0.991493 0.997866 1.000000 0.997866 0.991493 0.980960 0.966402 0.948002 0.925988 0.900630 0.872232 0.841129 0.807677 0.772249 0.735228 0.696998 0.657939 0.618422 0.578800 0.539408 0.500553 0.462517 0.425550 0.389869 0.355656 0.323063 0.292206 0.263170 0.236008 0.210748 0.187389 0.165909 0.146265 0.128397 0.112231 0.097683 0.084658 0.078686 0.078686 0.078686 0.078686 0.078686 0.078686 0.078686 0.078686 0.078686 0.078686 0.078686 0.078686 0.078686 0.078686 0.078686 0.078686 0.078686 0.078686 0.078686 0.078686 0.078686 0.078686 0.078686 0.078686 0.078686 0.078686 0.078686 0.078686 0.078686 0.078686 0.078686 0.078686 0.078686 0.078686 0.078686 0.078686 0.078686 0.078686 0.078686 0.078686 0.078686 0.078686 0.078686 0.078686 0.078686 0.078686 0.078686 0.078686 0.078686 0.078686 0.078686 0.078686 0.078686 0.078686 0.078686 0.078686 0.078686 0.078686 0.078686 0.078686 0.078686 0.078686 0.078686 0.078686 0.078686 0.078686 0.078686 0.078686 0.078686 0.078686 0.078686 0.078686 0.078686 0.078686 0.078686 0.078686 0.078686 0.078686 0.078686 0.078686 0.078686 0.078686 0.078686 0.078686 0.084658 0.097683 0.112231 0.128397 0.146265 0.165909 0.187389 0.210748 0.236008 0.263170 0.292206 0.323063 0.355656 0.389869 0.425550 0.462517 0.500553 0.539408 0.578800 0.618422 0.657939 0.696998 0.735228 0.772249 0.807677 0.841129 0.872232 0.900630 0.925988 0.948002 0.966402 0.980960 0.991493 0.997866 1.000000 0.997866 0.991493 0.980960 0.966402 0.948002 0.925988 0.900630 0.872232 0.841129 0.807677 0.772249 0.735228 0.696998 0.657939 0.618422 0.578800 0.539408 0.500553 0.462517 0.425550 0.389869 0.355656 0.323063 0.292206 0.263170 0.236008 0.210748 0.187389 0.165909 0.146265 0.128397 0.112231 0.097683 0.084658 0.073057 0.062777 0.053714 0.045763 0.038823 0.032795 0.027585 0.023103 0.019267 0.016000 0.013230 0.010893 0.008931 0.007290 0.005926 0.004797 0.003866
0.003866 0.004797 0.005926 0.007290 0.008931 0.010893 0.013230 0.016000 0.019267 0.023103 0.027585 0.032795 0.038823 0.045763 0.053714 0.062777 0.073057 0.084658 0.097683 0.112231 0.128397 0.146265 0.165909 0.187389 0.210748 0.236008 0.263170 0.292206 0.323063 0.355656 0.389869 0.425550 0.462517 0.500553 0.539408 0.578800 0.618422 0.657939 0.696998 0.735228 0.772249 0.807677 0.841129 0.872232 0.900630 0.925988 0.948002 0.966402 0.980960 0.991493 0.997866 1.000000 0.997866 0.991493 0.980960 0.966402 0.948002 0.925988 0.900630 0.872232 0.841129 0.807677 0.772249 0.735228 0.696998 0.657939 0.618422 0.578800 0.539408 0.500553 0.462517 0.425550 0.389869 0.355656 0.323063 0.292206 0.263170 0.236008 0.210748 0.187389 0.165909 0.146265 0.128397 0.112231 0.097683 0.084658 0.073057 0.067758 0.067758 0.067758 0.067758 0.067758 0.067758 0.067758 0.067758 0.067758 0.067758 0.067758 0.067758 0.067758 0.067758 0.067758 0.067758 0.067758 0.067758 0.067758 0.067758 0.067758 0.067758 0.067758 0.067758 0.067758 0.067758 0.067758 0.067758 0.067758 0.067758 0.067758 0.067758 0.067758 0.067758 0.067758 0.067758 0.067758 0.067758 0.067758 0.067758 0.067758 0.067758 0.067758 0.067758 0.067758 0.067758 0.067758 0.067758 0.067758 0.067758 0.067758 0.067758 0.067758 0.067758 0.067758 0.067758 0.067758 0.067758 0.067758 0.067758 0.067758 0.067758 0.067758 0.067758 0.067758 0.067758 0.067758 0.067758 0.067758 0.067758 0.067758 0.067758 0.067758 0.067758 0.067758 0.067758 0.067758 0.067758 0.067758 0.067758 0.067758 0.067758 0.073057 0.084658 0.097683 0.112231 0.128397 0.146265 0.165909 0.187389 0.210748 0.236008 0.263170 0.292206 0.323063 0.355656 0.389869 0.425550 0.462517 0.500553 0.539408 0.578800 0.618422 0.657939 0.696998 0.735228 0.772249 0.807677 0.841129 0.872232 0.900630 0.925988 0.948002 0.966402 0.980960 0.991493 0.997866 1.000000 0.997866 0.991493 0.980960 0.966402 0.948002 0.925988 0.900630 0.872232 0.841129 0.807677 0.772249 0.735228 0.696998 0.657939 0.618422 0.578800 0.539408 0.500553 0.462517 0.425550 0.389869 0.355656 0.323063 0.292206 0.263170 0.236008 0.210748 0.187389 0.165909 0.146265 0.128397 0.112231 0.097683 0.084658 0.073057 0.062777 0.053714 0.045763 0.038823 0.032795 0.027585 0.023103 0.019267 0.016000 0.013230 0.010893 0.008931 0.007290 0.005926 0.004797 0.003866
0.003866 0.004797 0.005926 0.007290 0.008931 0.010893 0.013230 0.016000 0.019267 0.023103 0.027585 0.032795 0.038823 0.045763 0.053714 0.062777 0.073057 0.084658 0.097683 0.112231 0.128397 0.146265 0.165909 0.187389 0.210748 0.236008 0.263170 0.292206 0.323063 0.355656 0.389869 0.425550 0.462517 0.500553 0.539408 0.578800 0.618422 0.657939 0.696998 0.735228 0.772249 0.807677 0.841129 0.872232 0.900630 0.925988 0.948002 0.966402 0.980960 0.991493 0.997866 1.000000 0.997866 0.991493 0.980960 0.966402 0.948002 0.925988 0.900630 0.872232 0.841129 0.807677 0.772249 0.735228 0.696998 0.657939 0.618422 0.578800 0.539408 0.500553 0.462517 0.425550 0.389869 0.355656 0.323063 0.292206 0.263170 0.236008 0.210748 0.187389 0.165909 0.146265 0.128397 0.112231 0.097683 0.084658 0.073057 0.062777 0.058100 0.058100 0.058100 0.058100 0.058100 0.058100 0.058100 0.058100 0.058100 0.058100 0.058100 0.058100 0.058100 0.058100 0.058100 0.058100 0.058100 0.058100 0.058100 0.058100 0.058100 0.058100 0.058100 0.058100 0.058100 0.058100 0.058100 0.058100 0.058100 0.058100 0.058100 0.058100 0.058100 0.058100 0.058100 0.058100 0.058100 0.058100 0.058100 0.058100 0.058100 0.058100 0.058100 0.058100 0.058100 0.058100 0.058100 0.058100 0.058100 0.058100 0.058100 0.058100 0.058100 0.058100 0.058100 0.058100 0.058100 0.058100 0.058100 0.058100 0.058100 0.058100 0.058100 0.058100 0.058100 0.058100 0.058100 0.058100 0.058100 0.058100 0.058100 0.058100 0.058100 0.058100 0.058100 0.058100 0.058100 0.058100 0.058100 0.058100 0.062777 0.073057 0.084658 0.097683 0.112231 0.128397 0.146265 0.165909 0.187389 0.210748 0.236008 0.263170 0.292206 0.323063 0.355656 0.389869 0.425550 0.462517 0.500553 0.539408 0.578800 0.618422 0.657939 0.696998 0.735228 0.772249 0.807677 0.841129 0.872232 0.900630 0.925988 0.948002 0.966402 0.980960 0.991493 0.997866 1.000000 0.997866 0.991493 0.980960 0.966402 0.948002 0.925988 0.900630 0.872232 0.841129 0.807677 0.772249 0.735228 0.696998 0.657939 0.618422 0.578800 0.539408 0.500553 0.462517 0.425550 0.389869 0.355656 0.323063 0.292206 0.263170 0.236008 0.210748 0.187389 0.165909 0.146265 0.128397 0.112231 0.097683 0.084658 0.073057 0.062777 0.053714 0.045763 0.038823 0.032795 0.027585 0.023103 0.019267 0.016000 0.013230 0.010893 0.008931 0.007290 0.005926 0.004797 0.003866
0.003866 0.004797 0.005926 0.007290 0.008931 0.010893 0.013230 0.016000 0.019267 0.023103 0.027585 0.032795 0.038823 0.045763 0.053714 0.062777 0.073057 0.084658 0.097683 0.112231 0.128397 0.146265 0.165909 0.187389 0.210748 0.236008 0.263170 0.292206 0.323063 0.355656 0.389869 0.425550 0.462517 0.500553 0.539408 0.578800 0.618422 0.657939 0.696998 0.735228 0.772249 0.807677 0.841129 0.872232 0.900630 0.925988 0.948002 0.966402 0.980960 0.991493 0.997866 1.000000 0.997866 0.991493 0.980960 0.966402 0.948002 0.925988 0.900630 0.872232 0.841129 0.807677 0.772249 0.735228 0.696998 0.657939 0.618422 0.578800 0.539408 0.500553 0.462517 0.425550 0.389869 0.355656 0.323063 0.292206 0.263170 0.236008 0.210748 0.187389 0.165909 0.146265 0.128397 0.112231 0.097683 0.084658 0.073057 0.062777 0.053714 0.049606 0.049606 0.049606 0.049606 0.049606 0.049606 0.049606 0.049606 0.049606 0.049606 0.049606 0.049606 0.049606 0.049606 0.049606 0.049606 0.049606 0.049606 0.049606 0.049606 0.049606 0.049606 0.049606 0.049606 0.049606 0.049606 0.049606 0.049606 0.049606 0.049606 0.049606 0.049606 0.049606 0.049606 0.049606 0.049606 0.049606 0.049606 0.049606 0.049606 0.049606 0.049606 0.049606 0.049606 0.049606 0.049606 0.049606 0.049606 0.049606 0.049606 0.049606 0.049606 0.049606 0.049606 0.049606 0.049606 0.049606 0.049606 0.049606 0.049606 0.049606 0.049606 0.049606 0.049606 0.049606 0.049606 0.049606 0.049606 0.049606 0.049606 0.049606 0.049606 0.049606 0.049606 0.049606 0.049606 0.049606 0.049606 0.053714 0.062777 0.073057 0.084658 0.097683 0.112231 0.128397 0.146265 0.165909 0.187389 0.210748 0.236008 0.263170 0.292206 0.323063 0.355656 0.389869 0.425550 0.462517 0.500553 0.539408 0.578800 0.618422 0.657939 0.696998 0.735228 0.772249 0.807677 0.841129 0.872232 0.900630 0.925988 0.948002 0.966402 0.980960 0.991493 0.997866 1.000000 0.997866 0.991493 0.980960 0.966402 0.948002 0.925988 0.900630 0.872232 0.841129 0.807677 0.772249 0.735228 0.696998 0.657939 0.618422 0.578800 0.539408 0.500553 0.462517 0.425550 0.389869 0.355656 0.323063 0.292206 0.263170 0.236008 0.210748 0.187389 0.165909 0.146265 0.128397 0.112231 0.097683 0.084658 0.073057 0.062777 0.053714 0.045763 0.038823 0.032795 0.027585 0.023103 0.019267 0.016000 0.013230 0.010893 0.008931 0.007290 0.005926 0.004797 0.003866
0.003866 0.004797 0.005926 0.007290 0.008931 0.010893 0.013230 0.016000 0.019267 0.023103 0.027585 0.032795 0.038823 0.045763 0.053714 0.062777 0.073057 0.084658 0.097683 0.112231 0.128397 0.146265 0.165909 0.187389 0.210748 0.236008 0.263170 0.292206 0.323063 0.355656 0.389869 0.425550 0.462517 0.500553 0.539408 0.578800 0.618422 0.657939 0.696998 0.735228 0.772249 0.807677 0.841129 0.872232 0.900630 0.925988 0.948002 0.966402 0.980960 0.991493 0.997866 1.000000 0.997866 0.991493 0.980960 0.966402 0.948002 0.925988 0.900630 0.872232 0.841129 0.807677 0.772249 0.735228 0.696998 0.657939 0.618422 0.578800 0.539408 0.500553 0.462517 0.425550 0.389869 0.355656 0.323063 0.292206 0.263170 0.236008 0.210748 0.187389 0.165909 0.146265 0.128397 0.112231 0.097683 0.084658 0.073057 0.062777 0.053714 0.045763 0.042173 0.042173 0.042173 0.042173 0.042173 0.042173 0.042173 0.042173 0.042173 0.042173 0.042173 0.042173 0.042173 0.042173 0.042173 0.042173 0.042173 0.042173 0.042173 0.042173 0.042173 0.042173 0.042173 0.042173 0.042173 0.042173 0.042173 0.042173 0.042173 0.042173 0.042173 0.042173 0.042173 0.042173 0.042173 0.042173 0.042173 0.042173 0.042173 0.042173 0.042173 0.042173 0.042173 0.042173 0.042173 0.042173 0.042173 0.042173 0.042173 0.042173 0.042173 0.042173 0.042173 0.042173 0.042173 0.042173 0.042173 0.042173 0.042173 0.042173 0.042173 0.042173 0.042173 0.042173 0.042173 0.042173 0.042173 0.042173 0.042173 0.042173 0.042173 0.042173 0.042173 0.042173 0.042173 0.042173 0.045763 0.053714 0.062777 0.073057 0.084658 0.097683 0.112231 0.128397 0.146265 0.165909 0.187389 0.210748 0.236008 0.263170 0.292206 0.323063 0.355656 0.389869 0.425550 0.462517 0.500553 0.539408 0.578800 0.618422 0.657939 0.696998 0.735228 0.772249 0.807677 0.841129 0.872232 0.900630 0.925988 0.948002 0.966402 0.980960 0.991493 0.997866 1.000000 0.997866 0.991493 0.980960 0.966402 0.948002 0.925988 0.900630 0.872232 0.841129 0.807677 0.772249 0.735228 0.696998 0.657939 0.618422 0.578800 0.539408 0.500553 0.462517 0.425550 0.389869 0.355656 0.323063 0.292206 0.263170 0.236008 0.210748 0.187389 0.165909 0.146265 0.128397 0.112231 0.097683 0.084658 0.073057 0.062777 0.053714 0.045763 0.038823 0.032795 0.027585 0.023103 0.019267 0.016000 0.013230 0.010893 0.008931 0.007290 0.005926 0.004797 0.003866
0.003866 0.004797 0.005926 0.007290 0.008931 0.010893 0.013230 0.016000 0.019267 0.023103 0.027585 0.032795 0.038823 0.045763 0.053714 0.062777 0.073057 0.084658 0.097683 0.112231 0.128397 0.146265 0.165909 0.187389 0.210748 0.236008 0.263170 0.292206 0.323063 0.355656 0.389869 0.425550 0.462517 0.500553 0.539408 0.578800 0.618422 0.657939 0.696998 0.735228 0.772249 0.807677 0.841129 0.872232 0.900630 0.925988 0.948002 0.966402 0.980960 0.991493 0.997866 1.000000 0.997866 0.991493 0.980960 0.966402 0.948002 0.925988 0.900630 0.872232 0.841129 0.807677 0.772249 0.735228 0.696998 0.657939 0.618422 0.578800 0.539408 0.500553 0.462517 0.425550 0.389869 0.355656 0.323063 0.292206 0.263170 0.236008 0.210748 0.187389 0.165909 0.146265 0.128397 0.112231 0.097683 0.084658 0.073057 0.062777 0.053714 0.045763 0.038823 0.035701 0.035701 0.035701 0.035701 0.035701 0.035701 0.035701 0.035701 0.035701 0.035701 0.035701 0.035701 0.035701 0.035701 0.035701 0.035701 0.035701 0.035701 0.035701 0.035701 0.035701 0.035701 0.035701 0.035701 0.035701 0.035701 0.035701 0.035701 0.035701 0.035701 0.035701 0.035701 0.035701 0.035701 0.035701 0.035701 0.035701 0.035701 0.035701 0.035701 0.035701 0.035701 0.035701 0.035701 0.035701 0.035701 0.035701 0.035701 0.035701 0.035701 0.035701 0.035701 0.035701 0.035701 0.035701 0.035701 0.035701 0.035701 0.035701 0.035701 0.035701 0.035701 0.035701 0.035701 0.035701 0.035701 0.035701 0.035701 0.035701 0.035701 0.035701 0.035701 0.035701 0.035701 0.038823 0.045763 0.053714 0.062777 0.073057 0.084658 0.097683 0.112231 0.128397 0.146265 0.165909 0.187389 0.210748 0.236008 0.263170 0.292206 0.323063 0.355656 0.389869 0.425550 0.462517 0.500553 0.539408 0.578800 0.618422 0.657939 0.696998 0.735228 0.772249 0.807677 0.841129 0.872232 0.900630 0.925988 0.948002 0.966402 0.980960 0.991493 0.997866 1.000000 0.997866 0.991493 0.980960 0.966402 0.948002 0.925988 0.900630 0.872232 0.841129 0.807677 0.772249 0.735228 0.696998 0.657939 0.618422 0.578800 0.539408 0.500553 0.462517 0.425550 0.389869 0.355656 0.323063 0.292206 0.263170 0.236008 0.210748 0.187389 0.165909 0.146265 0.128397 0.112231 0.097683 0.084658 0.073057 0.062777 0.053714 0.045763 0.038823 0.032795 0.027585 0.023103 0.019267 0.016000 0.013230 0.010893 0.008931 0.007290 0.005926 0.004797 0.003866
0.003866 0.004797 0.005926 0.007290 0.008931 0.010893 0.013230 0.016000 0.019267 0.023103 0.027585 0.032795 0.038823 0.045763 0.053714 0.062777 0.073057 0.084658 0.097683 0.112231 0.128397 0.146265 0.165909 0.187389 0.210748 0.236008 0.263170 0.292206 0.323063 0.355656 0.389869 0.425550 0.462517 0.500553 0.539408 0.578800 0.618422 0.657939 0.696998 0.735228 0.772249 0.807677 0.841129 0.872232 0.900630 0.925988 0.948002 0.966402 0.980960 0.991493 0.997866 1.000000 0.997866 0.991493 0.980960 0.966402 0.948002 0.925988 0.900630 0.872232 0.841129 0.807677 0.772249 0.735228 0.696998 0.657939 0.618422 0.578800 0.539408 0.500553 0.462517 0.425550 0.389869 0.355656 0.323063 0.292206 0.263170 0.236008 0.210748 0.187389 0.165909 0.146265 0.128397 0.112231 0.097683 0.084658 0.073057 0.062777 0.053714 0.045763 0.038823 0.032795 0.030093 0.030093 0.030093 0.030093 0.030093 0.030093 0.030093 0.030093 0.030093 0.030093 0.030093 0.030093 0.030093 0.030093 0.030093 0.030093 0.030093 0.030093 0.030093 0.030093 0.030093 0.030093 0.030093 0.030093 0.030093 0.030093 0.030093 0.030093 0.030093 0.030093 0.030093 0.030093 0.030093 0.030093 0.030093 0.030093 0.030093 0.030093 0.030093 0.030093 0.030093 0.030093 0.030093 0.030093 0.030093 0.030093 0.030093 0.030093 0.030093 0.030093 0.030093 0.030093 0.030093 0.030093 0.030093 0.030093 0.030093 0.030093 0.030093 0.030093 0.030093 0.030093 0.030093 0.030093 0.030093 0.030093 0.030093 0.030093 0.030093 0.030093 0.030093 0.030093 0.032795 0.038823 0.045763 0.053714 0.062777 0.073057 0.084658 0.097683 0.112231 0.128397 0.146265 0.165909 0.187389 0.210748 0.236008 0.263170 0.292206 0.323063 0.355656 0.389869 0.425550 0.462517 0.500553 0.539408 0.578800 0.618422 0.657939 0.696998 0.735228 0.772249 0.807677 0.841129 0.872232 0.900630 0.925988 0.948002 0.966402 0.980960 0.991493 0.997866 1.000000 0.997866 0.991493 0.980960 0.966402 0.948002 0.925988 0.900630 0.872232 0.841129 0.807677 0.772249 0.735228 0.696998 0.657939 0.618422 0.578800 0.539408 0.500553 0.462517 0.425550 0.389869 0.355656 0.323063 0.292206 0.263170 0.236008 0.210748 0.187389 0.165909 0.146265 0.128397 0.112231 0.097683 0.084658 0.073057 0.062777 0.053714 0.045763 0.038823 0.032795 0.027585 0.023103 0.019267 0.016000 0.013230 0.010893 0.008931 0.007290 0.005926 0.004797 0.003866
0.003866 0.004797 0.005926 0.007290 0.008931 0.010893 0.013230 0.016000 0.019267 0.023103 0.027585 0.032795 0.038823 0.045763 0.053714 0.062777 0.073057 0.084658 0.097683 0.112231 0.128397 0.146265 0.165909 0.187389 0.210748 0.236008 0.263170 0.292206 0.323063 0.355656 0.389869 0.425550 0.462517 0.500553 0.539408 0.578800 0.618422 0.657939 0.696998 0.735228 0.772249 0.807677 0.841129 0.872232 0.900630 0.925988 0.948002 0.966402 0.980960 0.991493 0.997866 1.000000 0.997866 0.991493 0.980960 0.966402 0.948002 0.925988 0.900630 0.872232 0.841129 0.807677 0.772249 0.735228 0.696998 0.657939 0.618422 0.578800 0.539408 0.500553 0.462517 0.425550 0.389869 0.355656 0.323063 0.292206 0.263170 0.236008 0.210748 0.187389 0.165909 0.146265 0.128397 0.112231 0.097683 0.084658 0.073057 0.062777 0.053714 0.045763 0.038823 0.032795 0.027585 0.025258 0.025258 0.025258 0.025258 0.025258 0.025258 0.025258 0.025258 0.025258 0.025258 0.025258 0.025258 0.025258 0.025258 0.025258 0.025258 0.025258 0.025258 0.025258 0.025258 0.025258 0.025258 0.025258 0.025258 0.025258 0.025258 0.025258 0.025258 0.025258 0.025258 0.025258 0.025258 0.025258 0.025258 0.025258 0.025258 0.025258 0.025258 0.025258 0.025258 0.025258 0.025258 0.025258 0.025258 0.025258 0.025258 0.025258 0.025258 0.025258 0.025258 0.025258 0.025258 0.025258 0.025258 0.025258 0.025258 0.025258 0.025258 0.025258 0.025258 0.025258 0.025258 0.025258 0.025258 0.025258 0.025258 0.025258 0.025258 0.025258 0.025258 0.027585 0.032795 0.038823 0.045763 0.053714 0.062777 0.073057 0.084658 0.097683 0.112231 0.128397 0.146265 0.165909 0.187389 0.210748 0.236008 0.263170 0.292206 0.323063 0.355656 0.389869 0.425550 0.462517 0.500553 0.539408 0.578800 0.618422 0.657939 0.696998 0.735228 0.772249 0.807677 0.841129 0.872232 0.900630 0.925988 0.948002 0.966402 0.980960 0.991493 0.997866 1.000000 0.997866 0.991493 0.980960 0.966402 0.948002 0.925988 0.900630 0.872232 0.841129 0.807677 0.772249 0.735228 0.696998 0.657939 0.618422 0.578800 0.539408 0.500553 0.462517 0.425550 0.389869 0.355656 0.323063 0.292206 0.263170 0.236008 0.210748 0.187389 0.165909 0.146265 0.128397 0.112231 0.097683 0.084658 0.073057 0.062777 0.053714 0.045763 0.038823 0.032795 0.027585 0.023103 0.019267 0.016000 0.013230 0.010893 0.008931 0.007290 0.005926 0.004797 0.003866
0.003866 0.004797 0.005926 0.007290 0.008931 0.010893 0.013230 0.016000 0.019267 0.023103 0.027585 0.032795 0.038823 0.045763 0.053714 0.062777 0.073057 0.084658 0.097683 0.112231 0.128397 0.146265 0.165909 0.187389 0.210748 0.236008 0.263170 0.292206 0.323063 0.355656 0.389869 0.425550 0.462517 0.500553 0.539408 0.578800 0.618422 0.657939 0.696998 0.735228 0.772249 0.807677 0.841129 0.872232 0.900630 0.925988 0.948002 0.966402 0.980960 0.991493 0.997866 1.000000 0.997866 0.991493 0.980960 0.966402 0.948002 0.925988 0.900630 0.872232 0.841129 0.807677 0.772249 0.735228 0.696998 0.657939 0.618422 0.578800 0.539408 0.500553 0.462517 0.425550 0.389869 0.355656 0.323063 0.292206 0.263170 0.236008 0.210748 0.187389 0.165909 0.146265 0.128397 0.112231 0.097683 0.084658 0.073057 0.062777 0.053714 0.045763 0.038823 0.032795 0.027585 0.023103 0.021110 0.021110 0.021110 0.021110 0.021110 0.021110 0.021110 0.021110 0.021110 0.021110 0.021110 0.021110 0.021110 0.021110 0.021110 0.021110 0.021110 0.021110 0.021110 0.021110 0.021110 0.021110 0.021110 0.021110 0.021110 0.021110 0.021110 0.021110 0.021110 0.021110 0.021110 0.021110 0.021110 0.021110 0.021110 0.021110 0.021110 0.021110 0.021110 0.021110 0.021110 0.021110 0.021110 0.021110 0.021110 0.021110 0.021110 0.021110 0.021110 0.021110 0.021110 0.021110 0.021110 0.021110 0.021110 0.021110 0.021110 0.021110 0.021110 0.021110 0.021110 0.021110 0.021110 0.021110 0.021110 0.021110 0.021110 0.021110 0.023103 0.027585 0.032795 0.038823 0.045763 0.053714 0.062777 0.073057 0.084658 0.097683 0.112231 0.128397 0.146265 0.165909 0.187389 0.210748 0.236008 0.263170 0.292206 0.323063 0.355656 0.389869 0.425550 0.462517 0.500553 0.539408 0.578800 0.618422 0.657939 0.696998 0.735228 0.772249 0.807677 0.841129 0.872232 0.900630 0.925988 0.948002 0.966402 0.980960 0.991493 0.997866 1.000000 0.997866 0.991493 0.980960 0.966402 0.948002 0.925988 0.900630 0.872232 0.841129 0.807677 0.772249 0.735228 0.696998 0.657939 0.618422 0.578800 0.539408 0.500553 0.462517 0.425550 0.389869 0.355656 0.323063 0.292206 0.263170 0.236008 0.210748 0.187389 0.165909 0.146265 0.128397 0.112231 0.097683 0.084658 0.073057 0.062777 0.053714 0.045763 0.038823 0.032795 0.027585 0.023103 0.019267 0.016000 0.013230 0.010893 0.008931 0.007290 0.005926 0.004797 0.003866
0.003866 0.004797 0.005926 0.007290 0.008931 0.010893 0.013230 0.016000 0.019267 0.023103 0.027585 0.032795 0.038823 0.045763 0.053714 0.062777 0.073057 0.084658 0.097683 0.112231 0.128397 0.146265 0.165909 0.187389 0.210748 0.236008 0.263170 0.292206 0.323063 0.355656 0.389869 0.425550 0.462517 0.500553 0.539408 0.578800 0.618422 0.657939 0.696998 0.735228 0.772249 0.807677 0.841129 0.872232 0.900630 0.925988 0.948002 0.966402 0.980960 0.991493 0.997866 1.000000 0.997866 0.991493 0.980960 0.966402 0.948002 0.925988 0.900630 0.872232 0.841129 0.807677 0.772249 0.735228 0.696998 0.657939 0.618422 0.578800 0.539408 0.500553 0.462517 0.425550 0.389869 0.355656 0.323063 0.292206 0.263170 0.236008 0.210748 0.187389 0.165909 0.146265 0.128397 0.112231 0.097683 0.084658 0.073057 0.062777 0.053714 0.045763 0.038823 0.032795 0.027585 0.023103 0.019267 0.017567 0.017567 0.017567 0.017567 0.017567 0.017567 0.017567 0.017567 0.017567 0.017567 0.017567 0.017567 0.017567 0.017567 0.017567 0.017567 0.017567 0.017567 0.017567 0.017567 0.017567 0.017567 0.017567 0.017567 0.017567 0.017567 0.017567 0.017567 0.017567 0.017567 0.017567 0.017567 0.017567 0.017567 0.017567 0.017567 0.017567 0.017567 0.017567 0.017567 0.017567 0.017567 0.017567 0.017567 0.017567 0.017567 0.017567 0.017567 0.017567 0.017567 0.017567 0.017567 0.017567 0.017567 0.017567 0.017567 0.017567 0.017567 0.017567 0.017567 0.017567 0.017567 0.017567 0.017567 0.017567 0.017567 0.019267 0.023103 0.027585 0.032795 0.038823 0.045763 0.053714 0.062777 0.073057 0.084658 0.097683 0.112231 0.128397 0.146265 0.165909 0.187389 0.210748 0.236008 0.263170 0.292206 0.323063 0.355656 0.389869 0.425550 0.462517 0.500553 0.539408 0.578800 0.618422 0.657939 0.696998 0.735228 0.772249 0.807677 0.841129 0.872232 0.900630 0.925988 0.948002 0.966402 0.980960 0.991493 0.997866 1.000000 0.997866 0.991493 0.980960 0.966402 0.948002 0.925988 0.900630 0.872232 0.841129 0.807677 0.772249 0.735228 0.696998 0.657939 0.618422 0.578800 0.539408 0.500553 0.462517 0.425550 0.389869 0.355656 0.323063 0.292206 0.263170 0.236008 0.210748 0.187389 0.165909 0.146265 0.128397 0.112231 0.097683 0.084658 0.073057 0.062777 0.053714 0.045763 0.038823 0.032795 0.027585 0.023103 0.019267 0.016000 0.013230 0.010893 0.008931 0.007290 0.005926 0.004797 0.003866
0.003866 0.004797 0.005926 0.007290 0.008931 0.010893 0.013230 0.016000 0.019267 0.023103 0.027585 0.032795 0.038823 0.045763 0.053714 0.062777 0.073057 0.084658 0.097683 0.112231 0.128397 0.146265 0.165909 0.187389 0.210748 0.236008 0.263170 0.292206 0.323063 0.355656 0.389869 0.425550 0.462517 0.500553 0.539408 0.578800 0.618422 0.657939 0.696998 0.735228 0.772249 0.807677 0.841129 0.872232 0.900630 0.925988 0.948002 0.966402 0.980960 0.991493 0.997866 1.000000 0.997866 0.991493 0.980960 0.966402 0.948002 0.925988 0.900630 0.872232 0.841129 0.807677 0.772249 0.735228 0.696998 0.657939 0.618422 0.578800 0.539408 0.500553 0.462517 0.425550 0.389869 0.355656 0.323063 0.292206 0.263170 0.236008 0.210748 0.187389 0.165909 0.146265 0.128397 0.112231 0.097683 0.084658 0.073057 0.062777 0.053714 0.045763 0.038823 0.032795 0.027585 0.023103 0.019267 0.016000 0.014557 0.014557 0.014557 0.014557 0.014557 0.014557 0.014557 0.014557 0.014557 0.014557 0.014557 0.014557 0.014557 0.014557 0.014557 0.014557 0.014557 0.014557 0.014557 0.014557 0.014557 0.014557 0.014557 0.014557 0.014557 0.014557 0.014557 0.014557 0.014557 0.014557 0.014557 0.014557 0.014557 0.014557 0.014557 0.014557 0.014557 0.014557 0.014557 0.014557 0.014557 0.014557 0.014557 0.014557 0.014557 0.014557 0.014557 0.014557 0.014557 0.014557 0.014557 0.014557 0.014557 0.014557 0.014557 0.014557 0.014557 0.014557 0.014557 0.014557 0.014557 0.014557 0.014557 0.014557 0.016000 0.019267 0.023103 0.027585 0.032795 0.038823 0.045763 0.053714 0.062777 0.073057 0.084658 0.097683 0.112231 0.128397 0.146265 0.165909 0.187389 0.210748 0.236008 0.263170 0.292206 0.323063 0.355656 0.389869 0.425550 0.462517 0.500553 0.539408 0.578800 0.618422 0.657939 0.696998 0.735228 0.772249 0.807677 0.841129 0.872232 0.900630 0.925988 0.948002 0.966402 0.980960 0.991493 0.997866 1.000000 0.997866 0.991493 0.980960 0.966402 0.948002 0.925988 0.900630 0.872232 0.841129 0.807677 0.772249 0.735228 0.696998 0.657939 0.618422 0.578800 0.539408 0.500553 0.462517 0.425550 0.389869 0.355656 0.323063 0.292206 0.263170 0.236008 0.210748 0.187389 0.165909 0.146265 0.128397 0.112231 0.097683 0.084658 0.073057 0.062777 0.053714 0.045763 0.038823 0.032795 0.027585 0.023103 0.019267 0.016000 0.013230 0.010893 0.008931 0.007290 0.005926 0.004797 0.003866
0.003866 0.004797 0.005926 0.007290 0.008931 0.010893 0.013230 0.016000 0.019267 0.023103 0.027585 0.032795 0.038823 0.045763 0.053714 0.062777 0.073057 0.084658 0.097683 0.112231 0.128397 0.146265 0.165909 0.187389 0.210748 0.236008 0.263170 0.292206 0.323063 0.355656 0.389869 0.425550 0.462517 0.500553 0.539408 0.578800 0.618422 0.657939 0.696998 0.735228 0.772249 0.807677 0.841129 0.872232 0.900630 0.925988 0.948002 0.966402 0.980960 0.991493 0.997866 1.000000 0.997866 0.991493 0.980960 0.966402 0.948002 0.925988 0.900630 0.872232 0.841129 0.807677 0.772249 0.735228 0.696998 0.657939 0.618422 0.578800 0.539408 0.500553 0.462517 0.425550 0.389869 0.355656 0.323063 0.292206 0.263170 0.236008 0.210748 0.187389 0.165909 0.146265 0.128397 0.112231 0.097683 0.084658 0.073057 0.062777 0.053714 0.045763 0.038823 0.032795 0.027585 0.023103 0.019267 0.016000 0.013230 0.012011 0.012011 0.012011 0.012011 0.012011 0.012011 0.012011 0.012011 0.012011 0.012011 0.012011 0.012011 0.012011 0.012011 0.012011 0.012011 0.012011 0.012011 0.012011 0.012011 0.012011 0.012011 0.012011 0.012011 0.012011 0.012011 0.012011 0.012011 0.012011 0.012011 0.012011 0.012011 0.012011 0.012011 0.012011 0.012011 0.012011 0.012011 0.012011 0.012011 0.012011 0.012011 0.012011 0.012011 0.012011 0.012011 0.012011 0.012011 0.012011 0.012011 0.012011 0.012011 0.012011 0.012011 0.012011 0.012011 0.012011 0.012011 0.012011 0.012011 0.012011 0.012011 0.013230 0.016000 0.019267 0.023103 0.027585 0.032795 0.038823 0.045763 0.053714 0.062777 0.073057 0.084658 0.097683 0.112231 0.128397 0.146265 0.165909 0.187389 0.210748 0.236008 0.263170 0.292206 0.323063 0.355656 0.389869 0.425550 0.462517 0.500553 0.539408 0.578800 0.618422 0.657939 0.696998 0.735228 0.772249 0.807677 0.841129 0.872232 0.900630 0.925988 0.948002 0.966402 0.980960 0.991493 0.997866 1.000000 0.997866 0.991493 0.980960 0.966402 0.948002 0.925988 0.900630 0.872232 0.841129 0.807677 0.772249 0.735228 0.696998 0.657939 0.618422 0.578800 0.539408 0.500553 0.462517 0.425550 0.389869 0.355656 0.323063 0.292206 0.263170 0.236008 0.210748 0.187389 0.165909 0.146265 0.128397 0.112231 0.097683 0.084658 0.073057 0.062777 0.053714 0.045763 0.038823 0.032795 0.027585 0.023103 0.019267 0.016000 0.013230 0.010893 0.008931 0.007290 0.005926 0.004797 0.003866
0.003866 0.004797 0.005926 0.007290 0.008931 0.010893 0.013230 0.016000 0.019267 0.023103 0.027585 0.032795 0.038823 0.045763 0.053714 0.062777 0.073057 0.084658 0.097683 0.112231 0.128397 0.146265 0.165909 0.187389 0.210748 0.236008 0.263170 0.292206 0.323063 0.355656 0.389869 0.425550 0.462517 0.500553 0.539408 0.578800 0.618422 0.657939 0.696998 0.735228 0.772249 0.807677 0.841129 0.872232 0.900630 0.925988 0.948002 0.966402 0.980960 0.991493 0.997866 1.000000 0.997866 0.991493 0.980960 0.966402 0.948002 0.925988 0.900630 0.872232 0.841129 0.807677 0.772249 0.735228 0.696998 0.657939 0.618422 0.578800 0.539408 0.500553 0.462517 0.425550 0.389869 0.355656 0.323063 0.292206 0.263170 0.236008 0.210748 0.187389 0.165909 0.146265 0.128397 0.112231 0.097683 0.084658 0.073057 0.062777 0.053714 0.045763 0.038823 0.032795 0.027585 0.023103 0.019267 0.016000 0.013230 0.010893 0.009868 0.009868 0.009868 0.009868 0.009868 0.009868 0.009868 0.009868 0.009868 0.009868 0.009868 0.009868 0.009868 0.009868 0.009868 0.009868 0.009868 0.009868 0.009868 0.009868 0.009868 0.009868 0.009868 0.009868 0.009868 0.009868 0.009868 0.009868 0.009868 0.009868 0.009868 0.009868 0.009868 0.009868 0.009868 0.009868 0.009868 0.009868 0.009868 0.009868 0.009868 0.009868 0.009868 0.009868 0.009868 0.009868 0.009868 0.009868 0.009868 0.009868 0.009868 0.009868 0.009868 0.009868 0.009868 0.009868 0.009868 0.009868 0.009868 0.009868 0.010893 0.013230 0.016000 0.019267 0.023103 0.027585 0.032795 0.038823 0.045763 0.053714 0.062777 0.073057 0.084658 0.097683 0.112231 0.128397 0.146265 0.165909 0.187389 0.210748 0.236008 0.263170 0.292206 0.323063 0.355656 0.389869 0.425550 0.462517 0.500553 0.539408 0.578800 0.618422 0.657939 0.696998 0.735228 0.772249 0.807677 0.841129 0.872232 0.900630 0.925988 0.948002 0.966402 0.980960 0.991493 0.997866 1.000000 0.997866 0.991493 0.980960 0.966402 0.948002 0.925988 0.900630 0.872232 0.841129 0.807677 0.772249 0.735228 0.696998 0.657939 0.618422 0.578800 0.539408 0.500553 0.462517 0.425550 0.389869 0.355656 0.323063 0.292206 0.263170 0.236008 0.210748 0.187389 0.165909 0.146265 0.128397 0.112231 0.097683 0.084658 0.073057 0.062777 0.053714 0.045763 0.038823 0.032795 0.027585 0.023103 0.019267 0.016000 0.013230 0.010893 0.008931 0.007290 0.005926 0.004797 0.003866
0.003866 0.004797 0.005926 0.007290 0.008931 0.010893 0.013230 0.016000 0.019267 0.023103 0.027585 0.032795 0.038823 0.045763 0.053714 0.062777 0.073057 0.084658 0.097683 0.112231 0.128397 0.146265 0.165909 0.187389 0.210748 0.236008 0.263170 0.292206 0.323063 0.355656 0.389869 0.425550 0.462517 0.500553 0.539408 0.578800 0.618422 0.657939 0.696998 0.735228 0.772249 0.807677 0.841129 0.872232 0.900630 0.925988 0.948002 0.966402 0.980960 0.991493 0.997866 1.000000 0.997866 0.991493 0.980960 0.966402 0.948002 0.925988 0.900630 0.872232 0.841129 0.807677 0.772249 0.735228 0.696998 0.657939 0.618422 0.578800 0.539408 0.500553 0.462517 0.425550 0.389869 0.355656 0.323063 0.292206 0.263170 0.236008 0.210748 0.187389 0.165909 0.146265 0.128397 0.112231 0.097683 0.084658 0.073057 0.062777 0.053714 0.045763 0.038823 0.032795 0.027585 0.023103 0.019267 0.016000 0.013230 0.010893 0.008931 0.008073 0.008073 0.008073 0.008073 0.008073 0.008073 0.008073 0.008073 0.008073 0.008073 0.008073 0.008073 0.008073 0.008073 0.008073 0.008073 0.008073 0.008073 0.008073 0.008073 0.008073 0.008073 0.008073 0.008073 0.008073 0.008073 0.008073 0.008073 0.008073 0.008073 0.008073 0.008073 0.008073 0.008073 0.008073 0.008073 0.008073 0.008073 0.008073 0.008073 0.008073 0.008073 0.008073 0.008073 0.008073 0.008073 0.008073 0.008073 0.008073 0.008073 0.008073 0.008073 0.008073 0.008073 0.008073 0.008073 0.008073 0.008073 0.008931 0.010893 0.013230 0.016000 0.019267 0.023103 0.027585 0.032795 0.038823 0.045763 0.053714 0.062777 0.073057 0.084658 0.097683 0.112231 0.128397 0.146265 0.165909 0.187389 0.210748 0.236008 0.263170 0.292206 0.323063 0.355656 0.389869 0.425550 0.462517 0.500553 0.539408 0.578800 0.618422 0.657939 0.696998 0.735228 0.772249 0.807677 0.841129 0.872232 0.900630 0.925988 0.948002 0.966402 0.980960 0.991493 0.997866 1.000000 0.997866 0.991493 0.980960 0.966402 0.948002 0.925988 0.900630 0.872232 0.841129 0.807677 0.772249 0.735228 0.696998 0.657939 0.618422 0.578800 0.539408 0.500553 0.462517 0.425550 0.389869 0.355656 0.323063 0.292206 0.263170 0.236008 0.210748 0.187389 0.165909 0.146265 0.128397 0.112231 0.097683 0.084658 0.073057 0.062777 0.053714 0.045763 0.038823 0.032795 0.027585 0.023103 0.019267 0.016000 0.013230 0.010893 0.008931 0.007290 0.005926 0.004797 0.003866
0.003866 0.004797 0.005926 0.007290 0.008931 0.010893 0.013230 0.016000 0.019267 0.023103 0.027585 0.032795 0.038823 0.045763 0.053714 0.062777 0.073057 0.084658 0.097683 0.112231 0.128397 0.146265 0.165909 0.187389 0.210748 0.236008 0.263170 0.292206 0.323063 0.355656 0.389869 0.425550 0.462517 0.500553 0.539408 0.578800 0.618422 0.657939 0.696998 0.735228 0.772249 0.807677 0.841129 0.872232 0.900630 0.925988 0.948002 0.966402 0.980960 0.991493 0.997866 1.000000 0.997866 0.991493 0.980960 0.966402 0.948002 0.925988 0.900630 0.872232 0.841129 0.807677 0.772249 0.735228 0.696998 0.657939 0.618422 0.578800 0.539408 0.500553 0.462517 0.425550 0.389869 0.355656 0.323063 0.292206 0.263170 0.236008 0.210748 0.187389 0.165909 0.146265 0.128397 0.112231 0.097683 0.084658 0.073057 0.062777 0.053714 0.045763 0.038823 0.032795 0.027585 0.023103 0.019267 0.016000 0.013230 0.010893 0.008931 0.007290 0.006577 0.006577 0.006577 0.006577 0.006577 0.006577 0.006577 0.006577 0.006577 0.006577 0.006577 0.006577 0.006577 0.006577 0.006577 0.006577 0.006577 0.006577 0.006577 0.006577 0.006577 0.006577 0.006577 0.006577 0.006577 0.006577 0.006577 0.006577 0.006577 0.006577 0.006577 0.006577 0.006577 0.006577 0.006577 0.006577 0.006577 0.006577 0.006577 0.006577 0.006577 0.006577 0.006577 0.006577 0.006577 0.006577 0.006577 0.006577 0.006577 0.006577 0.006577 0.006577 0.006577 0.006577 0.006577 0.006577 0.007290 0.008931 0.010893 0.013230 0.016000 0.019267 0.023103 0.027585 0.032795 0.038823 0.045763 0.053714 0.062777 0.073057 0.084658 0.097683 0.112231 0.128397 0.146265 0.165909 0.187389 0.210748 0.236008 0.263170 0.292206 0.323063 0.355656 0.389869 0.425550 0.462517 0.500553 0.539408 0.578800 0.618422 0.657939 0.696998 0.735228 0.772249 0.807677 0.841129 0.872232 0.900630 0.925988 0.948002 0.966402 0.980960 0.991493 0.997866 1.000000 0.997866 0.991493 0.980960 0.966402 0.948002 0.925988 0.900630 0.872232 0.841129 0.807677 0.772249 0.735228 0.696998 0.657939 0.618422 0.578800 0.539408 0.500553 0.462517 0.425550 0.389869 0.355656 0.323063 0.292206 0.263170 0.236008 0.210748 0.187389 0.165909 0.146265 0.128397 0.112231 0.097683 0.084658 0.073057 0.062777 0.053714 0.045763 0.038823 0.032795 0.027585 0.023103 0.019267 0.016000 0.013230 0.010893 0.008931 0.007290 0.005926 0.004797 0.003866
0.003866 0.004797 0.005926 0.007290 0.008931 0.010893 0.013230 0.016000 0.019267 0.023103 0.027585 0.032795 0.038823 0.045763 0.053714 0.062777 0.073057 0.084658 0.097683 0.112231 0.128397 0.146265 0.165909 0.187389 0.210748 0.236008 0.263170 0.292206 0.323063 0.355656 0.389869 0.425550 0.462517 0.500553 0.539408 0.578800 0.618422 0.657939 0.696998 0.735228 0.772249 0.807677 0.841129 0.872232 0.900630 0.925988 0.948002 0.966402 0.980960 0.991493 0.997866 1.000000 0.997866 0.991493 0.980960 0.966402 0.948002 0.925988 0.900630 0.872232 0.841129 0.807677 0.772249 0.735228 0.696998 0.657939 0.618422 0.578800 0.539408 0.500553 0.462517 0.425550 0.389869 0.355656 0.323063 0.292206 0.263170 0.236008 0.210748 0.187389 0.165909 0.146265 0.128397 0.112231 0.097683 0.084658 0.073057 0.062777 0.053714 0.045763 0.038823 0.032795 0.027585 0.023103 0.019267 0.016000 0.013230 0.010893 0.008931 0.007290 0.005926 0.005334 0.005334 0.005334 0.005334 0.005334 0.005334 0.005334 0.005334 0.005334 0.005334 0.005334 0.005334 0.005334 0.005334 0.005334 0.005334 0.005334 0.005334 0.005334 0.005334 0.005334 0.005334 0.005334 0.005334 0.005334 0.005334 0.005334 0.005334 0.005334 0.005334 0.005334 0.005334 0.005334 0.005334 0.005334 0.005334 0.005334 0.005334 0.005334 0.005334 0.005334 0.005334 0.005334 0.005334 0.005334 0.005334 0.005334 0.005334 0.005334 0.005334 0.005334 0.005334 0.005334 0.005334 0.005926 0.007290 0.008931 0.010893 0.013230 0.016000 0.019267 0.023103 0.027585 0.032795 0.038823 0.045763 0.053714 0.062777 0.073057 0.084658 0.097683 0.112231 0.128397 0.146265 0.165909 0.187389 0.210748 0.236008 0.263170 0.292206 0.323063 0.355656 0.389869 0.425550 0.462517 0.500553 0.539408 0.578800 0.618422 0.657939 0.696998 0.735228 0.772249 0.807677 0.841129 0.872232 0.900630 0.925988 0.948002 0.966402 0.980960 0.991493 0.997866 1.000000 0.997866 0.991493 0.980960 0.966402 0.948002 0.925988 0.900630 0.872232 0.841129 0.807677 0.772249 0.735228 0.696998 0.657939 0.618422 0.578800 0.539408 0.500553 0.462517 0.425550 0.389869 0.355656 0.323063 0.292206 0.263170 0.236008 0.210748 0.187389 0.165909 0.146265 0.128397 0.112231 0.097683 0.084658 0.073057 0.062777 0.053714 0.045763 0.038823 0.032795 0.027585 0.023103 0.019267 0.016000 0.013230 0.010893 0.008931 0.007290 0.005926 0.004797 0.003866
0.003866 0.004797 0.005926 0.007290 0.008931 0.010893 0.013230 0.016000 0.019267 0.023103 0.027585 0.032795 0.038823 0.045763 0.053714 0.062777 0.073057 0.084658 0.097683 0.112231 0.128397 0.146265 0.165909 0.187389 0.210748 0.236008 0.263170 0.292206 0.323063 0.355656 0.389869 0.425550 0.462517 0.500553 0.539408 0.578800 0.618422 0.657939 0.696998 0.735228 0.772249 0.807677 0.841129 0.872232 0.900630 0.925988 0.948002 0.966402 0.980960 0.991493 0.997866 1.000000 0.997866 0.991493 0.980960 0.966402 0.948002 0.925988 0.900630 0.872232 0.841129 0.807677 0.772249 0.735228 0.696998 0.657939 0.618422 0.578800 0.539408 0.500553 0.462517 0.425550 0.389869 0.355656 0.323063 0.292206 0.263170 0.236008 0.210748 0.187389 0.165909 0.146265 0.128397 0.112231 0.097683 0.084658 0.073057 0.062777 0.053714 0.045763 0.038823 0.032795 0.027585 0.023103 0.019267 0.016000 0.013230 0.010893 0.008931 0.007290 0.005926 0.004797 0.004309 0.004309 0.004309 0.004309 0.004309 0.004309 0.004309 0.004309 0.004309 0.004309 0.004309 0.004309 0.004309 0.004309 0.004309 0.004309 0.004309 0.004309 0.004309 0.004309 0.004309 0.004309 0.004309 0.004309 0.004309 0.004309 0.004309 0.004309 0.004309 0.004309 0.004309 0.004309 0.004309 0.004309 0.004309 0.004309 0.004309 0.004309 0.004309 0.004309 0.004309 0.004309 0.004309 0.004309 0.004309 0.004309 0.004309 0.004309 0.004309 0.004309 0.004309 0.004309 0.004797 0.005926 0.007290 0.008931 0.010893 0.013230 0.016000 0.019267 0.023103 0.027585 0.032795 0.038823 0.045763 0.053714 0.062777 0.073057 0.084658 0.097683 0.112231 0.128397 0.146265 0.165909 0.187389 0.210748 0.236008 0.263170 0.292206 0.323063 0.355656 0.389869 0.425550 0.462517 0.500553 0.539408 0.578800 0.618422 0.657939 0.696998 0.735228 0.772249 0.807677 0.841129 0.872232 0.900630 0.925988 0.948002 0.966402 0.980960 0.991493 0.997866 1.000000 0.997866 0.991493 0.980960 0.966402 0.948002 0.925988 0.900630 0.872232 0.841129 0.807677 0.772249 0.735228 0.696998 0.657939 0.618422 0.578800 0.539408 0.500553 0.462517 0.425550 0.389869 0.355656 0.323063 0.292206 0.263170 0.236008 0.210748 0.187389 0.165909 0.146265 0.128397 0.112231 0.097683 0.084658 0.073057 0.062777 0.053714 0.045763 0.038823 0.032795 0.027585 0.023103 0.019267 0.016000 0.013230 0.010893 0.008931 0.007290 0.005926 0.004797 0.003866
0.003866 0.004797 0.005926 0.007290 0.008931 0.010893 0.013230 0.016000 0.019267 0.023103 0.027585 0.032795 0.038823 0.045763 0.053714 0.062777 0.073057 0.084658 0.097683 0.112231 0.128397 0.146265 0.165909 0.187389 0.210748 0.236008 0.263170 0.292206 0.323063 0.355656 0.389869 0.425550 0.462517 0.500553 0.539408 0.578800 0.618422 0.657939 0.696998 0.735228 0.772249 0.807677 0.841129 0.872232 0.900630 0.925988 0.948002 0.966402 0.980960 0.991493 0.997866 1.000000 0.997866 0.991493 0.980960 0.966402 0.948002 0.925988 0.900630 0.872232 0.841129 0.807677 0.772249 0.735228 0.696998 0.657939 0.618422 0.578800 0.539408 0.500553 0.462517 0.425550 0.389869 0.355656 0.323063 0.292206 0.263170 0.236008 0.210748 0.187389 0.165909 0.146265 0.128397 0.112231 0.097683 0.084658 0.073057 0.062777 0.053714 0.045763 0.038823 0.032795 0.027585 0.023103 0.019267 0.016000 0.013230 0.010893 0.008931 0.007290 0.005926 0.004797 0.003866 0.003465 0.003465 0.003465 0.003465 0.003465 0.003465 0.003465 0.003465 0.003465 0.003465 0.003465 0.003465 0.003465 0.003465 0.003465 0.003465 0.003465 0.003465 0.003465 0.003465 0.003465 0.003465 0.003465 0.003465 0.003465 0.003465 0.003465 0.003465 0.003465 0.003465 0.003465 0.003465 0.003465 0.003465 0.003465 0.003465 0.003465 0.003465 0.003465 0.003465 0.003465 0.003465 0.003465 0.003465 0.003465 0.003465 0.003465 0.003465 0.003465 0.003465 0.003866 0.004797 0.005926 0.007290 0.008931 0.010893 0.013230 0.016000 0.019267 0.023103 0.027585 0.032795 0.038823 0.045763 0.053714 0.062777 0.073057 0.084658 0.097683 0.112231 0.128397 0.146265 0.165909 0.187389 0.210748 0.236008 0.263170 0.292206 0.323063 0.355656 0.389869 0.425550 0.462517 0.500553 0.539408 0.578800 0.618422 0.657939 0.696998 0.735228 0.772249 0.807677 0.841129 0.872232 0.900630 0.925988 0.948002 0.966402 0.980960 0.991493 0.997866 1.000000 0.997866 0.991493 0.980960 0.966402 0.948002 0.925988 0.900630 0.872232 0.841129 0.807677 0.772249 0.735228 0.696998 0.657939 0.618422 0.578800 0.539408 0.500553 0.462517 0.425550 0.389869 0.355656 0.323063 0.292206 0.263170 0.236008 0.210748 0.187389 0.165909 0.146265 0.128397 0.112231 0.097683 0.084658 0.073057 0.062777 0.053714 0.045763 0.038823 0.032795 0.027585 0.023103 0.019267 0.016000 0.013230 0.010893 0.008931 0.007290 0.005926 0.004797 0.003866
0.003866 0.004797 0.005926 0.007290 0.008931 0.010893 0.013230 0.016000 0.019267 0.023103 0.027585 0.032795 0.038823 0.045763 0.053714 0.062777 0.073057 0.084658 0.097683 0.112231 0.128397 0.146265 0.165909 0.187389 0.210748 0.236008 0.263170 0.292206 0.323063 0.355656 0.389869 0.425550 0.462517 0.500553 0.539408 0.578800 0.618422 0.657939 0.696998 0.735228 0.772249 0.807677 0.841129 0.872232 0.900630 0.925988 0.948002 0.966402 0.980960 0.991493 0.997866 1.000000 0.997866 0.991493 0.980960 0.966402 0.948002 0.925988 0.900630 0.872232 0.841129 0.807677 0.772249 0.735228 0.696998 0.657939 0.618422 0.578800 0.539408 0.500553 0.462517 0.425550 0.389869 0.355656 0.323063 0.292206 0.263170 0.236008 0.210748 0.187389 0.165909 0.146265 0.128397 0.112231 0.097683 0.084658 0.073057 0.062777 0.053714 0.045763 0.038823 0.032795 0.027585 0.023103 0.019267 0.016000 0.013230 0.010893 0.008931 0.007290 0.005926 0.004797 0.003866 0.003102 0.002775 0.002775 0.002775 0.002775 0.002775 0.002775 0.002775 0.002775 0.002775 0.002775 0.002775 0.002775 0.002775 0.002775 0.002775 0.002775 0.002775 0.002775 0.002775 0.002775 0.002775 0.002775 0.002775 0.002775 0.002775 0.002775 0.002775 0.002775 0.002775 0.002775 0.002775 0.002775 0.002775 0.002775 0.002775 0.002775 0.002775 0.002775 0.002775 0.002775 0.002775 0.002775 0.002775 0.002775 0.002775 0.002775 0.002775 0.002775 0.003102 0.003866 0.004797 0.005926 0.007290 0.008931 0.010893 0.013230 0.016000 0.019267 0.023103 0.027585 0.032795 0.038823 0.045763 0.053714 0.062777 0.073057 0.084658 0.097683 0.112231 0.128397 0.146265 0.165909 0.187389 0.210748 0.236008 0.263170 0.292206 0.323063 0.355656 0.389869 0.425550 0.462517 0.500553 0.539408 0.578800 0.618422 0.657939 0.696998 0.735228 0.772249 0.807677 0.841129 0.872232 0.900630 0.925988 0.948002 0.966402 0.980960 0.991493 0.997866 1.000000 0.997866 0.991493 0.980960 0.966402 0.948002 0.925988 0.900630 0.872232 0.841129 0.807677 0.772249 0.735228 0.696998 0.657939 0.618422 0.578800 0.539408 0.500553 0.462517 0.425550 0.389869 0.355656 0.323063 0.292206 0.263170 0.236008 0.210748 0.187389 0.165909 0.146265 0.128397 0.112231 0.097683 0.084658 0.073057 0.062777 0.053714 0.045763 0.038823 0.032795 0.027585 0.023103 0.019267 0.016000 0.013230 0.010893 0.008931 0.007290 0.005926 0.004797 0.003866
0.003866 0.004797 0.005926 0.007290 0.008931 0.010893 0.013230 0.016000 0.019267 0.023103 0.027585 0.032795 0.038823 0.045763 0.053714 0.062777 0.073057 0.084658 0.097683 0.112231 0.128397 0.146265 0.165909 0.187389 0.210748 0.236008 0.263170 0.292206 0.323063 0.355656 0.389869 0.425550 0.462517 0.500553 0.539408 0.578800 0.618422 0.657939 0.696998 0.735228 0.772249 0.807677 0.841129 0.872232 0.900630 0.925988 0.948002 0.966402 0.980960 0.991493 0.997866 1.000000 0.997866 0.991493 0.980960 0.966402 0.948002 0.925988 0.900630 0.872232 0.841129 0.807677 0.772249 0.735228 0.696998 0.657939 0.618422 0.578800 0.539408 0.500553 0.462517 0.425550 0.389869 0.355656 0.323063 0.292206 0.263170 0.236008 0.210748 0.187389 0.165909 0.146265 0.128397 0.112231 0.097683 0.084658 0.073057 0.062777 0.053714 0.045763 0.038823 0.032795 0.027585 0.023103 0.019267 0.016000 0.013230 0.010893 0.008931 0.007290 0.005926 0.004797 0.003866 0.003102 0.002479 0.002213 0.002213 0.002213 0.002213 0.002213 0.002213 0.002213 0.002213 0.002213 0.002213 0.002213 0.002213 0.002213 0.002213 0.002213 0.002213 0.002213 0.002213 0.002213 0.002213 0.002213 0.002213 0.002213 0.002213 0.002213 0.002213 0.002213 0.002213 0.002213 0.002213 0.002213 0.002213 0.002213 0.002213 0.002213 0.002213 0.002213 0.002213 0.002213 0.002213 0.002213 0.002213 0.002213 0.002213 0.002213 0.002213 0.002479 0.003102 0.003866 0.004797 0.005926 0.007290 0.008931 0.010893 0.013230 0.016000 0.019267 0.023103 0.027585 0.032795 0.038823 0.045763 0.053714 0.062777 0.073057 0.084658 0.097683 0.112231 0.128397 0.146265 0.165909 0.187389 0.210748 0.236008 0.263170 0.292206 0.323063 0.355656 0.389869 0.425550 0.462517 0.500553 0.539408 0.578800 0.618422 0.657939 0.696998 0.735228 0.772249 0.807677 0.841129 0.872232 0.900630 0.925988 0.948002 0.966402 0.980960 0.991493 0.997866 1.000000 0.997866 0.991493 0.980960 0.966402 0.948002 0.925988 0.900630 0.872232 0.841129 0.807677 0.772249 0.735228 0.696998 0.657939 0.618422 0.578800 0.539408 0.500553 0.462517 0.425550 0.389869 0.355656 0.323063 0.292206 0.263170 0.236008 0.210748 0.187389 0.165909 0.146265 0.128397 0.112231 0.097683 0.084658 0.073057 0.062777 0.053714 0.045763 0.038823 0.032795 0.027585 0.023103 0.019267 0.016000 0.013230 0.010893 0.008931 0.007290 0.005926 0.004797 0.003866
0.003866 0.004797 0.005926 0.007290 0.008931 0.010893 0.013230 0.016000 0.019267 0.023103 0.027585 0.032795 0.038823 0.045763 0.053714 0.062777 0.073057 0.084658 0.097683 0.112231 0.128397 0.146265 0.165909 0.187389 0.210748 0.236008 0.263170 0.292206 0.323063 0.355656 0.389869 0.425550 0.462517 0.500553 0.539408 0.578800 0.618422 0.657939 0.696998 0.735228 0.772249 0.807677 0.841129 0.872232 0.900630 0.925988 0.948002 0.966402 0.980960 0.991493 0.997866 1.000000 0.997866 0.991493 0.980960 0.966402 0.948002 0.925988 0.900630 0.872232 0.841129 0.807677 0.772249 0.735228 0.696998 0.657939 0.618422 0.578800 0.539408 0.500553 0.462517 0.425550 0.389869 0.355656 0.323063 0.292206 0.263170 0.236008 0.210748 0.187389 0.165909 0.146265 0.128397 0.112231 0.097683 0.084658 0.073057 0.062777 0.053714 0.045763 0.038823 0.032795 0.027585 0.023103 0.019267 0.016000 0.013230 0.010893 0.008931 0.007290 0.005926 0.004797 0.003866 0.003102 0.002479 0.001973 0.001757 0.001757 0.001757 0.001757 0.001757 0.001757 0.001757 0.001757 0.001757 0.001757 0.001757 0.001757 0.001757 0.001757 0.001757 0.001757 0.001757 0.001757 0.001757 0.001757 0.001757 0.001757 0.001757 0.001757 0.001757 0.001757 0.001757 0.001757 0.001757 0.001757 0.001757 0.001757 0.001757 0.001757 0.001757 0.001757 0.001757 0.001757 0.001757 0.001757 0.001757 0.001757 0.001757 0.001757 0.001973 0.002479 0.003102 0.003866 0.004797 0.005926 0.007290 0.008931 0.010893 0.013230 0.016000 0.019267 0.023103 0.027585 0.032795 0.038823 0.045763 0.053714 0.062777 0.073057 0.084658 0.097683 0.112231 0.128397 0.146265 0.165909 0.187389 0.210748 0.236008 0.263170 0.292206 0.323063 0.355656 0.389869 0.425550 0.462517 0.500553 0.539408 0.578800 0.618422 0.657939 0.696998 0.735228 0.772249 0.807677 0.841129 0.872232 0.900630 0.925988 0.948002 0.966402 0.980960 0.991493 0.997866 1.000000 0.997866 0.991493 0.980960 0.966402 0.948002 0.925988 0.900630 0.872232 0.841129 0.807677 0.772249 0.735228 0.696998 0.657939 0.618422 0.578800 0.539408 0.500553 0.462517 0.425550 0.389869 0.355656 0.323063 0.292206 0.263170 0.236008 0.210748 0.187389 0.165909 0.146265 0.128397 0.112231 0.097683 0.084658 0.073057 0.062777 0.053714 0.045763 0.038823 0.032795 0.027585 0.023103 0.019267 0.016000 0.013230 0.010893 0.008931 0.007290 0.005926 0.004797 0.003866
0.003866 0.004797 0.005926 0.007290 0.008931 0.010893 0.013230 0.016000 0.019267 0.023103 0.027585 0.032795 0.038823 0.045763 0.053714 0.062777 0.073057 0.084658 0.097683 0.112231 0.128397 0.146265 0.165909 0.187389 0.210748 0.236008 0.263170 0.292206 0.323063 0.355656 0.389869 0.425550 0.462517 0.500553 0.539408 0.578800 0.618422 0.657939 0.696998 0.735228 0.772249 0.807677 0.841129 0.872232 0.900630 0.925988 0.948002 0.966402 0.980960 0.991493 0.997866 1.000000 0.997866 0.991493 0.980960 0.966402 0.948002 0.925988 0.900630 0.872232 0.841129 0.807677 0.772249 0.735228 0.696998 0.657939 0.618422 0.578800 0.539408 0.500553 0.462517 0.425550 0.389869 0.355656 0.323063 0.292206 0.263170 0.236008 0.210748 0.187389 0.165909 0.146265 0.128397 0.112231 0.097683 0.084658 0.073057 0.062777 0.053714 0.045763 0.038823 0.032795 0.027585 0.023103 0.019267 0.016000 0.013230 0.010893 0.008931 0.007290 0.005926 0.004797 0.003866 0.003102 0.002479 0.001973 0.001563 0.001389 0.001389 0.001389 0.001389 0.001389 0.001389 0.001389 0.001389 0.001389 0.001389 0.001389 0.001389 0.001389 0.001389 0.001389 0.001389 0.001389 0.001389 0.001389 0.001389 0.001389 0.001389 0.001389 0.001389 0.001389 0.001389 0.001389 0.001389 0.001389 0.001389 0.001389 0.001389 0.001389 0.001389 0.001389 0.001389 0.001389 0.001389 0.001389 0.001389 0.001389 0.001389 0.001563 0.001973 0.002479 0.003102 0.003866 0.004797 0.005926 0.007290 0.008931 0.010893 0.013230 0.016000 0.019267 0.023103 0.027585 0.032795 0.038823 0.045763 0.053714 0.062777 0.073057 0.084658 0.097683 0.112231 0.128397 0.146265 0.165909 0.187389 0.210748 0.236008 0.263170 0.292206 0.323063 0.355656 0.389869 0.425550 0.462517 0.500553 0.539408 0.578800 0.618422 0.657939 0.696998 0.735228 0.772249 0.807677 0.841129 0.872232 0.900630 0.925988 0.948002 0.966402 0.980960 0.991493 0.997866 1.000000 0.997866 0.991493 0.980960 0.966402 0.948002 0.925988 0.900630 0.872232 0.841129 0.807677 0.772249 0.735228 0.696998 0.657939 0.618422 0.578800 0.539408 0.500553 0.462517 0.425550 0.389869 0.355656 0.323063 0.292206 0.263170 0.236008 0.210748 0.187389 0.165909 0.146265 0.128397 0.112231 0.097683 0.084658 0.073057 0.062777 0.053714 0.045763 0.038823 0.032795 0.027585 0.023103 0.019267 0.016000 0.013230 0.010893 0.008931 0.007290 0.005926 0.004797 0.003866
0.003866 0.004797 0.005926 0.007290 0.008931 0.010893 0.013230 0.016000 0.019267 0.023103 0.027585 0.032795 0.038823 0.045763 0.053714 0.062777 0.073057 0.084658 0.097683 0.112231 0.128397 0.146265 0.165909 0.187389 0.210748 0.236008 0.263170 0.292206 0.323063 0.355656 0.389869 0.425550 0.462517 0.500553 0.539408 0.578800 0.618422 0.657939 0.696998 0.735228 0.772249 0.807677 0.841129 0.872232 0.900630 0.925988 0.948002 0.966402 0.980960 0.991493 0.997866 1.000000 0.997866 0.991493 0.980960 0.966402 0.948002 0.925988 0.900630 0.872232 0.841129 0.807677 0.772249 0.735228 0.696998 0.657939 0.618422 0.578800 0.539408 0.500553 0.462517 0.425550 0.389869 0.355656 0.323063 0.292206 0.263170 0.236008 0.210748 0.187389 0.165909 0.146265 0.128397 0.112231 0.097683 0.084658 0.073057 0.062777 0.053714 0.045763 0.038823 0.032795 0.027585 0.023103 0.019267 0.016000 0.013230 0.010893 0.008931 0.007290 0.005926 0.004797 0.003866 0.003102 0.002479 0.001973 0.001563 0.001233 0.001093 0.001093 0.001093 0.001093 0.001093 0.001093 0.001093 0.001093 0.001093 0.001093 0.001093 0.001093 0.001093 0.001093 0.001093 0.001093 0.001093 0.001093 0.001093 0.001093 0.001093 0.001093 0.001093 0.001093 0.001093 0.001093 0.001093 0.001093 0.001093 0.001093 0.001093 0.001093 0.001093 0.001093 0.001093 0.001093 0.001093 0.001093 0.001093 0.001093 0.001233 0.001563 0.001973 0.002479 0.003102 0.003866 0.004797 0.005926 0.007290 0.008931 0.010893 0.013230 0.016000 0.019267 0.023103 0.027585 0.032795 0.038823 0.045763 0.053714 0.062777 0.073057 0.084658 0.097683 0.112231 0.128397 0.146265 0.165909 0.187389 0.210748 0.236008 0.263170 0.292206 0.323063 0.355656 0.389869 0.425550 0.462517 0.500553 0.539408 0.578800 0.618422 0.657939 0.696998 0.735228 0.772249 0.807677 0.841129 0.872232 0.900630 0.925988 0.948002 0.966402 0.980960 0.991493 0.997866 1.000000 0.997866 0.991493 0.980960 0.966402 0.948002 0.925988 0.900630 0.872232 0.841129 0.807677 0.772249 0.735228 0.696998 0.657939 0.618422 0.578800 0.539408 0.500553 0.462517 0.425550 0.389869 0.355656 0.323063 0.292206 0.263170 0.236008 0.210748 0.187389 0.165909 0.146265 0.128397 0.112231 0.097683 0.084658 0.073057 0.062777 0.053714 0.045763 0.038823 0.032795 0.027585 0.023103 0.019267 0.016000 0.013230 0.010893 0.008931 0.007290 0.005926 0.004797 0.003866
0.003866 0.004797 0.005926 0.007290 0.008931 0.010893 0.013230 0.016000 0.019267 0.023103 0.027585 0.032795 0.038823 0.045763 0.053714 0.062777 0.073057 0.084658 0.097683 0.112231 0.128397 0.146265 0.165909 0.187389 0.210748 0.236008 0.263170 0.292206 0.323063 0.355656 0.389869 0.425550 0.462517 0.500553 0.539408 0.578800 0.618422 0.657939 0.696998 0.735228 0.772249 0.807677 0.841129 0.872232 0.900630 0.925988 0.948002 0.966402 0.980960 0.991493 0.997866 1.000000 0.997866 0.991493 0.980960 0.966402 0.948002 0.925988 0.900630 0.872232 0.841129 0.807677 0.772249 0.735228 0.696998 0.657939 0.618422 0.578800 0.539408 0.500553 0.462517 0.425550 0.389869 0.355656 0.323063 0.292206 0.263170 0.236008 0.210748 0.187389 0.165909 0.146265 0.128397 0.112231 0.097683 0.084658 0.073057 0.062777 0.053714 0.045763 0.038823 0.032795 0.027585 0.023103 0.019267 0.016000 0.013230 0.010893 0.008931 0.007290 0.005926 0.004797 0.003866 0.003102 0.002479 0.001973 0.001563 0.001233 0.001000 0.001000 0.001000 0.001000 0.001000 0.001000 0.001000 0.001000 0.001000 0.001000 0.001000 0.001000 0.001000 0.001000 0.001000 0.001000 0.001000 0.001000 0.001000 0.001000 0.001000 0.001000 0.001000 0.001000 0.001000 0.001000 0.001000 0.001000 0.001000 0.001000 0.001000 0.001000 0.001000 0.001000 0.001000 0.001000 0.001000 0.001000 0.001000 0.001000 0.001233 0.001563 0.001973 0.002479 0.003102 0.003866 0.004797 0.005926 0.007290 0.008931 0.010893 0.013230 0.016000 0.019267 0.023103 0.027585 0.032795 0.038823 0.045763 0.053714 0.062777 0.073057 0.084658 0.097683 0.112231 0.128397 0.146265 0.165909 0.187389 0.210748 0.236008 0.263170 0.292206 0.323063 0.355656 0.389869 0.425550 0.462517 0.500553 0.539408 0.578800 0.618422 0.657939 0.696998 0.735228 0.772249 0.807677 0.841129 0.872232 0.900630 0.925988 0.948002 0.966402 0.980960 0.991493 0.997866 1.000000 0.997866 0.991493 0.980960 0.966402 0.948002 0.925988 0.900630 0.872232 0.841129 0.807677 0.772249 0.735228 0.696998 0.657939 0.618422 0.578800 0.539408 0.500553 0.462517 0.425550 0.389869 0.355656 0.323063 0.292206 0.263170 0.236008 0.210748 0.187389 0.165909 0.146265 0.128397 0.112231 0.097683 0.084658 0.073057 0.062777 0.053714 0.045763 0.038823 0.032795 0.027585 0.023103 0.019267 0.016000 0.013230 0.010893 0.008931 0.007290 0.005926 0.004797 0.003866
0.003866 0.004797 0.005926 0.007290 0.008931 0.010893 0.013230 0.016000 0.019267 0.023103 0.027585 0.032795 0.038823 0.045763 0.053714 0.062777 0.073057 0.084658 0.097683 0.112231 0.128397 0.146265 0.165909 0.187389 0.210748 0.236008 0.263170 0.292206 0.323063 0.355656 0.389869 0.425550 0.462517 0.500553 0.539408 0.578800 0.618422 0.657939 0.696998 0.735228 0.772249 0.807677 0.841129 0.872232 0.900630 0.925988 0.948002 0.966402 0.980960 0.991493 0.997866 1.000000 0.997866 0.991493 0.980960 0.966402 0.948002 0.925988 0.900630 0.872232 0.841129 0.807677 0.772249 0.735228 0.696998 0.657939 0.618422 0.578800 0.539408 0.500553 0.462517 0.425550 0.389869 0.355656 0.323063 0.292206 0.263170 0.236008 0.210748 0.187389 0.165909 0.146265 0.128397 0.112231 0.097683 0.084658 0.073057 0.062777 0.053714 0.045763 0.038823 0.032795 0.027585 0.023103 0.019267 0.016000 0.013230 0.010893 0.008931 0.007290 0.005926 0.004797 0.003866 0.003102 0.002479 0.001973 0.001563 0.001233 0.001000 0.001000 0.001000 0.001000 0.001000 0.001000 0.001000 0.001000 0.001000 0.001000 0.001000 0.001000 0.001000 0.001000 0.001000 0.001000 0.001000 0.001000 0.001000 0.001000 0.001000 0.001000 0.001000 0.001000 0.001000 0.001000 0.001000 0.001000 0.001000 0.001000 0.001000 0.001000 0.001000 0.001000 0.001000 0.001000 0.001000 0.001000 0.001000 0.001000 0.001233 0.001563 0.001973 0.002479 0.003102 0.003866 0.004797 0.005926 0.007290 0.008931 0.010893 0.013230 0.016000 0.019267 0.023103 0.027585 0.032795 0.038823 0.045763 0.053714 0.062777 0.073057 0.084658 0.097683 0.112231 0.128397 0.146265 0.165909 0.187389 0.210748 0.236008 0.263170 0.292206 0.323063 0.355656 0.389869 0.425550 0.462517 0.500553 0.539408 0.578800 0.618422 0.657939 0.696998 0.735228 0.772249 0.807677 0.841129 0.872232 0.900630 0.925988 0.948002 0.966402 0.980960 0.991493 0.997866 1.000000 0.997866 0.991493 0.980960 0.966402 0.948002 0.925988 0.900630 0.872232 0.841129 0.807677 0.772249 0.735228 0.696998 0.657939 0.618422 0.578800 0.539408 0.500553 0.462517 0.425550 0.389869 0.355656 0.323063 0.292206 0.263170 0.236008 0.210748 0.187389 0.165909 0.146265 0.128397 0.112231 0.097683 0.084658 0.073057 0.062777 0.053714 0.045763 0.038823 0.032795 0.027585 0.023103 0.019267 0.016000 0.013230 0.010893 0.008931 0.007290 0.005926 0.004797 0.003866
0.003866 0.004797 0.005926 0.007290 0.008931 0.010893 0.013230 0.016000 0.019267 0.023103 0.027585 0.032795 0.038823 0.045763 0.053714 0.062777 0.073057 0.084658 0.097683 0.112231 0.128397 0.146265 0.165909 0.187389 0.210748 0.236008 0.263170 0.292206 0.323063 0.355656 0.389869 0.425550 0.462517 0.500553 0.539408 0.578800 0.618422 0.657939 0.696998 0.735228 0.772249 0.807677 0.841129 0.872232 0.900630 0.925988 0.948002 0.966402 0.980960 0.991493 0.997866 1.000000 0.997866 0.991493 0.980960 0.966402 0.948002 0.925988 0.900630 0.872232 0.841129 0.807677 0.772249 0.735228 0.696998 0.657939 0.618422 0.578800 0.539408 0.500553 0.462517 0.425550 0.389869 0.355656 0.323063 0.292206 0.263170 0.236008 0.210748 0.187389 0.165909 0.146265 0.128397 0.112231 0.097683 0.084658 0.073057 0.062777 0.053714 0.045763 0.038823 0.032795 0.027585 0.023103 0.019267 0.016000 0.013230 0.010893 0.008931 0.007290 0.005926 0.004797 0.003866 0.003102 0.002479 0.001973 0.001563 0.001233 0.001000 0.001000 0.001000 0.001000 0.001000 0.001000 0.001000 0.001000 0.001000 0.001000 0.001000 0.001000 0.001000 0.001000 0.001000 0.001000 0.001000 0.001000 0.001000 0.001000 0.001000 0.001000 0.001000 0.001000 0.001000 0.001000 0.001000 0.001000 0.001000 0.001000 0.001000 0.001000 0.001000 0.001000 0.001000 0.001000 0.001000 0.001000 0.001000 0.001000 0.001233 0.001563 0.001973 0.002479 0.003102 0.003866 0.004797 0.005926 0.007290 0.008931 0.010893 0.013230 0.016000 0.019267 0.023103 0.027585 0.032795 0.038823 0.045763 0.053714 0.062777 0.073057 0.084658 0.097683 0.112231 0.128397 0.146265 0.165909 0.187389 0.210748 0.236008 0.263170 0.292206 0.323063 0.355656 0.389869 0.425550 0.462517 0.500553 0.539408 0.578800 0.618422 0.657939 0.696998 0.735228 0.772249 0.807677 0.841129 0.872232 0.900630 0.925988 0.948002 0.966402 0.980960 0.991493 0.997866 1.000000 0.997866 0.991493 0.980960 0.966402 0.948002 0.925988 0.900630 0.872232 0.841129 0.807677 0.772249 0.735228 0.696998 0.657939 0.618422 0.578800 0.539408 0.500553 0.462517 0.425550 0.389869 0.355656 0.323063 0.292206 0.263170 0.236008 0.210748 0.187389 0.165909 0.146265 0.128397 0.112231 0.097683 0.084658 0.073057 0.062777 0.053714 0.045763 0.038823 0.032795 0.027585 0.023103 0.019267 0.016000 0.013230 0.010893 0.008931 0.007290 0.005926 0.004797 0.003866
0.003866 0.004797 0.005926 0.007290 0.008931 0.010893 0.013230 0.016000 0.019267 0.023103 0.027585 0.032795 0.038823 0.045763 0.053714 0.062777 0.073057 0.084658 0.097683 0.112231 0.128397 0.146265 0.165909 0.187389 0.210748 0.236008 0.263170 0.292206 0.323063 0.355656 0.389869 0.425550 0.462517 0.500553 0.539408 0.578800 0.618422 0.657939 0.696998 0.735228 0.772249 0.807677 0.841129 0.872232 0.900630 0.925988 0.948002 0.966402 0.980960 0.991493 0.997866 1.000000 0.997866 0.991493 0.980960 0.966402 0.948002 0.925988 0.900630 0.872232 0.841129 0.807677 0.772249 0.735228 0.696998 0.657939 0.618422 0.578800 0.539408 0.500553 0.462517 0.425550 0.389869 0.355656 0.323063 0.292206 0.263170 0.236008 0.210748 0.187389 0.165909 0.146265 0.128397 0.112231 0.097683 0.084658 0.073057 0.062777 0.053714 0.045763 0.038823 0.032795 0.027585 0.023103 0.019267 0.016000 0.013230 0.010893 0.008931 0.007290 0.005926 0.004797 0.003866 0.003102 0.002479 0.001973 0.001563 0.001233 0.001000 0.001000 0.001000 0.001000 0.001000 0.001000 0.001000 0.001000 0.001000 0.001000 0.001000 0.001000 0.001000 0.001000 0.001000 0.001000 0.001000 0.001000 0.001000 0.001000 0.001000 0.001000 0.001000 0.001000 0.001000 0.001000 0.001000 0.001000 0.001000 0.001000 0.001000 0.001000 0.001000 0.001000 0.001000 0.001000 0.001000 0.001000 0.001000 0.001000 0.001233 0.001563 0.001973 0.002479 0.003102 0.003866 0.004797 0.005926 0.007290 0.008931 0.010893 0.013230 0.016000 0.019267 0.023103 0.027585 0.032795 0.038823 0.045763 0.053714 0.062777 0.073057 0.084658 0.097683 0.112231 0.128397 0.146265 0.165909 0.187389 0.210748 0.236008 0.263170 0.292206 0.323063 0.355656 0.389869 0.425550 0.462517 0.500553 0.539408 0.578800 0.618422 0.657939 0.696998 0.735228 0.772249 0.807677 0.841129 0.872232 0.900630 0.925988 0.948002 0.966402 0.980960 0.991493 0.997866 1.000000 0.997866 0.991493 0.980960 0.966402 0.948002 0.925988 0.900630 0.872232 0.841129 0.807677 0.772249 0.735228 0.696998 0.657939 0.618422 0.578800 0.539408 0.500553 0.462517 0.425550 0.389869 0.355656 0.323063 0.292206 0.263170 0.236008 0.210748 0.187389 0.165909 0.146265 0.128397 0.112231 0.097683 0.084658 0.073057 0.062777 0.053714 0.045763 0.038823 0.032795 0.027585 0.023103 0.019267 0.016000 0.013230 0.010893 0.008931 0.007290 0.005926 0.004797 0.003866
0.003866 0.004797 0.005926 0.007290 0.008931 0.010893 0.013230 0.016000 0.019267 0.023103 0.027585 0.032795 0.038823 0.045763 0.053714 0.062777 0.073057 0.084658 0.097683 0.112231 0.128397 0.146265 0.165909 0.187389 0.210748 0.236008 0.263170 0.292206 0.323063 0.355656 0.389869 0.425550 0.462517 0.500553 0.539408 0.578800 0.618422 0.657939 0.696998 0.735228 0.772249 0.807677 0.841129 0.872232 0.900630 0.925988 0.948002 0.966402 0.980960 0.991493 0.997866 1.000000 0.997866 0.991493 0.980960 0.966402 0.948002 0.925988 0.900630 0.872232 0.841129 0.807677 0.772249 0.735228 0.696998 0.657939 0.618422 0.578800 0.539408 0.500553 0.462517 0.425550 0.389869 0.355656 0.323063 0.292206 0.263170 0.236008 0.210748 0.187389 0.165909 0.146265 0.128397 0.112231 0.097683 0.084658 0.073057 0.062777 0.053714 0.045763 0.038823 0.032795 0.027585 0.023103 0.019267 0.016000 0.013230 0.010893 0.008931 0.007290 0.005926 0.004797 0.003866 0.003102 0.002479 0.001973 0.001563 0.001233 0.001000 0.001000 0.001000 0.001000 0.001000 0.001000 0.001000 0.001000 0.001000 0.001000 0.001000 0.001000 0.001000 0.001000 0.001000 0.001000 0.001000 0.001000 0.001000 0.001000 0.001000 0.001000 0.001000 0.001000 0.001000 0.001000 0.001000 0.001000 0.001000 0.001000 0.001000 0.001000 0.001000 0.001000 0.001000 0.001000 0.001000 0.001000 0.001000 0.001000 0.001233 0.001563 0.001973 0.002479 0.003102 0.003866 0.004797 0.005926 0.007290 0.008931 0.010893 0.013230 0.016000 0.019267 0.023103 0.027585 0.032795 0.038823 0.045763 0.053714 0.062777 0.073057 0.084658 0.097683 0.112231 0.128397 0.146265 0.165909 0.187389 0.210748 0.236008 0.263170 0.292206 0.323063 0.355656 0.389869 0.425550 0.462517 0.500553 0.539408 0.578800 0.618422 0.657939 0.696998 0.735228 0.772249 0.807677 0.841129 0.872232 0.900630 0.925988 0.948002 0.966402 0.980960 0.991493 0.997866 1.000000 0.997866 0.991493 0.980960 0.966402 0.948002 0.925988 0.900630 0.872232 0.841129 0.807677 0.772249 0.735228 0.696998 0.657939 0.618422 0.578800 0.539408 0.500553 0.462517 0.425550 0.389869 0.355656 0.323063 0.292206 0.263170 0.236008 0.210748 0.187389 0.165909 0.146265 0.128397 0.112231 0.097683 0.084658 0.073057 0.062777 0.053714 0.045763 0.038823 0.032795 0.027585 0.023103 0.019267 0.016000 0.013230 0.010893 0.008931 0.007290 0.005926 0.004797 0.003866
0.003866 0.004797 0.005926 0.007290 0.008931 0.010893 0.013230 0.016000 0.019267 0.023103 0.027585 0.032795 0.038823 0.045763 0.053714 0.062777 0.073057 0.084658 0.097683 0.112231 0.128397 0.146265 0.165909 0.187389 0.210748 0.236008 0.263170 0.292206 0.323063 0.355656 0.389869 0.425550 0.462517 0.500553 0.539408 0.578800 0.618422 0.657939 0.696998 0.735228 0.772249 0.807677 0.841129 0.872232 0.900630 0.925988 0.948002 0.966402 0.980960 0.991493 0.997866 1.000000 0.997866 0.991493 0.980960 0.966402 0.948002 0.925988 0.900630 0.872232 0.841129 0.807677 0.772249 0.735228 0.696998 0.657939 0.618422 0.578800 0.539408 0.500553 0.462517 0.425550 0.389869 0.355656 0.323063 0.292206 0.263170 0.236008 0.210748 0.187389 0.165909 0.146265 0.128397 0.112231 0.097683 0.084658 0.073057 0.062777 0.053714 0.045763 0.038823 0.032795 0.027585 0.023103 0.019267 0.016000 0.013230 0.010893 0.008931 0.007290 0.005926 0.004797 0.003866 0.003102 0.002479 0.001973 0.001563 0.001233 0.001000 0.001000 0.001000 0.001000 0.001000 0.001000 0.001000 0.001000 0.001000 0.001000 0.001000 0.001000 0.001000 0.001000 0.001000 0.001000 0.001000 0.001000 0.001000 0.001000 0.001000 0.001000 0.001000 0.001000 0.001000 0.001000 0.001000 0.001000 0.001000 0.001000 0.001000 0.001000 0.001000 0.001000 0.001000 0.001000 0.001000 0.001000 0.001000 0.001000 0.001233 0.001563 0.001973 0.002479 0.003102 0.003866 0.004797 0.005926 0.007290 0.008931 0.010893 0.013230 0.016000 0.019267 0.023103 0.027585 0.032795 0.038823 0.045763 0.053714 0.062777 0.073057 0.084658 0.097683 0.112231 0.128397 0.146265 0.165909 0.187389 0.210748 0.236008 0.263170 0.292206 0.323063 0.355656 0.389869 0.425550 0.462517 0.500553 0.539408 0.578800 0.618422 0.657939 0.696998 0.735228 0.772249 0.807677 0.841129 0.872232 0.900630 0.925988 0.948002 0.966402 0.980960 0.991493 0.997866 1.000000 0.997866 0.991493 0.980960 0.966402 0.948002 0.925988 0.900630 0.872232 0.841129 0.807677 0.772249 0.735228 0.696998 0.657939 0.618422 0.578800 0.539408 0.500553 0.462517 0.425550 0.389869 0.355656 0.323063 0.292206 0.263170 0.236008 0.210748 0.187389 0.165909 0.146265 0.128397 0.112231 0.097683 0.084658 0.073057 0.062777 0.053714 0.045763 0.038823 0.032795 0.027585 0.023103 0.019267 0.016000 0.013230 0.010893 0.008931 0.007290 0.005926 0.004797 0.003866
0.003866 0.004797 0.005926 0.007290 0.008931 0.010893 0.013230 0.016000 0.019267 0.023103 0.027585 0.032795 0.038823 0.045763 0.053714 0.062777 0.073057 0.084658 0.097683 0.112231 0.128397 0.146265 0.165909 0.187389 0.210748 0.236008 0.263170 0.292206 0.323063 0.355656 0.389869 0.425550 0.462517 0.500553 0.539408 0.578800 0.618422 0.657939 0.696998 0.735228 0.772249 0.807677 0.841129 0.872232 0.900630 0.925988 0.948002 0.966402 0.980960 0.991493 0.997866 1.000000 0.997866 0.991493 0.980960 0.966402 0.948002 0.925988 0.900630 0.872232 0.841129 0.807677 0.772249 0.735228 0.696998 0.657939 0.618422 0.578800 0.539408 0.500553 0.462517 0.425550 0.389869 0.355656 0.323063 0.292206 0.263170 0.236008 0.210748 0.187389 0.165909 0.146265 0.128397 0.112231 0.097683 0.084658 0.073057 0.062777 0.053714 0.045763 0.038823 0.032795 0.027585 0.023103 0.019267 0.016000 0.013230 0.010893 0.008931 0.007290 0.005926 0.004797 0.003866 0.003102 0.002479 0.001973 0.001563 0.001233 0.001000 0.001000 0.001000 0.001000 0.001000 0.001000 0.001000 0.001000 0.001000 0.001000 0.001000 0.001000 0.001000 0.001000 0.001000 0.001000 0.001000 0.001000 0.001000 0.001000 0.001000 0.001000 0.001000 0.001000 0.001000 0.001000 0.001000 0.001000 0.001000 0.001000 0.001000 0.001000 0.001000 0.001000 0.001000 0.001000 0.001000 0.001000 0.001000 0.001000 0.001233 0.001563 0.001973 0.002479 0.003102 0.003866 0.004797 0.005926 0.007290 0.008931 0.010893 0.013230 0.016000 0.019267 0.023103 0.027585 0.032795 0.038823 0.045763 0.053714 0.062777 0.073057 0.084658 0.097683 0.112231 0.128397 0.146265 0.165909 0.187389 0.210748 0.236008 0.263170 0.292206 0.323063 0.355656 0.389869 0.425550 0.462517 0.500553 0.539408 0.578800 0.618422 0.657939 0.696998 0.735228 0.772249 0.807677 0.841129 0.872232 0.900630 0.925988 0.948002 0.966402 0.980960 0.991493 0.997866 1.000000 0.997866 0.991493 0.980960 0.966402 0.948002 0.925988 0.900630 0.872232 0.841129 0.807677 0.772249 0.735228 0.696998 0.657939 0.618422 0.578800 0.539408 0.500553 0.462517 0.425550 0.389869 0.355656 0.323063 0.292206 0.263170 0.236008 0.210748 0.187389 0.165909 0.146265 0.128397 0.112231 0.097683 0.084658 0.073057 0.062777 0.053714 0.045763 0.038823 0.032795 0.027585 0.023103 0.019267 0.016000 0.013230 0.010893 0.008931 0.007290 0.005926 0.004797 0.003866
0.003866 0.004797 0.005926 0.007290 0.008931 0.010893 0.013230 0.016000 0.019267 0.023103 0.027585 0.032795 0.038823 0.045763 0.053714 0.062777 0.073057 0.084658 0.097683 0.112231 0.128397 0.146265 0.165909 0.187389 0.210748 0.236008 0.263170 0.292206 0.323063 0.355656 0.389869 0.425550 0.462517 0.500553 0.539408 0.578800 0.618422 0.657939 0.696998 0.735228 0.772249 0.807677 0.841129 0.872232 0.900630 0.925988 0.948002 0.966402 0.980960 0.991493 0.997866 1.000000 0.997866 0.991493 0.980960 0.966402 0.948002 0.925988 0.900630 0.872232 0.841129 0.807677 0.772249 0.735228 0.696998 0.657939 0.618422 0.578800 0.539408 0.500553 0.462517 0.425550 0.389869 0.355656 0.323063 0.292206 0.263170 0.236008 0.210748 0.187389 0.165909 0.146265 0.128397 0.112231 0.097683 0.084658 0.073057 0.062777 0.053714 0.045763 0.038823 0.032795 0.027585 0.023103 0.019267 0.016000 0.013230 0.010893 0.008931 0.007290 0.005926 0.004797 0.003866 0.003102 0.002479 0.001973 0.001563 0.001233 0.001000 0.001000 0.001000 0.001000 0.001000 0.001000 0.001000 0.001000 0.001000 0.001000 0.001000 0.001000 0.001000 0.001000 0.001000 0.001000 0.001000 0.001000 0.001000 0.001000 0.001000 0.001000 0.001000 0.001000 0.001000 0.001000 0.001000 0.001000 0.001000 0.001000 0.001000 0.001000 0.001000 0.001000 0.001000 0.001000 0.001000 0.001000 0.001000 0.001000 0.001233 0.001563 0.001973 0.002479 0.003102 0.003866 0.004797 0.005926 0.007290 0.008931 0.010893 0.013230 0.016000 0.019267 0.023103 0.027585 0.032795 0.038823 0.045763 0.053714 0.062777 0.073057 0.084658 0.097683 0.112231 0.128397 0.146265 0.165909 0.187389 0.210748 0.236008 0.263170 0.292206 0.323063 0.355656 0.389869 0.425550 0.462517 0.500553 0.539408 0.578800 0.618422 0.657939 0.696998 0.735228 0.772249 0.807677 0.841129 0.872232 0.900630 0.925988 0.948002 0.966402 0.980960 0.991493 0.997866 1.000000 0.997866 0.991493 0.980960 0.966402 0.948002 0.925988 0.900630 0.872232 0.841129 0.807677 0.772249 0.735228 0.696998 0.657939 0.618422 0.578800 0.539408 0.500553 0.462517 0.425550 0.389869 0.355656 0.323063 0.292206 0.263170 0.236008 0.210748 0.187389 0.165909 0.146265 0.128397 0.112231 0.097683 0.084658 0.073057 0.062777 0.053714 0.045763 0.038823 0.032795 0.027585 0.023103 0.019267 0.016000 0.013230 0.010893 0.008931 0.007290 0.005926 0.004797 0.003866
0.003866 0.004797 0.005926 0.007290 0.008931 0.010893 0.013230 0.016000 0.019267 0.023103 0.027585 0.032795 0.038823 0.045763 0.053714 0.062777 0.073057 0.084658 0.097683 0.112231 0.128397 0.146265 0.165909 0.187389 0.210748 0.236008 0.263170 0.292206 0.323063 0.355656 0.389869 0.425550 0.462517 0.500553 0.539408 0.578800 0.618422 0.657939 0.696998 0.735228 0.772249 0.807677 0.841129 0.872232 0.900630 0.925988 0.948002 0.966402 0.980960 0.991493 0.997866 1.000000 0.997866 0.991493 0.980960 0.966402 0.948002 0.925988 0.900630 0.872232 0.841129 0.807677 0.772249 0.735228 0.696998 0.657939 0.618422 0.578800 0.539408 0.500553 0.462517 0.425550 0.389869 0.355656 0.323063 0.292206 0.263170 0.236008 0.210748 0.187389 0.165909 0.146265 0.128397 0.112231 0.097683 0.084658 0.073057 0.062777 0.053714 0.045763 0.038823 0.032795 0.027585 0.023103 0.019267 0.016000 0.013230 0.010893 0.008931 0.007290 0.005926 0.004797 0.003866 0.003102 0.002479 0.001973 0.001563 0.001233 0.001000 0.001000 0.001000 0.001000 0.001000 0.001000 0.001000 0.001000 0.001000 0.001000 0.001000 0.001000 0.001000 0.001000 0.001000 0.001000 0.001000 0.001000 0.001000 0.001000 0.001000 0.001000 0.001000 0.001000 0.001000 0.001000 0.001000 0.001000 0.001000 0.001000 0.001000 0.001000 0.001000 0.001000 0.001000 0.001000 0.001000 0.001000 0.001000 0.001000 0.001233 0.001563 0.001973 0.002479 0.003102 0.003866 0.004797 0.005926 0.007290 0.008931 0.010893 0.013230 0.016000 0.019267 0.023103 0.027585 0.032795 0.038823 0.045763 0.053714 0.062777 0.073057 0.084658 0.097683 0.112231 0.128397 0.146265 0.165909 0.187389 0.210748 0.236008 0.263170 0.292206 0.323063 0.355656 0.389869 0.425550 0.462517 0.500553 0.539408 0.578800 0.618422 0.657939 0.696998 0.735228 0.772249 0.807677 0.841129 0.872232 0.900630 0.925988 0.948002 0.966402 0.980960 0.991493 0.997866 1.000000 0.997866 0.991493 0.980960 0.966402 0.948002 0.925988 0.900630 0.872232 0.841129 0.807677 0.772249 0.735228 0.696998 0.657939 0.618422 0.578800 0.539408 0.500553 0.462517 0.425550 0.389869 0.355656 0.323063 0.292206 0.263170 0.236008 0.210748 0.187389 0.165909 0.146265 0.128397 0.112231 0.097683 0.084658 0.073057 0.062777 0.053714 0.045763 0.038823 0.032795 0.027585 0.023103 0.019267 0.016000 0.013230 0.010893 0.008931 0.007290 0.005926 0.004797 0.003866
0.003866 0.004797 0.005926 0.007290 0.008931 0.010893 0.013230 0.016000 0.019267 0.023103 0.027585 0.032795 0.038823 0.045763 0.053714 0.062777 0.073057 0.084658 0.097683 0.112231 0.128397 0.146265 0.165909 0.187389 0.210748 0.236008 0.263170 0.292206 0.323063 0.355656 0.389869 0.425550 0.462517 0.500553 0.539408 0.578800 0.618422 0.657939 0.696998 0.735228 0.772249 0.807677 0.841129 0.872232 0.900630 0.925988 0.948002 0.966402 0.980960 0.991493 0.997866 1.000000 0.997866 0.991493 0.980960 0.966402 0.948002 0.925988 0.900630 0.872232 0.841129 0.807677 0.772249 0.735228 0.696998 0.657939 0.618422 0.578800 0.539408 0.500553 0.462517 0.425550 0.389869 0.355656 0.323063 0.292206 0.263170 0.236008 0.210748 0.187389 0.165909 0.146265 0.128397 0.112231 0.097683 0.084658 0.073057 0.062777 0.053714 0.045763 0.038823 0.032795 0.027585 0.023103 0.019267 0.016000 0.013230 0.010893 0.008931 0.007290 0.005926 0.004797 0.003866 0.003102 0.002479 0.001973 0.001563 0.001233 0.001000 0.001000 0.001000 0.001000 0.001000 0.001000 0.001000 0.001000 0.001000 0.001000 0.001000 0.001000 0.001000 0.001000 0.001000 0.001000 0.001000 0.001000 0.001000 0.001000 0.001000 0.001000 0.001000 0.001000 0.001000 0.001000 0.001000 0.001000 0.001000 0.001000 0.001000 0.001000 0.001000 0.001000 0.001000 0.001000 0.001000 0.001000 0.001000 0.001000 0.001233 0.001563 0.001973 0.002479 0.003102 0.003866 0.004797 0.005926 0.007290 0.008931 0.010893 0.013230 0.016000 0.019267 0.023103 0.027585 0.032795 0.038823 0.045763 0.053714 0.062777 0.073057 0.084658 0.097683 0.112231 0.128397 0.146265 0.165909 0.187389 0.210748 0.236008 0.263170 0.292206 0.323063 0.355656 0.389869 0.425550 0.462517 0.500553 0.539408 0.578800 0.618422 0.657939 0.696998 0.735228 0.772249 0.807677 0.841129 0.872232 0.900630 0.925988 0.948002 0.966402 0.980960 0.991493 0.997866 1.000000 0.997866 0.991493 0.980960 0.966402 0.948002 0.925988 0.900630 0.872232 0.841129 0.807677 0.772249 0.735228 0.696998 0.657939 0.618422 0.578800 0.539408 0.500553 0.462517 0.425550 0.389869 0.355656 0.323063 0.292206 0.263170 0.236008 0.210748 0.187389 0.165909 0.146265 0.128397 0.112231 0.097683 0.084658 0.073057 0.062777 0.053714 0.045763 0.038823 0.032795 0.027585 0.023103 0.019267 0.016000 0.013230 0.010893 0.008931 0.007290 0.005926 0.004797 0.003866
0.003866 0.004797 0.005926 0.007290 0.008931 0.010893 0.013230 0.016000 0.019267 0.023103 0.027585 0.032795 0.038823 0.045763 0.053714 0.062777 0.073057 0.084658 0.097683 0.112231 0.128397 0.146265 0.165909 0.187389 0.210748 0.236008 0.263170 0.292206 0.323063 0.355656 0.389869 0.425550 0.462517 0.500553 0.539408 0.578800 0.618422 0.657939 0.696998 0.735228 0.772249 0.807677 0.841129 0.872232 0.900630 0.925988 0.948002 0.966402 0.980960 0.991493 0.997866 1.000000 0.997866 0.991493 0.980960 0.966402 0.948002 0.925988 0.900630 0.872232 0.841129 0.807677 0.772249 0.735228 0.696998 0.657939 0.618422 0.578800 0.539408 0.500553 0.462517 0.425550 0.389869 0.355656 0.323063 0.292206 0.263170 0.236008 0.210748 0.187389 0.165909 0.146265 0.128397 0.112231 0.097683 0.084658 0.073057 0.062777 0.053714 0.045763 0.038823 0.032795 0.027585 0.023103 0.019267 0.016000 0.013230 0.010893 0.008931 0.007290 0.005926 0.004797 0.003866 0.003102 0.002479 0.001973 0.001563 0.001233 0.001000 0.001000 0.001000 0.001000 0.001000 0.001000 0.001000 0.001000 0.001000 0.001000 0.001000 0.001000 0.001000 0.001000 0.001000 0.001000 0.001000 0.001000 0.001000 0.001000 0.001000 0.001000 0.001000 0.001000 0.001000 0.001000 0.001000 0.001000 0.001000 0.001000 0.001000 0.001000 0.001000 0.001000 0.001000 0.001000 0.001000 0.001000 0.001000 0.001000 0.001233 0.001563 0.001973 0.002479 0.003102 0.003866 0.004797 0.005926 0.007290 0.008931 0.010893 0.013230 0.016000 0.019267 0.023103 0.027585 0.032795 0.038823 0.045763 0.053714 0.062777 0.073057 0.084658 0.097683 0.112231 0.128397 0.146265 0.165909 0.187389 0.210748 0.236008 0.263170 0.292206 0.323063 0.355656 0.389869 0.425550 0.462517 0.500553 0.539408 0.578800 0.618422 0.657939 0.696998 0.735228 0.772249 0.807677 0.841129 0.872232 0.900630 0.925988 0.948002 0.966402 0.980960 0.991493 0.997866 1.000000 0.997866 0.991493 0.980960 0.966402 0.948002 0.925988 0.900630 0.872232 0.841129 0.807677 0.772249 0.735228 0.696998 0.657939 0.618422 0.578800 0.539408 0.500553 0.462517 0.425550 0.389869 0.355656 0.323063 0.292206 0.263170 0.236008 0.210748 0.187389 0.165909 0.146265 0.128397 0.112231 0.097683 0.084658 0.073057 0.062777 0.053714 0.045763 0.038823 0.032795 0.027585 0.023103 0.019267 0.016000 0.013230 0.010893 0.008931 0.007290 0.005926 0.004797 0.003866
0.003866 0.004797 0.005926 0.007290 0.008931 0.010893 0.013230 0.016000 0.019267 0.023103 0.027585 0.032795 0.038823 0.045763 0.053714 0.062777 0.073057 0.084658 0.097683 0.112231 0.128397 0.146265 0.165909 0.187389 0.210748 0.236008 0.263170 0.292206 0.323063 0.355656 0.389869 0.425550 0.462517 0.500553 0.539408 0.578800 0.618422 0.657939 0.696998 0.735228 0.772249 0.807677 0.841129 0.872232 0.900630 0.925988 0.948002 0.966402 0.980960 0.991493 0.997866 1.000000 0.997866 0.991493 0.980960 0.966402 0.948002 0.925988 0.900630 0.872232 0.841129 0.807677 0.772249 0.735228 0.696998 0.657939 0.618422 0.578800 0.539408 0.500553 0.462517 0.425550 0.389869 0.355656 0.323063 0.292206 0.263170 0.236008 0.210748 0.187389 0.165909 0.146265 0.128397 0.112231 0.097683 0.084658 0.073057 0.062777 0.053714 0.045763 0.038823 0.032795 0.027585 0.023103 0.019267 0.016000 0.013230 0.010893 0.008931 0.007290 0.005926 0.004797 0.003866 0.003102 0.002479 0.001973 0.001563 0.001233 0.001000 0.001000 0.001000 0.001000 0.001000 0.001000 0.001000 0.001000 0.001000 0.001000 0.001000 0.001000 0.001000 0.001000 0.001000 0.001000 0.001000 0.001000 0.001000 0.001000 0.001000 0.001000 0.001000 0.001000 0.001000 0.001000 0.001000 0.001000 0.001000 0.001000 0.001000 0.001000 0.001000 0.001000 0.001000 0.001000 0.001000 0.001000 0.001000 0.001000 0.001233 0.001563 0.001973 0.002479 0.003102 0.003866 0.004797 0.005926 0.007290 0.008931 0.010893 0.013230 0.016000 0.019267 0.023103 0.027585 0.032795 0.038823 0.045763 0.053714 0.062777 0.073057 0.084658 0.097683 0.112231 0.128397 0.146265 0.165909 0.187389 0.210748 0.236008 0.263170 0.292206 0.323063 0.355656 0.389869 0.425550 0.462517 0.500553 0.539408 0.578800 0.618422 0.657939 0.696998 0.735228 0.772249 0.807677 0.841129 0.872232 0.900630 0.925988 0.948002 0.966402 0.980960 0.991493 0.997866 1.000000 0.997866 0.991493 0.980960 0.966402 0.948002 0.925988 0.900630 0.872232 0.841129 0.807677 0.772249 0.735228 0.696998 0.657939 0.618422 0.578800 0.539408 0.500553 0.462517 0.425550 0.389869 0.355656 0.323063 0.292206 0.263170 0.236008 0.210748 0.187389 0.165909 0.146265 0.128397 0.112231 0.097683 0.084658 0.073057 0.062777 0.053714 0.045763 0.038823 0.032795 0.027585 0.023103 0.019267 0.016000 0.013230 0.010893 0.008931 0.007290 0.005926 0.004797 0.003866
0.003866 0.004797 0.005926 0.007290 0.008931 0.010893 0.013230 0.016000 0.019267 0.023103 0.027585 0.032795 0.038823 0.045763 0.053714 0.062777 0.073057 0.084658 0.097683 0.112231 0.128397 0.146265 0.165909 0.187389 0.210748 0.236008 0.263170 0.292206 0.323063 0.355656 0.389869 0.425550 0.462517 0.500553 0.539408 0.578800 0.618422 0.657939 0.696998 0.735228 0.772249 0.807677 0.841129 0.872232 0.900630 0.925988 0.948002 0.966402 0.980960 0.991493 0.997866 1.000000 0.997866 0.991493 0.980960 0.966402 0.948002 0.925988 0.900630 0.872232 0.841129 0.807677 0.772249 0.735228 0.696998 0.657939 0.618422 0.578800 0.539408 0.500553 0.462517 0.425550 0.389869 0.355656 0.323063 0.292206 0.263170 0.236008 0.210748 0.187389 0.165909 0.146265 0.128397 0.112231 0.097683 0.084658 0.073057 0.062777 0.053714 0.045763 0.038823 0.032795 0.027585 0.023103 0.019267 0.016000 0.013230 0.010893 0.008931 0.007290 0.005926 0.004797 0.003866 0.003102 0.002479 0.001973 0.001563 0.001233 0.001000 0.001000 0.001000 0.001000 0.001000 0.001000 0.001000 0.001000 0.001000 0.001000 0.001000 0.001000 0.001000 0.001000 0.001000 0.001000 0.001000 0.001000 0.001000 0.001000 0.001000 0.001000 0.001000 0.001000 0.001000 0.001000 0.001000 0.001000 0.001000 0.001000 0.001000 0.001000 0.001000 0.001000 0.001000 0.001000 0.001000 0.001000 0.001000 0.001000 0.001233 0.001563 0.001973 0.002479 0.003102 0.003866 0.004797 0.005926 0.007290 0.008931 0.010893 0.013230 0.016000 0.019267 0.023103 0.027585 0.032795 0.038823 0.045763 0.053714 0.062777 0.073057 0.084658 0.097683 0.112231 0.128397 0.146265 0.165909 0.187389 0.210748 0.236008 0.263170 0.292206 0.323063 0.355656 0.389869 0.425550 0.462517 0.500553 0.539408 0.578800 0.618422 0.657939 0.696998 0.735228 0.772249 0.807677 0.841129 0.872232 0.900630 0.925988 0.948002 0.966402 0.980960 0.991493 0.997866 1.000000 0.997866 0.991493 0.980960 0.966402 0.948002 0.925988 0.900630 0.872232 0.841129 0.807677 0.772249 0.735228 0.696998 0.657939 0.618422 0.578800 0.539408 0.500553 0.462517 0.425550 0.389869 0.355656 0.323063 0.292206 0.263170 0.236008 0.210748 0.187389 0.165909 0.146265 0.128397 0.112231 0.097683 0.084658 0.073057 0.062777 0.053714 0.045763 0.038823 0.032795 0.027585 0.023103 0.019267 0.016000 0.013230 0.010893 0.008931 0.007290 0.005926 0.004797 0.003866
0.003866 0.004797 0.005926 0.007290 0.008931 0.010893 0.013230 0.016000 0.019267 0.023103 0.027585 0.032795 0.038823 0.045763 0.053714 0.062777 0.073057 0.084658 0.097683 0.112231 0.128397 0.146265 0.165909 0.187389 0.210748 0.236008 0.263170 0.292206 0.323063 0.355656 0.389869 0.425550 0.462517 0.500553 0.539408 0.578800 0.618422 0.657939 0.696998 0.735228 0.772249 0.807677 0.841129 0.872232 0.900630 0.925988 0.948002 0.966402 0.980960 0.991493 0.997866 1.000000 0.997866 0.991493 0.980960 0.966402 0.948002 0.925988 0.900630 0.872232 0.841129 0.807677 0.772249 0.735228 0.696998 0.657939 0.618422 0.578800 0.539408 0.500553 0.462517 0.425550 0.389869 0.355656 0.323063 0.292206 0.263170 0.236008 0.210748 0.187389 0.165909 0.146265 0.128397 0.112231 0.097683 0.084658 0.073057 0.062777 0.053714 0.045763 0.038823 0.032795 0.027585 0.023103 0.019267 0.016000 0.013230 0.010893 0.008931 0.007290 0.005926 0.004797 0.003866 0.003102 0.002479 0.001973 0.001563 0.001233 0.001000 0.001000 0.001000 0.001000 0.001000 0.001000 0.001000 0.001000 0.001000 0.001000 0.001000 0.001000 0.001000 0.001000 0.001000 0.001000 0.001000 0.001000 0.001000 0.001000 0.001000 0.001000 0.001000 0.001000 0.001000 0.001000 0.001000 0.001000 0.001000 0.001000 0.001000 0.001000 0.001000 0.001000 0.001000 0.001000 0.001000 0.001000 0.001000 0.001000 0.001233 0.001563 0.001973 0.002479 0.003102 0.003866 0.004797 0.005926 0.007290 0.008931 0.010893 0.013230 0.016000 0.019267 0.023103 0.027585 0.032795 0.038823 0.045763 0.053714 0.062777 0.073057 0.084658 0.097683 0.112231 0.128397 0.146265 0.165909 0.187389 0.210748 0.236008 0.263170 0.292206 0.323063 0.355656 0.389869 0.425550 0.462517 0.500553 0.539408 0.578800 0.618422 0.657939 0.696998 0.735228 0.772249 0.807677 0.841129 0.872232 0.900630 0.925988 0.948002 0.966402 0.980960 0.991493 0.997866 1.000000 0.997866 0.991493 0.980960 0.966402 0.948002 0.925988 0.900630 0.872232 0.841129 0.807677 0.772249 0.735228 0.696998 0.657939 0.618422 0.578800 0.539408 0.500553 0.462517 0.425550 0.389869 0.355656 0.323063 0.292206 0.263170 0.236008 0.210748 0.187389 0.165909 0.146265 0.128397 0.112231 0.097683 0.084658 0.073057 0.062777 0.053714 0.045763 0.038823 0.032795 0.027585 0.023103 0.019267 0.016000 0.013230 0.010893 0.008931 0.007290 0.005926 0.004797 0.003866
0.003866 0.004797 0.005926 0.007290 0.008931 0.010893 0.013230 0.016000 0.019267 0.023103 0.027585 0.032795 0.038823 0.045763 0.053714 0.062777 0.073057 0.084658 0.097683 0.112231 0.128397 0.146265 0.165909 0.187389 0.210748 0.236008 0.263170 0.292206 0.323063 0.355656 0.389869 0.425550 0.462517 0.500553 0.539408 0.578800 0.618422 0.657939 0.696998 0.735228 0.772249 0.807677 0.841129 0.872232 0.900630 0.925988 0.948002 0.966402 0.980960 0.991493 0.997866 1.000000 0.997866 0.991493 0.980960 0.966402 0.948002 0.925988 0.900630 0.872232 0.841129 0.807677 0.772249 0.735228 0.696998 0.657939 0.618422 0.578800 0.539408 0.500553 0.462517 0.425550 0.389869 0.355656 0.323063 0.292206 0.263170 0.236008 0.210748 0.187389 0.165909 0.146265 0.128397 0.112231 0.097683 0.084658 0.073057 0.062777 0.053714 0.045763 0.038823 0.032795 0.027585 0.023103 0.019267 0.016000 0.013230 0.010893 0.008931 0.007290 0.005926 0.004797 0.003866 0.003102 0.002479 0.001973 0.001563 0.001233 0.001000 0.001000 0.001000 0.001000 0.001000 0.001000 0.001000 0.001000 0.001000 0.001000 0.001000 0.001000 0.001000 0.001000 0.001000 0.001000 0.001000 0.001000 0.001000 0.001000 0.001000 0.001000 0.001000 0.001000 0.001000 0.001000 0.001000 0.001000 0.001000 0.001000 0.001000 0.001000 0.001000 0.001000 0.001000 0.001000 0.001000 0.001000 0.001000 0.001000 0.001233 0.001563 0.001973 0.002479 0.003102 0.003866 0.004797 0.005926 0.007290 0.008931 0.010893 0.013230 0.016000 0.019267 0.023103 0.027585 0.032795 0.038823 0.045763 0.053714 0.062777 0.073057 0.084658 0.097683 0.112231 0.128397 0.146265 0.165909 0.187389 0.210748 0.236008 0.263170 0.292206 0.323063 0.355656 0.389869 0.425550 0.462517 0.500553 0.539408 0.578800 0.618422 0.657939 0.696998 0.735228 0.772249 0.807677 0.841129 0.872232 0.900630 0.925988 0.948002 0.966402 0.980960 0.991493 0.997866 1.000000 0.997866 0.991493 0.980960 0.966402 0.948002 0.925988 0.900630 0.872232 0.841129 0.807677 0.772249 0.735228 0.696998 0.657939 0.618422 0.578800 0.539408 0.500553 0.462517 0.425550 0.389869 0.355656 0.323063 0.292206 0.263170 0.236008 0.210748 0.187389 0.165909 0.146265 0.128397 0.112231 0.097683 0.084658 0.073057 0.062777 0.053714 0.045763 0.038823 0.032795 0.027585 0.023103 0.019267 0.016000 0.013230 0.010893 0.008931 0.007290 0.005926 0.004797 0.003866
0.003866 0.004797 0.005926 0.007290 0.008931 0.010893 0.013230 0.016000 0.019267 0.023103 0.027585 0.032795 0.038823 0.045763 0.053714 0.062777 0.073057 0.084658 0.097683 0.112231 0.128397 0.146265 0.165909 0.187389 0.210748 0.236008 0.263170 0.292206 0.323063 0.355656 0.389869 0.425550 0.462517 0.500553 0.539408 0.578800 0.618422 0.657939 0.696998 0.735228 0.772249 0.807677 0.841129 0.872232 0.900630 0.925988 0.948002 0.966402 0.980960 0.991493 0.997866 1.000000 0.997866 0.991493 0.980960 0.966402 0.948002 0.925988 0.900630 0.872232 0.841129 0.807677 0.772249 0.735228 0.696998 0.657939 0.618422 0.578800 0.539408 0.500553 0.462517 0.425550 0.389869 0.355656 0.323063 0.292206 0.263170 0.236008 0.210748 0.187389 0.165909 0.146265 0.128397 0.112231 0.097683 0.084658 0.073057 0.062777 0.053714 0.045763 0.038823 0.032795 0.027585 0.023103 0.019267 0.016000 0.013230 0.010893 0.008931 0.007290 0.005926 0.004797 0.003866 0.003102 0.002479 0.001973 0.001563 0.001233 0.001000 0.001000 0.001000 0.001000 0.001000 0.001000 0.001000 0.001000 0.001000 0.001000 0.001000 0.001000 0.001000 0.001000 0.001000 0.001000 0.001000 0.001000 0.001000 0.001000 0.001000 0.001000 0.001000 0.001000 0.001000 0.001000 0.001000 0.001000 0.001000 0.001000 0.001000 0.001000 0.001000 0.001000 0.001000 0.001000 0.001000 0.001000 0.001000 0.001000 0.001233 0.001563 0.001973 0.002479 0.003102 0.003866 0.004797 0.005926 0.007290 0.008931 0.010893 0.013230 0.016000 0.019267 0.023103 0.027585 0.032795 0.038823 0.045763 0.053714 0.062777 0.073057 0.084658 0.097683 0.112231 0.128397 0.146265 0.165909 0.187389 0.210748 0.236008 0.263170 0.292206 0.323063 0.355656 0.389869 0.425550 0.462517 0.500553 0.539408 0.578800 0.618422 0.657939 0.696998 0.735228 0.772249 0.807677 0.841129 0.872232 0.900630 0.925988 0.948002 0.966402 0.980960 0.991493 0.997866 1.000000 0.997866 0.991493 0.980960 0.966402 0.948002 0.925988 0.900630 0.872232 0.841129 0.807677 0.772249 0.735228 0.696998 0.657939 0.618422 0.578800 0.539408 0.500553 0.462517 0.425550 0.389869 0.355656 0.323063 0.292206 0.263170 0.236008 0.210748 0.187389 0.165909 0.146265 0.128397 0.112231 0.097683 0.084658 0.073057 0.062777 0.053714 0.045763 0.038823 0.032795 0.027585 0.023103 0.019267 0.016000 0.013230 0.010893 0.008931 0.007290 0.005926 0.004797 0.003866
0.003866 0.004797 0.005926 0.007290 0.008931 0.010893 0.013230 0.016000 0.019267 0.023103 0.027585 0.032795 0.038823 0.045763 0.053714 0.062777 0.073057 0.084658 0.097683 0.112231 0.128397 0.146265 0.165909 0.187389 0.210748 0.236008 0.263170 0.292206 0.323063 0.355656 0.389869 0.425550 0.462517 0.500553 0.539408 0.578800 0.618422 0.657939 0.696998 0.735228 0.772249 0.807677 0.841129 0.872232 0.900630 0.925988 0.948002 0.966402 0.980960 0.991493 0.997866 1.000000 0.997866 0.991493 0.980960 0.966402 0.948002 0.925988 0.900630 0.872232 0.841129 0.807677 0.772249 0.735228 0.696998 0.657939 0.618422 0.578800 0.539408 0.500553 0.462517 0.425550 0.389869 0.355656 0.323063 0.292206 0.263170 0.236008 0.210748 0.187389 0.165909 0.146265 0.128397 0.112231 0.097683 0.084658 0.073057 0.062777 0.053714 0.045763 0.038823 0.032795 0.027585 0.023103 0.019267 0.016000 0.013230 0.010893 0.008931 0.007290 0.005926 0.004797 0.003866 0.003102 0.002479 0.001973 0.001563 0.001233 0.001000 0.001000 0.001000 0.001000 0.001000 0.001000 0.001000 0.001000 0.001000 0.001000 0.001000 0.001000 0.001000 0.001000 0.001000 0.001000 0.001000 0.001000 0.001000 0.001000 0.001000 0.001000 0.001000 0.001000 0.001000 0.001000 0.001000 0.001000 0.001000 0.001000 0.001000 0.001000 0.001000 0.001000 0.001000 0.001000 0.001000 0.001000 0.001000 0.001000 0.001233 0.001563 0.001973 0.002479 0.003102 0.003866 0.004797 0.005926 0.007290 0.008931 0.010893 0.013230 0.016000 0.019267 0.023103 0.027585 0.032795 0.038823 0.045763 0.053714 0.062777 0.073057 0.084658 0.097683 0.112231 0.128397 0.146265 0.165909 0.187389 0.210748 0.236008 0.263170 0.292206 0.323063 0.355656 0.389869 0.425550 0.462517 0.500553 0.539408 0.578800 0.618422 0.657939 0.696998 0.735228 0.772249 0.807677 0.841129 0.872232 0.900630 0.925988 0.948002 0.966402 0.980960 0.991493 0.997866 1.000000 0.997866 0.991493 0.980960 0.966402 0.948002 0.925988 0.900630 0.872232 0.841129 0.807677 0.772249 0.735228 0.696998 0.657939 0.618422 0.578800 0.539408 0.500553 0.462517 0.425550 0.389869 0.355656 0.323063 0.292206 0.263170 0.236008 0.210748 0.187389 0.165909 0.146265 0.128397 0.112231 0.097683 0.084658 0.073057 0.062777 0.053714 0.045763 0.038823 0.032795 0.027585 0.023103 0.019267 0.016000 0.013230 0.010893 0.008931 0.007290 0.005926 0.004797 0.003866
0.003866 0.004797 0.005926 0.007290 0.008931 0.010893 0.013230 0.016000 0.019267 0.023103 0.027585 0.032795 0.038823 0.045763 0.053714 0.062777 0.073057 0.084658 0.097683 0.112231 0.128397 0.146265 0.165909 0.187389 0.210748 0.236008 0.263170 0.292206 0.323063 0.355656 0.389869 0.425550 0.462517 0.500553 0.539408 0.578800 0.618422 0.657939 0.696998 0.735228 0.772249 0.807677 0.841129 0.872232 0.900630 0.925988 0.948002 0.966402 0.980960 0.991493 0.997866 1.000000 0.997866 0.991493 0.980960 0.966402 0.948002 0.925988 0.900630 0.872232 0.841129 0.807677 0.772249 0.735228 0.696998 0.657939 0.618422 0.578800 0.539408 0.500553 0.462517 0.425550 0.389869 0.355656 0.323063 0.292206 0.263170 0.236008 0.210748 0.187389 0.165909 0.146265 0.128397 0.112231 0.097683 0.084658 0.073057 0.062777 0.053714 0.045763 0.038823 0.032795 0.027585 0.023103 0.019267 0.016000 0.013230 0.010893 0.008931 0.007290 0.005926 0.004797 0.003866 0.003102 0.002479 0.001973 0.001563 0.001233 0.001000 0.001000 0.001000 0.001000 0.001000 0.001000 0.001000 0.001000 0.001000 0.001000 0.001000 0.001000 0.001000 0.001000 0.001000 0.001000 0.001000 0.001000 0.001000 0.001000 0.001000 0.001000 0.001000 0.001000 0.001000 0.001000 0.001000 0.001000 0.001000 0.001000 0.001000 0.001000 0.001000 0.001000 0.001000 0.001000 0.001000 0.001000 0.001000 0.001000 0.001233 0.001563 0.001973 0.002479 0.003102 0.003866 0.004797 0.005926 0.007290 0.008931 0.010893 0.013230 0.016000 0.019267 0.023103 0.027585 0.032795 0.038823 0.045763 0.053714 0.062777 0.073057 0.084658 0.097683 0.112231 0.128397 0.146265 0.165909 0.187389 0.210748 0.236008 0.263170 0.292206 0.323063 0.355656 0.389869 0.425550 0.462517 0.500553 0.539408 0.578800 0.618422 0.657939 0.696998 0.735228 0.772249 0.807677 0.841129 0.872232 0.900630 0.925988 0.948002 0.966402 0.980960 0.991493 0.997866 1.000000 0.997866 0.991493 0.980960 0.966402 0.948002 0.925988 0.900630 0.872232 0.841129 0.807677 0.772249 0.735228 0.696998 0.657939 0.618422 0.578800 0.539408 0.500553 0.462517 0.425550 0.389869 0.355656 0.323063 0.292206 0.263170 0.236008 0.210748 0.187389 0.165909 0.146265 0.128397 0.112231 0.097683 0.084658 0.073057 0.062777 0.053714 0.045763 0.038823 0.032795 0.027585 0.023103 0.019267 0.016000 0.013230 0.010893 0.008931 0.007290 0.005926 0.004797 0.003866
0.003866 0.004797 0.005926 0.007290 0.008931 0.010893 0.013230 0.016000 0.019267 0.023103 0.027585 0.032795 0.038823 0.045763 0.053714 0.062777 0.073057 0.084658 0.097683 0.112231 0.128397 0.146265 0.165909 0.187389 0.210748 0.236008 0.263170 0.292206 0.323063 0.355656 0.389869 0.425550 0.462517 0.500553 0.539408 0.578800 0.618422 0.657939 0.696998 0.735228 0.772249 0.807677 0.841129 0.872232 0.900630 0.925988 0.948002 0.966402 0.980960 0.991493 0.997866 1.000000 0.997866 0.991493 0.980960 0.966402 0.948002 0.925988 0.900630 0.872232 0.841129 0.807677 0.772249 0.735228 0.696998 0.657939 0.618422 0.578800 0.539408 0.500553 0.462517 0.425550 0.389869 0.355656 0.323063 0.292206 0.263170 0.236008 0.210748 0.187389 0.165909 0.146265 0.128397 0.112231 0.097683 0.084658 0.073057 0.062777 0.053714 0.045763 0.038823 0.032795 0.027585 0.023103 0.019267 0.016000 0.013230 0.010893 0.008931 0.007290 0.005926 0.004797 0.003866 0.003102 0.002479 0.001973 0.001563 0.001233 0.001000 0.001000 0.001000 0.001000 0.001000 0.001000 0.001000 0.001000 0.001000 0.001000 0.001000 0.001000 0.001000 0.001000 0.001000 0.001000 0.001000 0.001000 0.001000 0.001000 0.001000 0.001000 0.001000 0.001000 0.001000 0.001000 0.001000 0.001000 0.001000 0.001000 0.001000 0.001000 0.001000 0.001000 0.001000 0.001000 0.001000 0.001000 0.001000 0.001000 0.001233 0.001563 0.001973 0.002479 0.003102 0.003866 0.004797 0.005926 0.007290 0.008931 0.010893 0.013230 0.016000 0.019267 0.023103 0.027585 0.032795 0.038823 0.045763 0.053714 0.062777 0.073057 0.084658 0.097683 0.112231 0.128397 0.146265 0.165909 0.187389 0.210748 0.236008 0.263170 0.292206 0.323063 0.355656 0.389869 0.425550 0.462517 0.500553 0.539408 0.578800 0.618422 0.657939 0.696998 0.735228 0.772249 0.807677 0.841129 0.872232 0.900630 0.925988 0.948002 0.966402 0.980960 0.991493 0.997866 1.000000 0.997866 0.991493 0.980960 0.966402 0.948002 0.925988 0.900630 0.872232 0.841129 0.807677 0.772249 0.735228 0.696998 0.657939 0.618422 0.578800 0.539408 0.500553 0.462517 0.425550 0.389869 0.355656 0.323063 0.292206 0.263170 0.236008 0.210748 0.187389 0.165909 0.146265 0.128397 0.112231 0.097683 0.084658 0.073057 0.062777 0.053714 0.045763 0.038823 0.032795 0.027585 0.023103 0.019267 0.016000 0.013230 0.010893 0.008931 0.007290 0.005926 0.004797 0.003866
0.003866 0.004797 0.005926 0.007290 0.008931 0.010893 0.013230 0.016000 0.019267 0.023103 0.027585 0.032795 0.038823 0.045763 0.053714 0.062777 0.073057 0.084658 0.097683 0.112231 0.128397 0.146265 0.165909 0.187389 0.210748 0.236008 0.263170 0.292206 0.323063 0.355656 0.389869 0.425550 0.462517 0.500553 0.539408 0.578800 0.618422 0.657939 0.696998 0.735228 0.772249 0.807677 0.841129 0.872232 0.900630 0.925988 0.948002 0.966402 0.980960 0.991493 0.997866 1.000000 0.997866 0.991493 0.980960 0.966402 0.948002 0.925988 0.900630 0.872232 0.841129 0.807677 0.772249 0.735228 0.696998 0.657939 0.618422 0.578800 0.539408 0.500553 0.462517 0.425550 0.389869 0.355656 0.323063 0.292206 0.263170 0.236008 0.210748 0.187389 0.165909 0.146265 0.128397 0.112231 0.097683 0.084658 0.073057 0.062777 0.053714 0.045763 0.038823 0.032795 0.027585 0.023103 0.019267 0.016000 0.013230 0.010893 0.008931 0.007290 0.005926 0.004797 0.003866 0.003102 0.002479 0.001973 0.001563 0.001233 0.001000 0.001000 0.001000 0.001000 0.001000 0.001000 0.001000 0.001000 0.001000 0.001000 0.001000 0.001000 0.001000 0.001000 0.001000 0.001000 0.001000 0.001000 0.001000 0.001000 0.001000 0.001000 0.001000 0.001000 0.001000 0.001000 0.001000 0.001000 0.001000 0.001000 0.001000 0.001000 0.001000 0.001000 0.001000 0.001000 0.001000 0.001000 0.001000 0.001000 0.001233 0.001563 0.001973 0.002479 0.003102 0.003866 0.004797 0.005926 0.007290 0.008931 0.010893 0.013230 0.016000 0.019267 0.023103 0.027585 0.032795 0.038823 0.045763 0.053714 0.062777 0.073057 0.084658 0.097683 0.112231 0.128397 0.146265 0.165909 0.187389 0.210748 0.236008 0.263170 0.292206 0.323063 0.355656 0.389869 0.425550 0.462517 0.500553 0.539408 0.578800 0.618422 0.657939 0.696998 0.735228 0.772249 0.807677 0.841129 0.872232 0.900630 0.925988 0.948002 0.966402 0.980960 0.991493 0.997866 1.000000 0.997866 0.991493 0.980960 0.966402 0.948002 0.925988 0.900630 0.872232 0.841129 0.807677 0.772249 0.735228 0.696998 0.657939 0.618422 0.578800 0.539408 0.500553 0.462517 0.425550 0.389869 0.355656 0.323063 0.292206 0.263170 0.236008 0.210748 0.187389 0.165909 0.146265 0.128397 0.112231 0.097683 0.084658 0.073057 0.062777 0.053714 0.045763 0.038823 0.032795 0.027585 0.023103 0.019267 0.016000 0.013230 0.010893 0.008931 0.007290 0.005926 0.004797 0.003866
0.003866 0.004797 0.005926 0.007290 0.008931 0.010893 0.013230 0.016000 0.019267 0.023103 0.027585 0.032795 0.038823 0.045763 0.053714 0.062777 0.073057 0.084658 0.097683 0.112231 0.128397 0.146265 0.165909 0.187389 0.210748 0.236008 0.263170 0.292206 0.323063 0.355656 0.389869 0.425550 0.462517 0.500553 0.539408 0.578800 0.618422 0.657939 0.696998 0.735228 0.772249 0.807677 0.841129 0.872232 0.900630 0.925988 0.948002 0.966402 0.980960 0.991493 0.997866 1.000000 0.997866 0.991493 0.980960 0.966402 0.948002 0.925988 0.900630 0.872232 0.841129 0.807677 0.772249 0.735228 0.696998 0.657939 0.618422 0.578800 0.539408 0.500553 0.462517 0.425550 0.389869 0.355656 0.323063 0.292206 0.263170 0.236008 0.210748 0.187389 0.165909 0.146265 0.128397 0.112231 0.097683 0.084658 0.073057 0.062777 0.053714 0.045763 0.038823 0.032795 0.027585 0.023103 0.019267 0.016000 0.013230 0.010893 0.008931 0.007290 0.005926 0.004797 0.003866 0.003102 0.002479 0.001973 0.001563 0.001233 0.001000 0.001000 0.001000 0.001000 0.001000 0.001000 0.001000 0.001000 0.001000 0.001000 0.001000 0.001000 0.001000 0.001000 0.001000 0.001000 0.001000 0.001000 0.001000 0.001000 0.001000 0.001000 0.001000 0.001000 0.001000 0.001000 0.001000 0.001000 0.001000 0.001000 0.001000 0.001000 0.001000 0.001000 0.001000 0.001000 0.001000 0.001000 0.001000 0.001000 0.001233 0.001563 0.001973 0.002479 0.003102 0.003866 0.004797 0.005926 0.007290 0.008931 0.010893 0.013230 0.016000 0.019267 0.023103 0.027585 0.032795 0.038823 0.045763 0.053714 0.062777 0.073057 0.084658 0.097683 0.112231 0.128397 0.146265 0.165909 0.187389 0.210748 0.236008 0.263170 0.292206 0.323063 0.355656 0.389869 0.425550 0.462517 0.500553 0.539408 0.578800 0.618422 0.657939 0.696998 0.735228 0.772249 0.807677 0.841129 0.872232 0.900630 0.925988 0.948002 0.966402 0.980960 0.991493 0.997866 1.000000 0.997866 0.991493 0.980960 0.966402 0.948002 0.925988 0.900630 0.872232 0.841129 0.807677 0.772249 0.735228 0.696998 0.657939 0.618422 0.578800 0.539408 0.500553 0.462517 0.425550 0.389869 0.355656 0.323063 0.292206 0.263170 0.236008 0.210748 0.187389 0.165909 0.146265 0.128397 0.112231 0.097683 0.084658 0.073057 0.062777 0.053714 0.045763 0.038823 0.032795 0.027585 0.023103 0.019267 0.016000 0.013230 0.010893 0.008931 0.007290 0.005926 0.004797 0.003866
0.003866 0.004797 0.005926 0.007290 0.008931 0.010893 0.013230 0.016000 0.019267 0.023103 0.027585 0.032795 0.038823 0.045763 0.053714 0.062777 0.073057 0.084658 0.097683 0.112231 0.128397 0.146265 0.165909 0.187389 0.210748 0.236008 0.263170 0.292206 0.323063 0.355656 0.389869 0.425550 0.462517 0.500553 0.539408 0.578800 0.618422 0.657939 0.696998 0.735228 0.772249 0.807677 0.841129 0.872232 0.900630 0.925988 0.948002 0.966402 0.980960 0.991493 0.997866 1.000000 0.997866 0.991493 0.980960 0.966402 0.948002 0.925988 0.900630 0.872232 0.841129 0.807677 0.772249 0.735228 0.696998 0.657939 0.618422 0.578800 0.539408 0.500553 0.462517 0.425550 0.389869 0.355656 0.323063 0.292206 0.263170 0.236008 0.210748 0.187389 0.165909 0.146265 0.128397 0.112231 0.097683 0.084658 0.073057 0.062777 0.053714 0.045763 0.038823 0.032795 0.027585 0.023103 0.019267 0.016000 0.013230 0.010893 0.008931 0.007290 0.005926 0.004797 0.003866 0.003102 0.002479 0.001973 0.001563 0.001233 0.001000 0.001000 0.001000 0.001000 0.001000 0.001000 0.001000 0.001000 0.001000 0.001000 0.001000 0.001000 0.001000 0.001000 0.001000 0.001000 0.001000 0.001000 0.001000 0.001000 0.001000 0.001000 0.001000 0.001000 0.001000 0.001000 0.001000 0.001000 0.001000 0.001000 0.001000 0.001000 0.001000 0.001000 0.001000 0.001000 0.001000 0.001000 0.001000 0.001000 0.001233 0.001563 0.001973 0.002479 0.003102 0.003866 0.004797 0.005926 0.007290 0.008931 0.010893 0.013230 0.016000 0.019267 0.023103 0.027585 0.032795 0.038823 0.045763 0.053714 0.062777 0.073057 0.084658 0.097683 0.112231 0.128397 0.146265 0.165909 0.187389 0.210748 0.236008 0.263170 0.292206 0.323063 0.355656 0.389869 0.425550 0.462517 0.500553 0.539408 0.578800 0.618422 0.657939 0.696998 0.735228 0.772249 0.807677 0.841129 0.872232 0.900630 0.925988 0.948002 0.966402 0.980960 0.991493 0.997866 1.000000 0.997866 0.991493 0.980960 0.966402 0.948002 0.925988 0.900630 0.872232 0.841129 0.807677 0.772249 0.735228 0.696998 0.657939 0.618422 0.578800 0.539408 0.500553 0.462517 0.425550 0.389869 0.355656 0.323063 0.292206 0.263170 0.236008 0.210748 0.187389 0.165909 0.146265 0.128397 0.112231 0.097683 0.084658 0.073057 0.062777 0.053714 0.045763 0.038823 0.032795 0.027585 0.023103 0.019267 0.016000 0.013230 0.010893 0.008931 0.007290 0.005926 0.004797 0.003866
0.003866 0.004797 0.005926 0.007290 0.008931 0.010893 0.013230 0.016000 0.019267 0.023103 0.027585 0.032795 0.038823 0.045763 0.053714 0.062777 0.073057 0.084658 0.097683 0.112231 0.128397 0.146265 0.165909 0.187389 0.210748 0.236008 0.263170 0.292206 0.323063 0.355656 0.389869 0.425550 0.462517 0.500553 0.539408 0.578800 0.618422 0.657939 0.696998 0.735228 0.772249 0.807677 0.841129 0.872232 0.900630 0.925988 0.948002 0.966402 0.980960 0.991493 0.997866 1.000000 0.997866 0.991493 0.980960 0.966402 0.948002 0.925988 0.900630 0.872232 0.841129 0.807677 0.772249 0.735228 0.696998 0.657939 0.618422 0.578800 0.539408 0.500553 0.462517 0.425550 0.389869 0.355656 0.323063 0.292206 0.263170 0.236008 0.210748 0.187389 0.165909 0.146265 0.128397 0.112231 0.097683 0.084658 0.073057 0.062777 0.053714 0.045763 0.038823 0.032795 0.027585 0.023103 0.019267 0.016000 0.013230 0.010893 0.008931 0.007290 0.005926 0.004797 0.003866 0.003102 0.002479 0.001973 0.001563 0.001233 0.001000 0.001000 0.001000 0.001000 0.001000 0.001000 0.001000 0.001000 0.001000 0.001000 0.001000 0.001000 0.001000 0.001000 0.001000 0.001000 0.001000 0.001000 0.001000 0.001000 0.001000 0.001000 0.001000 0.001000 0.001000 0.001000 0.001000 0.001000 0.001000 0.001000 0.001000 0.001000 0.001000 0.001000 0.001000 0.001000 0.001000 0.001000 0.001000 0.001000 0.001233 0.001563 0.001973 0.002479 0.003102 0.003866 0.004797 0.005926 0.007290 0.008931 0.010893 0.013230 0.016000 0.019267 0.023103 0.027585 0.032795 0.038823 0.045763 0.053714 0.062777 0.073057 0.084658 0.097683 0.112231 0.128397 0.146265 0.165909 0.187389 0.210748 0.236008 0.263170 0.292206 0.323063 0.355656 0.389869 0.425550 0.462517 0.500553 0.539408 0.578800 0.618422 0.657939 0.696998 0.735228 0.772249 0.807677 0.841129 0.872232 0.900630 0.925988 0.948002 0.966402 0.980960 0.991493 0.997866 1.000000 0.997866 0.991493 0.980960 0.966402 0.948002 0.925988 0.900630 0.872232 0.841129 0.807677 0.772249 0.735228 0.696998 0.657939 0.618422 0.578800 0.539408 0.500553 0.462517 0.425550 0.389869 0.355656 0.323063 0.292206 0.263170 0.236008 0.210748 0.187389 0.165909 0.146265 0.128397 0.112231 0.097683 0.084658 0.073057 0.062777 0.053714 0.045763 0.038823 0.032795 0.027585 0.023103 0.019267 0.016000 0.013230 0.010893 0.008931 0.007290 0.005926 0.004797 0.003866
0.003866 0.004797 0.005926 0.007290 0.008931 0.010893 0.013230 0.016000 0.019267 0.023103 0.027585 0.032795 0.038823 0.045763 0.053714 0.062777 0.073057 0.084658 0.097683 0.112231 0.128397 0.146265 0.165909 0.187389 0.210748 0.236008 0.263170 0.292206 0.323063 0.355656 0.389869 0.425550 0.462517 0.500553 0.539408 0.578800 0.618422 0.657939 0.696998 0.735228 0.772249 0.807677 0.841129 0.872232 0.900630 0.925988 0.948002 0.966402 0.980960 0.991493 0.997866 1.000000 0.997866 0.991493 0.980960 0.966402 0.948002 0.925988 0.900630 0.872232 0.841129 0.807677 0.772249 0.735228 0.696998 0.657939 0.618422 0.578800 0.539408 0.500553 0.462517 0.425550 0.389869 0.355656 0.323063 0.292206 0.263170 0.236008 0.210748 0.187389 0.165909 0.146265 0.128397 0.112231 0.097683 0.084658 0.073057 0.062777 0.053714 0.045763 0.038823 0.032795 0.027585 0.023103 0.019267 0.016000 0.013230 0.010893 0.008931 0.007290 0.005926 0.004797 0.003866 0.003102 0.002479 0.001973 0.001563 0.001233 0.001000 0.001000 0.001000 0.001000 0.001000 0.001000 0.001000 0.001000 0.001000 0.001000 0.001000 0.001000 0.001000 0.001000 0.001000 0.001000 0.001000 0.001000 0.001000 0.001000 0.001000 0.001000 0.001000 0.001000 0.001000 0.001000 0.001000 0.001000 0.001000 0.001000 0.001000 0.001000 0.001000 0.001000 0.001000 0.001000 0.001000 0.001000 0.001000 0.001000 0.001233 0.001563 0.001973 0.002479 0.003102 0.003866 0.004797 0.005926 0.007290 0.008931 0.010893 0.013230 0.016000 0.019267 0.023103 0.027585 0.032795 0.038823 0.045763 0.053714 0.062777 0.073057 0.084658 0.097683 0.112231 0.128397 0.146265 0.165909 0.187389 0.210748 0.236008 0.263170 0.292206 0.323063 0.355656 0.389869 0.425550 0.462517 0.500553 0.539408 0.578800 0.618422 0.657939 0.696998 0.735228 0.772249 0.807677 0.841129 0.872232 0.900630 0.925988 0.948002 0.966402 0.980960 0.991493 0.997866 1.000000 0.997866 0.991493 0.980960 0.966402 0.948002 0.925988 0.900630 0.872232 0.841129 0.807677 0.772249 0.735228 0.696998 0.657939 0.618422 0.578800 0.539408 0.500553 0.462517 0.425550 0.389869 0.355656 0.323063 0.292206 0.263170 0.236008 0.210748 0.187389 0.165909 0.146265 0.128397 0.112231 0.097683 0.084658 0.073057 0.062777 0.053714 0.045763 0.038823 0.032795 0.027585 0.023103 0.019267 0.016000 0.013230 0.010893 0.008931 0.007290 0.005926 0.004797 0.003866
0.003866 0.004797 0.005926 0.007290 0.008931 0.010893 0.013230 0.016000 0.019267 0.023103 0.027585 0.032795 0.038823 0.045763 0.053714 0.062777 0.073057 0.084658 0.097683 0.112231 0.128397 0.146265 0.165909 0.187389 0.210748 0.236008 0.263170 0.292206 0.323063 0.355656 0.389869 0.425550 0.462517 0.500553 0.539408 0.578800 0.618422 0.657939 0.696998 0.735228 0.772249 0.807677 0.841129 0.872232 0.900630 0.925988 0.948002 0.966402 0.980960 0.991493 0.997866 1.000000 0.997866 0.991493 0.980960 0.966402 0.948002 0.925988 0.900630 0.872232 0.841129 0.807677 0.772249 0.735228 0.696998 0.657939 0.618422 0.578800 0.539408 0.500553 0.462517 0.425550 0.389869 0.355656 0.323063 0.292206 0.263170 0.236008 0.210748 0.187389 0.165909 0.146265 0.128397 0.112231 0.097683 0.084658 0.073057 0.062777 0.053714 0.045763 0.038823 0.032795 0.027585 0.023103 0.019267 0.016000 0.013230 0.010893 0.008931 0.007290 0.005926 0.004797 0.003866 0.003102 0.002479 0.001973 0.001563 0.001233 0.001000 0.001000 0.001000 0.001000 0.001000 0.001000 0.001000 0.001000 0.001000 0.001000 0.001000 0.001000 0.001000 0.001000 0.001000 0.001000 0.001000 0.001000 0.001000 0.001000 0.001000 0.001000 0.001000 0.001000 0.001000 0.001000 0.001000 0.001000 0.001000 0.001000 0.001000 0.001000 0.001000 0.001000 0.001000 0.001000 0.001000 0.001000 0.001000 0.001000 0.001233 0.001563 0.001973 0.002479 0.003102 0.003866 0.004797 0.005926 0.007290 0.008931 0.010893 0.013230 0.016000 0.019267 0.023103 0.027585 0.032795 0.038823 0.045763 0.053714 0.062777 0.073057 0.084658 0.097683 0.112231 0.128397 0.146265 0.165909 0.187389 0.210748 0.236008 0.263170 0.292206 0.323063 0.355656 0.389869 0.425550 0.462517 0.500553 0.539408 0.578800 0.618422 0.657939 0.696998 0.735228 0.772249 0.807677 0.841129 0.872232 0.900630 0.925988 0.948002 0.966402 0.980960 0.991493 0.997866 1.000000 0.997866 0.991493 0.980960 0.966402 0.948002 0.925988 0.900630 0.872232 0.841129 0.807677 0.772249 0.735228 0.696998 0.657939 0.618422 0.578800 0.539408 0.500553 0.462517 0.425550 0.389869 0.355656 0.323063 0.292206 0.263170 0.236008 0.210748 0.187389 0.165909 0.146265 0.128397 0.112231 0.097683 0.084658 0.073057 0.062777 0.053714 0.045763 0.038823 0.032795 0.027585 0.023103 0.019267 0.016000 0.013230 0.010893 0.008931 0.007290 0.005926 0.004797 0.003866
0.003866 0.004797 0.005926 0.007290 0.008931 0.010893 0.013230 0.016000 0.019267 0.023103 0.027585 0.032795 0.038823 0.045763 0.053714 0.062777 0.073057 0.084658 0.097683 0.112231 0.128397 0.146265 0.165909 0.187389 0.210748 0.236008 0.263170 0.292206 0.323063 0.355656 0.389869 0.425550 0.462517 0.500553 0.539408 0.578800 0.618422 0.657939 0.696998 0.735228 0.772249 0.807677 0.841129 0.872232 0.900630 0.925988 0.948002 0.966402 0.980960 0.991493 0.997866 1.000000 0.997866 0.991493 0.980960 0.966402 0.948002 0.925988 0.900630 0.872232 0.841129 0.807677 0.772249 0.735228 0.696998 0.657939 0.618422 0.578800 0.539408 0.500553 0.462517 0.425550 0.389869 0.355656 0.323063 0.292206 0.263170 0.236008 0.210748 0.187389 0.165909 0.146265 0.128397 0.112231 0.097683 0.084658 0.073057 0.062777 0.053714 0.045763 0.038823 0.032795 0.027585 0.023103 0.019267 0.016000 0.013230 0.010893 0.008931 0.007290 0.005926 0.004797 0.003866 0.003102 0.002479 0.001973 0.001563 0.001233 0.001000 0.001000 0.001000 0.001000 0.001000 0.001000 0.001000 0.001000 0.001000 0.001000 0.001000 0.001000 0.001000 0.001000 0.001000 0.001000 0.001000 0.001000 0.001000 0.001000 0.001000 0.001000 0.001000 0.001000 0.001000 0.001000 0.001000 0.001000 0.001000 0.001000 0.001000 0.001000 0.001000 0.001000 0.001000 0.001000 0.001000 0.001000 0.001000 0.001000 0.001233 0.001563 0.001973 0.002479 0.003102 0.003866 0.004797 0.005926 0.007290 0.008931 0.010893 0.013230 0.016000 0.019267 0.023103 0.027585 0.032795 0.038823 0.045763 0.053714 0.062777 0.073057 0.084658 0.097683 0.112231 0.128397 0.146265 0.165909 0.187389 0.210748 0.236008 0.263170 0.292206 0.323063 0.355656 0.389869 0.425550 0.462517 0.500553 0.539408 0.578800 0.618422 0.657939 0.696998 0.735228 0.772249 0.807677 0.841129 0.872232 0.900630 0.925988 0.948002 0.966402 0.980960 0.991493 0.997866 1.000000 0.997866 0.991493 0.980960 0.966402 0.948002 0.925988 0.900630 0.872232 0.841129 0.807677 0.772249 0.735228 0.696998 0.657939 0.618422 0.578800 0.539408 0.500553 0.462517 0.425550 0.389869 0.355656 0.323063 0.292206 0.263170 0.236008 0.210748 0.187389 0.165909 0.146265 0.128397 0.112231 0.097683 0.084658 0.073057 0.062777 0.053714 0.045763 0.038823 0.032795 0.027585 0.023103 0.019267 0.016000 0.013230 0.010893 0.008931 0.007290 0.005926 0.004797 0.003866
0.003866 0.004797 0.005926 0.007290 0.008931 0.010893 0.013230 0.016000 0.019267 0.023103 0.027585 0.032795 0.038823 0.045763 0.053714 0.062777 0.073057 0.084658 0.097683 0.112231 0.128397 0.146265 0.165909 0.187389 0.210748 0.236008 0.263170 0.292206 0.323063 0.355656 0.389869 0.425550 0.462517 0.500553 0.539408 0.578800 0.618422 0.657939 0.696998 0.735228 0.772249 0.807677 0.841129 0.872232 0.900630 0.925988 0.948002 0.966402 0.980960 0.991493 0.997866 1.000000 0.997866 0.991493 0.980960 0.966402 0.948002 0.925988 0.900630 0.872232 0.841129 0.807677 0.772249 0.735228 0.696998 0.657939 0.618422 0.578800 0.539408 0.500553 0.462517 0.425550 0.389869 0.355656 0.323063 0.292206 0.263170 0.236008 0.210748 0.187389 0.165909 0.146265 0.128397 0.112231 0.097683 0.084658 0.073057 0.062777 0.053714 0.045763 0.038823 0.032795 0.027585 0.023103 0.019267 0.016000 0.013230 0.010893 0.008931 0.007290 0.005926 0.004797 0.003866 0.003102 0.002479 0.001973 0.001563 0.001233 0.001000 0.001000 0.001000 0.001000 0.001000 0.001000 0.001000 0.001000 0.001000 0.001000 0.001000 0.001000 0.001000 0.001000 0.001000 0.001000 0.001000 0.001000 0.001000 0.001000 0.001000 0.001000 0.001000 0.001000 0.001000 0.001000 0.001000 0.001000 0.001000 0.001000 0.001000 0.001000 0.001000 0.001000 0.001000 0.001000 0.001000 0.001000 0.001000 0.001000 0.001233 0.001563 0.001973 0.002479 0.003102 0.003866 0.004797 0.005926 0.007290 0.008931 0.010893 0.013230 0.016000 0.019267 0.023103 0.027585 0.032795 0.038823 0.045763 0.053714 0.062777 0.073057 0.084658 0.097683 0.112231 0.128397 0.146265 0.165909 0.187389 0.210748 0.236008 0.263170 0.292206 0.323063 0.355656 0.389869 0.425550 0.462517 0.500553 0.539408 0.578800 0.618422 0.657939 0.696998 0.735228 0.772249 0.807677 0.841129 0.872232 0.900630 0.925988 0.948002 0.966402 0.980960 0.991493 0.997866 1.000000 0.997866 0.991493 0.980960 0.966402 0.948002 0.925988 0.900630 0.872232 0.841129 0.807677 0.772249 0.735228 0.696998 0.657939 0.618422 0.578800 0.539408 0.500553 0.462517 0.425550 0.389869 0.355656 0.323063 0.292206 0.263170 0.236008 0.210748 0.187389 0.165909 0.146265 0.128397 0.112231 0.097683 0.084658 0.073057 0.062777 0.053714 0.045763 0.038823 0.032795 0.027585 0.023103 0.019267 0.016000 0.013230 0.010893 0.008931 0.007290 0.005926 0.004797 0.003866
0.003866 0.004797 0.005926 0.007290 0.008931 0.010893 0.013230 0.016000 0.019267 0.023103 0.027585 0.032795 0.038823 0.045763 0.053714 0.062777 0.073057 0.084658 0.097683 0.112231 0.128397 0.146265 0.165909 0.187389 0.210748 0.236008 0.263170 0.292206 0.323063 0.355656 0.389869 0.425550 0.462517 0.500553 0.539408 0.578800 0.618422 0.657939 0.696998 0.735228 0.772249 0.807677 0.841129 0.872232 0.900630 0.925988 0.948002 0.966402 0.980960 0.991493 0.997866 1.000000 0.997866 0.991493 0.980960 0.966402 0.948002 0.925988 0.900630 0.872232 0.841129 0.807677 0.772249 0.735228 0.696998 0.657939 0.618422 0.578800 0.539408 0.500553 0.462517 0.425550 0.389869 0.355656 0.323063 0.292206 0.263170 0.236008 0.210748 0.187389 0.165909 0.146265 0.128397 0.112231 0.097683 0.084658 0.073057 0.062777 0.053714 0.045763 0.038823 0.032795 0.027585 0.023103 0.019267 0.016000 0.013230 0.010893 0.008931 0.007290 0.005926 0.004797 0.003866 0.003102 0.002479 0.001973 0.001563 0.001233 0.001000 0.001000 0.001000 0.001000 0.001000 0.001000 0.001000 0.001000 0.001000 0.001000 0.001000 0.001000 0.001000 0.001000 0.001000 0.001000 0.001000 0.001000 0.001000 0.001000 0.001000 0.001000 0.001000 0.001000 0.001000 0.001000 0.001000 0.001000 0.001000 0.001000 0.001000 0.001000 0.001000 0.001000 0.001000 0.001000 0.001000 0.001000 0.001000 0.001000 0.001233 0.001563 0.001973 0.002479 0.003102 0.003866 0.004797 0.005926 0.007290 0.008931 0.010893 0.013230 0.016000 0.019267 0.023103 0.027585 0.032795 0.038823 0.045763 0.053714 0.062777 0.073057 0.084658 0.097683 0.112231 0.128397 0.146265 0.165909 0.187389 0.210748 0.236008 0.263170 0.292206 0.323063 0.355656 0.389869 0.425550 0.462517 0.500553 0.539408 0.578800 0.618422 0.657939 0.696998 0.735228 0.772249 0.807677 0.841129 0.872232 0.900630 0.925988 0.948002 0.966402 0.980960 0.991493 0.997866 1.000000 0.997866 0.991493 0.980960 0.966402 0.948002 0.925988 0.900630 0.872232 0.841129 0.807677 0.772249 0.735228 0.696998 0.657939 0.618422 0.578800 0.539408 0.500553 0.462517 0.425550 0.389869 0.355656 0.323063 0.292206 0.263170 0.236008 0.210748 0.187389 0.165909 0.146265 0.128397 0.112231 0.097683 0.084658 0.073057 0.062777 0.053714 0.045763 0.038823 0.032795 0.027585 0.023103 0.019267 0.016000 0.013230 0.010893 0.008931 0.007290 0.005926 0.004797 0.003866
0.003866 0.004797 0.005926 0.007290 0.008931 0.010893 0.013230 0.016000 0.019267 0.023103 0.027585 0.032795 0.038823 0.045763 0.053714 0.062777 0.073057 0.084658 0.097683 0.112231 0.128397 0.146265 0.165909 0.187389 0.210748 0.236008 0.263170 0.292206 0.323063 0.355656 0.389869 0.425550 0.462517 0.500553 0.539408 0.578800 0.618422 0.657939 0.696998 0.735228 0.772249 0.807677 0.841129 0.872232 0.900630 0.925988 0.948002 0.966402 0.980960 0.991493 0.997866 1.000000 0.997866 0.991493 0.980960 0.966402 0.948002 0.925988 0.900630 0.872232 0.841129 0.807677 0.772249 0.735228 0.696998 0.657939 0.618422 0.578800 0.539408 0.500553 0.462517 0.425550 0.389869 0.355656 0.323063 0.292206 0.263170 0.236008 0.210748 0.187389 0.165909 0.146265 0.128397 0.112231 0.097683 0.084658 0.073057 0.062777 0.053714 0.045763 0.038823 0.032795 0.027585 0.023103 0.019267 0.016000 0.013230 0.010893 0.008931 0.007290 0.005926 0.004797 0.003866 0.003102 0.002479 0.001973 0.001563 0.001233 0.001000 0.001000 0.001000 0.001000 0.001000 0.001000 0.001000 0.001000 0.001000 0.001000 0.001000 0.001000 0.001000 0.001000 0.001000 0.001000 0.001000 0.001000 0.001000 0.001000 0.001000 0.001000 0.001000 0.001000 0.001000 0.001000 0.001000 0.001000 0.001000 0.001000 0.001000 0.001000 0.001000 0.001000 0.001000 0.001000 0.001000 0.001000 0.001000 0.001000 0.001233 0.001563 0.001973 0.002479 0.003102 0.003866 0.004797 0.005926 0.007290 0.008931 0.010893 0.013230 0.016000 0.019267 0.023103 0.027585 0.032795 0.038823 0.045763 0.053714 0.062777 0.073057 0.084658 0.097683 0.112231 0.128397 0.146265 0.165909 0.187389 0.210748 0.236008 0.263170 0.292206 0.323063 0.355656 0.389869 0.425550 0.462517 0.500553 0.539408 0.578800 0.618422 0.657939 0.696998 0.735228 0.772249 0.807677 0.841129 0.872232 0.900630 0.925988 0.948002 0.966402 0.980960 0.991493 0.997866 1.000000 0.997866 0.991493 0.980960 0.966402 0.948002 0.925988 0.900630 0.872232 0.841129 0.807677 0.772249 0.735228 0.696998 0.657939 0.618422 0.578800 0.539408 0.500553 0.462517 0.425550 0.389869 0.355656 0.323063 0.292206 0.263170 0.236008 0.210748 0.187389 0.165909 0.146265 0.128397 0.112231 0.097683 0.084658 0.073057 0.062777 0.053714 0.045763 0.038823 0.032795 0.027585 0.023103 0.019267 0.016000 0.013230 0.010893 0.008931 0.007290 0.005926 0.004797 0.003866
0.003866 0.004797 0.005926 0.007290 0.008931 0.010893 0.013230 0.016000 0.019267 0.023103 0.027585 0.032795 0.038823 0.045763 0.053714 0.062777 0.073057 0.084658 0.097683 0.112231 0.128397 0.146265 0.165909 0.187389 0.210748 0.236008 0.263170 0.292206 0.323063 0.355656 0.389869 0.425550 0.462517 0.500553 0.539408 0.578800 0.618422 0.657939 0.696998 0.735228 0.772249 0.807677 0.841129 0.872232 0.900630 0.925988 0.948002 0.966402 0.980960 0.991493 0.997866 1.000000 0.997866 0.991493 0.980960 0.966402 0.948002 0.925988 0.900630 0.872232 0.841129 0.807677 0.772249 0.735228 0.696998 0.657939 0.618422 0.578800 0.539408 0.500553 0.462517 0.425550 0.389869 0.355656 0.323063 0.292206 0.263170 0.236008 0.210748 0.187389 0.165909 0.146265 0.128397 0.112231 0.097683 0.084658 0.073057 0.062777 0.053714 0.045763 0.038823 0.032795 0.027585 0.023103 0.019267 0.016000 0.013230 0.010893 0.008931 0.007290 0.005926 0.004797 0.003866 0.003102 0.002479 0.001973 0.001563 0.001233 0.001000 0.001000 0.001000 0.001000 0.001000 0.001000 0.001000 0.001000 0.001000 0.001000 0.001000 0.001000 0.001000 0.001000 0.001000 0.001000 0.001000 0.001000 0.001000 0.001000 0.001000 0.001000 0.001000 0.001000 0.001000 0.001000 0.001000 0.001000 0.001000 0.001000 0.001000 0.001000 0.001000 0.001000 0.001000 0.001000 0.001000 0.001000 0.001000 0.001000 0.001233 0.001563 0.001973 0.002479 0.003102 0.003866 0.004797 0.005926 0.007290 0.008931 0.010893 0.013230 0.016000 0.019267 0.023103 0.027585 0.032795 0.038823 0.045763 0.053714 0.062777 0.073057 0.084658 0.097683 0.112231 0.128397 0.146265 0.165909 0.187389 0.210748 0.236008 0.263170 0.292206 0.323063 0.355656 0.389869 0.425550 0.462517 0.500553 0.539408 0.578800 0.618422 0.657939 0.696998 0.735228 0.772249 0.807677 0.841129 0.872232 0.900630 0.925988 0.948002 0.966402 0.980960 0.991493 0.997866 1.000000 0.997866 0.991493 0.980960 0.966402 0.948002 0.925988 0.900630 0.872232 0.841129 0.807677 0.772249 0.735228 0.696998 0.657939 0.618422 0.578800 0.539408 0.500553 0.462517 0.425550 0.389869 0.355656 0.323063 0.292206 0.263170 0.236008 0.210748 0.187389 0.165909 0.146265 0.128397 0.112231 0.097683 0.084658 0.073057 0.062777 0.053714 0.045763 0.038823 0.032795 0.027585 0.023103 0.019267 0.016000 0.013230 0.010893 0.008931 0.007290 0.005926 0.004797 0.003866
0.003866 0.004797 0.005926 0.007290 0.008931 0.010893 0.013230 0.016000 0.019267 0.023103 0.027585 0.032795 0.038823 0.045763 0.053714 0.062777 0.073057 0.084658 0.097683 0.112231 0.128397 0.146265 0.165909 0.187389 0.210748 0.236008 0.263170 0.292206 0.323063 0.355656 0.389869 0.425550 0.462517 0.500553 0.539408 0.578800 0.618422 0.657939 0.696998 0.735228 0.772249 0.807677 0.841129 0.872232 0.900630 0.925988 0.948002 0.966402 0.980960 0.991493 0.997866 1.000000 0.997866 0.991493 0.980960 0.966402 0.948002 0.925988 0.900630 0.872232 0.841129 0.807677 0.772249 0.735228 0.696998 0.657939 0.618422 0.578800 0.539408 0.500553 0.462517 0.425550 0.389869 0.355656 0.323063 0.292206 0.263170 0.236008 0.210748 0.187389 0.165909 0.146265 0.128397 0.112231 0.097683 0.084658 0.073057 0.062777 0.053714 0.045763 0.038823 0.032795 0.027585 0.023103 0.019267 0.016000 0.013230 0.010893 0.008931 0.007290 0.005926 0.004797 0.003866 0.003102 0.002479 0.001973 0.001563 0.001233 0.001000 0.001000 0.001000 0.001000 0.001000 0.001000 0.001000 0.001000 0.001000 0.001000 0.001000 0.001000 0.001000 0.001000 0.001000 0.001000 0.001000 0.001000 0.001000 0.001000 0.001000 0.001000 0.001000 0.001000 0.001000 0.001000 0.001000 0.001000 0.001000 0.001000 0.001000 0.001000 0.001000 0.001000 0.001000 0.001000 0.001000 0.001000 0.001000 0.001000 0.001233 0.001563 0.001973 0.002479 0.003102 0.003866 0.004797 0.005926 0.007290 0.008931 0.010893 0.013230 0.016000 0.019267 0.023103 0.027585 0.032795 0.038823 0.045763 0.053714 0.062777 0.073057 0.084658 0.097683 0.112231 0.128397 0.146265 0.165909 0.187389 0.210748 0.236008 0.263170 0.292206 0.323063 0.355656 0.389869 0.425550 0.462517 0.500553 0.539408 0.578800 0.618422 0.657939 0.696998 0.735228 0.772249 0.807677 0.841129 0.872232 0.900630 0.925988 0.948002 0.966402 0.980960 0.991493 0.997866 1.000000 0.997866 0.991493 0.980960 0.966402 0.948002 0.925988 0.900630 0.872232 0.841129 0.807677 0.772249 0.735228 0.696998 0.657939 0.618422 0.578800 0.539408 0.500553 0.462517 0.425550 0.389869 0.355656 0.323063 0.292206 0.263170 0.236008 0.210748 0.187389 0.165909 0.146265 0.128397 0.112231 0.097683 0.084658 0.073057 0.062777 0.053714 0.045763 0.038823 0.032795 0.027585 0.023103 0.019267 0.016000 0.013230 0.010893 0.008931 0.007290 0.005926 0.004797 0.003866
0.003866 0.004797 0.005926 0.007290 0.008931 0.010893 0.013230 0.016000 0.019267 0.023103 0.027585 0.032795 0.038823 0.045763 0.053714 0.062777 0.073057 0.084658 0.097683 0.112231 0.128397 0.146265 0.165909 0.187389 0.210748 0.236008 0.263170 0.292206 0.323063 0.355656 0.389869 0.425550 0.462517 0.500553 0.539408 0.578800 0.618422 0.657939 0.696998 0.735228 0.772249 0.807677 0.841129 0.872232 0.900630 0.925988 0.948002 0.966402 0.980960 0.991493 0.997866 1.000000 0.997866 0.991493 0.980960 0.966402 0.948002 0.925988 0.900630 0.872232 0.841129 0.807677 0.772249 0.735228 0.696998 0.657939 0.618422 0.578800 0.539408 0.500553 0.462517 0.425550 0.389869 0.355656 0.323063 0.292206 0.263170 0.236008 0.210748 0.187389 0.165909 0.146265 0.128397 0.112231 0.097683 0.084658 0.073057 0.062777 0.053714 0.045763 0.038823 0.032795 0.027585 0.023103 0.019267 0.016000 0.013230 0.010893 0.008931 0.007290 0.005926 0.004797 0.003866 0.003102 0.002479 0.001973 0.001563 0.001233 0.001000 0.001000 0.001000 0.001000 0.001000 0.001000 0.001000 0.001000 0.001000 0.001000 0.001000 0.001000 0.001000 0.001000 0.001000 0.001000 0.001000 0.001000 0.001000 0.001000 0.001000 0.001000 0.001000 0.001000 0.001000 0.001000 0.001000 0.001000 0.001000 0.001000 0.001000 0.001000 0.001000 0.001000 0.001000 0.001000 0.001000 0.001000 0.001000 0.001000 0.001233 0.001563 0.001973 0.002479 0.003102 0.003866 0.004797 0.005926 0.007290 0.008931 0.010893 0.013230 0.016000 0.019267 0.023103 0.027585 0.032795 0.038823 0.045763 0.053714 0.062777 0.073057 0.084658 0.097683 0.112231 0.128397 0.146265 0.165909 0.187389 0.210748 0.236008 0.263170 0.292206 0.323063 0.355656 0.389869 0.425550 0.462517 0.500553 0.539408 0.578800 0.618422 0.657939 0.696998 0.735228 0.772249 0.807677 0.841129 0.872232 0.900630 0.925988 0.948002 0.966402 0.980960 0.991493 0.997866 1.000000 0.997866 0.991493 0.980960 0.966402 0.948002 0.925988 0.900630 0.872232 0.841129 0.807677 0.772249 0.735228 0.696998 0.657939 0.618422 0.578800 0.539408 0.500553 0.462517 0.425550 0.389869 0.355656 0.323063 0.292206 0.263170 0.236008 0.210748 0.187389 0.165909 0.146265 0.128397 0.112231 0.097683 0.084658 0.073057 0.062777 0.053714 0.045763 0.038823 0.032795 0.027585 0.023103 0.019267 0.016000 0.013230 0.010893 0.008931 0.007290 0.005926 0.004797 0.003866
0.003865 0.004796 0.005925 0.007290 0.008929 0.010892 0.013228 0.015998 0.019265 0.023100 0.027581 0.032790 0.038818 0.045757 0.053706 0.062769 0.073047 0.084647 0.097670 0.112216 0.128380 0.146245 0.165887 0.187364 0.210720 0.235977 0.263134 0.292167 0.323020 0.355609 0.389817 0.425493 0.462456 0.500486 0.539336 0.578723 0.618339 0.657852 0.696905 0.735130 0.772146 0.807569 0.841017 0.872116 0.900510 0.925865 0.947876 0.966273 0.980829 0.991360 0.997733 0.999867 0.997733 0.991360 0.980829 0.966273 0.947876 0.925865 0.900510 0.872116 0.841017 0.807569 0.772146 0.735130 0.696905 0.657852 0.618339 0.578723 0.539336 0.500486 0.462456 0.425493 0.389817 0.355609 0.323020 0.292167 0.263134 0.235977 0.210720 0.187364 0.165887 0.146245 0.128380 0.112216 0.097670 0.084647 0.073047 0.062769 0.053706 0.045757 0.038818 0.032790 0.027581 0.023100 0.019265 0.015998 0.013228 0.010892 0.008929 0.007290 0.005925 0.004796 0.003865 0.003102 0.002479 0.001972 0.001563 0.001233 0.001000 0.001000 0.001000 0.001000 0.001000 0.001000 0.001000 0.001000 0.001000 0.001000 0.001000 0.001000 0.001000 0.001000 0.001000 0.001000 0.001000 0.001000 0.001000 0.001000 0.001000 0.001000 0.001000 0.001000 0.001000 0.001000 0.001000 0.001000 0.001000 0.001000 0.001000 0.001000 0.001000 0.001000 0.001000 0.001000 0.001000 0.001000 0.001000 0.001000 0.001233 0.001563 0.001972 0.002479 0.003102 0.003865 0.004796 0.005925 0.007290 0.008929 0.010892 0.013228 0.015998 0.019265 0.023100 0.027581 0.032790 0.038818 0.045757 0.053706 0.062769 0.073047 0.084647 0.097670 0.112216 0.128380 0.146245 0.165887 0.187364 0.210720 0.235977 0.263134 0.292167 0.323020 0.355609 0.389817 0.425493 0.462456 0.500486 0.539336 0.578723 0.618339 0.657852 0.696905 0.735130 0.772146 0.807569 0.841017 0.872116 0.900510 0.925865 0.947876 0.966273 0.980829 0.991360 0.997733 0.999867 0.997733 0.991360 0.980829 0.966273 0.947876 0.925865 0.900510 0.872116 0.841017 0.807569 0.772146 0.735130 0.696905 0.657852 0.618339 0.578723 0.539336 0.500486 0.462456 0.425493 0.389817 0.355609 0.323020 0.292167 0.263134 0.235977 0.210720 0.187364 0.165887 0.146245 0.128380 0.112216 0.097670 0.084647 0.073047 0.062769 0.053706 0.045757 0.038818 0.032790 0.027581 0.023100 0.019265 0.015998 0.013228 0.010892 0.008929 0.007290 0.005925 0.004796 0.003865
0.003853 0.004781 0.005906 0.007266 0.008901 0.010857 0.013186 0.015947 0.019203 0.023026 0.027493 0.032685 0.038693 0.045610 0.053535 0.062568 0.072814 0.084376 0.097357 0.111857 0.127969 0.145777 0.165356 0.186764 0.210046 0.235222 0.262293 0.291232 0.321987 0.354471 0.388570 0.424132 0.460976 0.498885 0.537610 0.576872 0.616361 0.655747 0.694676 0.732779 0.769676 0.804986 0.838326 0.869326 0.897629 0.922903 0.944844 0.963183 0.977692 0.988189 0.994542 0.996668 0.994542 0.988189 0.977692 0.963183 0.944844 0.922903 0.897629 0.869326 0.838326 0.804986 0.769676 0.732779 0.694676 0.655747 0.616361 0.576872 0.537610 0.498885 0.460976 0.424132 0.388570 0.354471 0.321987 0.291232 0.262293 0.235222 0.210046 0.186764 0.165356 0.145777 0.127969 0.111857 0.097357 0.084376 0.072814 0.062568 0.053535 0.045610 0.038693 0.032685 0.027493 0.023026 0.019203 0.015947 0.013186 0.010857 0.008901 0.007266 0.005906 0.004781 0.003853 0.003092 0.002471 0.001966 0.001558 0.001229 0.001000 0.001000 0.001000 0.001000 0.001000 0.001000 0.001000 0.001000 0.001000 0.001000 0.001000 0.001000 0.001000 0.001000 0.001000 0.001000 0.001000 0.001000 0.001000 0.001000 0.001000 0.001000 0.001000 0.001000 0.001000 0.001000 0.001000 0.001000 0.001000 0.001000 0.001000 0.001000 0.001000 0.001000 0.001000 0.001000 0.001000 0.001000 0.001000 0.001000 0.001229 0.001558 0.001966 0.002471 0.003092 0.003853 0.004781 0.005906 0.007266 0.008901 0.010857 0.013186 0.015947 0.019203 0.023026 0.027493 0.032685 0.038693 0.045610 0.053535 0.062568 0.072814 0.084376 0.097357 0.111857 0.127969 0.145777 0.165356 0.186764 0.210046 0.235222 0.262293 0.291232 0.321987 0.354471 0.388570 0.424132 0.460976 0.498885 0.537610 0.576872 0.616361 0.655747 0.694676 0.732779 0.769676 0.804986 0.838326 0.869326 0.897629 0.922903 0.944844 0.963183 0.977692 0.988189 0.994542 0.996668 0.994542 0.988189 0.977692 0.963183 0.944844 0.922903 0.897629 0.869326 0.838326 0.804986 0.769676 0.732779 0.694676 0.655747 0.616361 0.576872 0.537610 0.498885 0.460976 0.424132 0.388570 0.354471 0.321987 0.291232 0.262293 0.235222 0.210046 0.186764 0.165356 0.145777 0.127969 0.111857 0.097357 0.084376 0.072814 0.062568 0.053535 0.045610 0.038693 0.032685 0.027493 0.023026 0.019203 0.015947 0.013186 0.010857 0.008901 0.007266 0.005906 0.004781 0.003853
0.003824 0.004745 0.005862 0.007212 0.008835 0.010776 0.013088 0.015828 0.019060 0.022855 0.027288 0.032442 0.038405 0.045271 0.053136 0.062102 0.072271 0.083748 0.096632 0.111024 0.127016 0.144692 0.164124 0.185373 0.208481 0.233470 0.260339 0.289063 0.319589 0.351831 0.385676 0.420973 0.457543 0.495170 0.533606 0.572575 0.611771 0.650863 0.689502 0.727321 0.763944 0.798991 0.832083 0.862851 0.890944 0.916030 0.937807 0.956009 0.970410 0.980829 0.987134 0.989245 0.987134 0.980829 0.970410 0.956009 0.937807 0.916030 0.890944 0.862851 0.832083 0.798991 0.763944 0.727321 0.689502 0.650863 0.611771 0.572575 0.533606 0.495170 0.457543 0.420973 0.385676 0.351831 0.319589 0.289063 0.260339 0.233470 0.208481 0.185373 0.164124 0.144692 0.127016 0.111024 0.096632 0.083748 0.072271 0.062102 0.053136 0.045271 0.038405 0.032442 0.027288 0.022855 0.019060 0.015828 0.013088 0.010776 0.008835 0.007212 0.005862 0.004745 0.003824 0.003069 0.002453 0.001951 0.001546 0.001220 0.001000 0.001000 0.001000 0.001000 0.001000 0.001000 0.001000 0.001000 0.001000 0.001000 0.001000 0.001000 0.001000 0.001000 0.001000 0.001000 0.001000 0.001000 0.001000 0.001000 0.001000 0.001000 0.001000 0.001000 0.001000 0.001000 0.001000 0.001000 0.001000 0.001000 0.001000 0.001000 0.001000 0.001000 0.001000 0.001000 0.001000 0.001000 0.001000 0.001000 0.001220 0.001546 0.001951 0.002453 0.003069 0.003824 0.004745 0.005862 0.007212 0.008835 0.010776 0.013088 0.015828 0.019060 0.022855 0.027288 0.032442 0.038405 0.045271 0.053136 0.062102 0.072271 0.083748 0.096632 0.111024 0.127016 0.144692 0.164124 0.185373 0.208481 0.233470 0.260339 0.289063 0.319589 0.351831 0.385676 0.420973 0.457543 0.495170 0.533606 0.572575 0.611771 0.650863 0.689502 0.727321 0.763944 0.798991 0.832083 0.862851 0.890944 0.916030 0.937807 0.956009 0.970410 0.980829 0.987134 0.989245 0.987134 0.980829 0.970410 0.956009 0.937807 0.916030 0.890944 0.862851 0.832083 0.798991 0.763944 0.727321 0.689502 0.650863 0.611771 0.572575 0.533606 0.495170 0.457543 0.420973 0.385676 0.351831 0.319589 0.289063 0.260339 0.233470 0.208481 0.185373 0.164124 0.144692 0.127016 0.111024 0.096632 0.083748 0.072271 0.062102 0.053136 0.045271 0.038405 0.032442 0.027288 0.022855 0.019060 0.015828 0.013088 0.010776 0.008835 0.007212 0.005862 0.004745 0.003824
0.003780 0.004690 0.005794 0.007128 0.008731 0.010650 0.012935 0.015643 0.018838 0.022588 0.026969 0.032063 0.037957 0.044742 0.052515 0.061377 0.071427 0.082769 0.095504 0.109728 0.125533 0.143002 0.162208 0.183209 0.206046 0.230743 0.257299 0.285687 0.315856 0.347722 0.381171 0.416057 0.452200 0.489387 0.527374 0.565888 0.604626 0.643262 0.681450 0.718827 0.755022 0.789659 0.822365 0.852774 0.880539 0.905331 0.926854 0.944844 0.959077 0.969374 0.975606 0.977692 0.975606 0.969374 0.959077 0.944844 0.926854 0.905331 0.880539 0.852774 0.822365 0.789659 0.755022 0.718827 0.681450 0.643262 0.604626 0.565888 0.527374 0.489387 0.452200 0.416057 0.381171 0.347722 0.315856 0.285687 0.257299 0.230743 0.206046 0.183209 0.162208 0.143002 0.125533 0.109728 0.095504 0.082769 0.071427 0.061377 0.052515 0.044742 0.037957 0.032063 0.026969 0.022588 0.018838 0.015643 0.012935 0.010650 0.008731 0.007128 0.005794 0.004690 0.003780 0.003033 0.002424 0.001929 0.001528 0.001206 0.001000 0.001000 0.001000 0.001000 0.001000 0.001000 0.001000 0.001000 0.001000 0.001000 0.001000 0.001000 0.001000 0.001000 0.001000 0.001000 0.001000 0.001000 0.001000 0.001000 0.001000 0.001000 0.001000 0.001000 0.001000 0.001000 0.001000 0.001000 0.001000 0.001000 0.001000 0.001000 0.001000 0.001000 0.001000 0.001000 0.001000 0.001000 0.001000 0.001000 0.001206 0.001528 0.001929 0.002424 0.003033 0.003780 0.004690 0.005794 0.007128 0.008731 0.010650 0.012935 0.015643 0.018838 0.022588 0.026969 0.032063 0.037957 0.044742 0.052515 0.061377 0.071427 0.082769 0.095504 0.109728 0.125533 0.143002 0.162208 0.183209 0.206046 0.230743 0.257299 0.285687 0.315856 0.347722 0.381171 0.416057 0.452200 0.489387 0.527374 0.565888 0.604626 0.643262 0.681450 0.718827 0.755022 0.789659 0.822365 0.852774 0.880539 0.905331 0.926854 0.944844 0.959077 0.969374 0.975606 0.977692 0.975606 0.969374 0.959077 0.944844 0.926854 0.905331 0.880539 0.852774 0.822365 0.789659 0.755022 0.718827 0.681450 0.643262 0.604626 0.565888 0.527374 0.489387 0.452200 0.416057 0.381171 0.347722 0.315856 0.285687 0.257299 0.230743 0.206046 0.183209 0.162208 0.143002 0.125533 0.109728 0.095504 0.082769 0.071427 0.061377 0.052515 0.044742 0.037957 0.032063 0.026969 0.022588 0.018838 0.015643 0.012935 0.010650 0.008731 0.007128 0.005794 0.004690 0.003780
0.003720 0.004615 0.005702 0.007015 0.008593 0.010481 0.012729 0.015395 0.018538 0.022229 0.026541 0.031554 0.037353 0.044031 0.051681 0.060401 0.070292 0.081454 0.093986 0.107984 0.123538 0.140729 0.159630 0.180297 0.202772 0.227076 0.253210 0.281147 0.310837 0.342196 0.375114 0.409445 0.445013 0.481609 0.518993 0.556895 0.595017 0.633039 0.670620 0.707403 0.743023 0.777110 0.809296 0.839222 0.866545 0.890944 0.912125 0.929828 0.943835 0.953969 0.960102 0.962154 0.960102 0.953969 0.943835 0.929828 0.912125 0.890944 0.866545 0.839222 0.809296 0.777110 0.743023 0.707403 0.670620 0.633039 0.595017 0.556895 0.518993 0.481609 0.445013 0.409445 0.375114 0.342196 0.310837 0.281147 0.253210 0.227076 0.202772 0.180297 0.159630 0.140729 0.123538 0.107984 0.093986 0.081454 0.070292 0.060401 0.051681 0.044031 0.037353 0.031554 0.026541 0.022229 0.018538 0.015395 0.012729 0.010481 0.008593 0.007015 0.005702 0.004615 0.003720 0.002985 0.002385 0.001898 0.001504 0.001186 0.001000 0.001000 0.001000 0.001000 0.001000 0.001000 0.001000 0.001000 0.001000 0.001000 0.001000 0.001000 0.001000 0.001000 0.001000 0.001000 0.001000 0.001000 0.001000 0.001000 0.001000 0.001000 0.001000 0.001000 0.001000 0.001000 0.001000 0.001000 0.001000 0.001000 0.001000 0.001000 0.001000 0.001000 0.001000 0.001000 0.001000 0.001000 0.001000 0.001000 0.001186 0.001504 0.001898 0.002385 0.002985 0.003720 0.004615 0.005702 0.007015 0.008593 0.010481 0.012729 0.015395 0.018538 0.022229 0.026541 0.031554 0.037353 0.044031 0.051681 0.060401 0.070292 0.081454 0.093986 0.107984 0.123538 0.140729 0.159630 0.180297 0.202772 0.227076 0.253210 0.281147 0.310837 0.342196 0.375114 0.409445 0.445013 0.481609 0.518993 0.556895 0.595017 0.633039 0.670620 0.707403 0.743023 0.777110 0.809296 0.839222 0.866545 0.890944 0.912125 0.929828 0.943835 0.953969 0.960102 0.962154 0.960102 0.953969 0.943835 0.929828 0.912125 0.890944 0.866545 0.839222 0.809296 0.777110 0.743023 0.707403 0.670620 0.633039 0.595017 0.556895 0.518993 0.481609 0.445013 0.409445 0.375114 0.342196 0.310837 0.281147 0.253210 0.227076 0.202772 0.180297 0.159630 0.140729 0.123538 0.107984 0.093986 0.081454 0.070292 0.060401 0.051681 0.044031 0.037353 0.031554 0.026541 0.022229 0.018538 0.015395 0.012729 0.010481 0.008593 0.007015 0.005702 0.004615 0.003720
0.003645 0.004522 0.005587 0.006874 0.008420 0.010270 0.012474 0.015085 0.018166 0.021782 0.026007 0.030920 0.036603 0.043146 0.050643 0.059188 0.068880 0.079818 0.092098 0.105815 0.121056 0.137902 0.156423 0.176675 0.198699 0.222515 0.248124 0.275500 0.304593 0.335323 0.367579 0.401221 0.436074 0.471935 0.508568 0.545709 0.583065 0.620324 0.657149 0.693194 0.728098 0.761500 0.793040 0.822365 0.849139 0.873048 0.893803 0.911151 0.924877 0.934807 0.940816 0.942828 0.940816 0.934807 0.924877 0.911151 0.893803 0.873048 0.849139 0.822365 0.793040 0.761500 0.728098 0.693194 0.657149 0.620324 0.583065 0.545709 0.508568 0.471935 0.436074 0.401221 0.367579 0.335323 0.304593 0.275500 0.248124 0.222515 0.198699 0.176675 0.156423 0.137902 0.121056 0.105815 0.092098 0.079818 0.068880 0.059188 0.050643 0.043146 0.036603 0.030920 0.026007 0.021782 0.018166 0.015085 0.012474 0.010270 0.008420 0.006874 0.005587 0.004522 0.003645 0.002925 0.002337 0.001860 0.001474 0.001163 0.001000 0.001000 0.001000 0.001000 0.001000 0.001000 0.001000 0.001000 0.001000 0.001000 0.001000 0.001000 0.001000 0.001000 0.001000 0.001000 0.001000 0.001000 0.001000 0.001000 0.001000 0.001000 0.001000 0.001000 0.001000 0.001000 0.001000 0.001000 0.001000 0.001000 0.001000 0.001000 0.001000 0.001000 0.001000 0.001000 0.001000 0.001000 0.001000 0.001000 0.001163 0.001474 0.001860 0.002337 0.002925 0.003645 0.004522 0.005587 0.006874 0.008420 0.010270 0.012474 0.015085 0.018166 0.021782 0.026007 0.030920 0.036603 0.043146 0.050643 0.059188 0.068880 0.079818 0.092098 0.105815 0.121056 0.137902 0.156423 0.176675 0.198699 0.222515 0.248124 0.275500 0.304593 0.335323 0.367579 0.401221 0.436074 0.471935 0.508568 0.545709 0.583065 0.620324 0.657149 0.693194 0.728098 0.761500 0.793040 0.822365 0.849139 0.873048 0.893803 0.911151 0.924877 0.934807 0.940816 0.942828 0.940816 0.934807 0.924877 0.911151 0.893803 0.873048 0.849139 0.822365 0.793040 0.761500 0.728098 0.693194 0.657149 0.620324 0.583065 0.545709 0.508568 0.471935 0.436074 0.401221 0.367579 0.335323 0.304593 0.275500 0.248124 0.222515 0.198699 0.176675 0.156423 0.137902 0.121056 0.105815 0.092098 0.079818 0.068880 0.059188 0.050643 0.043146 0.036603 0.030920 0.026007 0.021782 0.018166 0.015085 0.012474 0.010270 0.008420 0.006874 0.005587 0.004522 0.003645
0.003556 0.004413 0.005452 0.006707 0.008216 0.010021 0.012171 0.014719 0.017725 0.021254 0.025376 0.030170 0.035715 0.042100 0.049414 0.057752 0.067209 0.077881 0.089864 0.103247 0.118119 0.134556 0.152628 0.172389 0.193878 0.217116 0.242103 0.268815 0.297202 0.327186 0.358660 0.391485 0.425493 0.460484 0.496229 0.532468 0.568918 0.605272 0.641204 0.676374 0.710432 0.743023 0.773797 0.802411 0.828536 0.851864 0.872116 0.889043 0.902435 0.912125 0.917988 0.919951 0.917988 0.912125 0.902435 0.889043 0.872116 0.851864 0.828536 0.802411 0.773797 0.743023 0.710432 0.676374 0.641204 0.605272 0.568918 0.532468 0.496229 0.460484 0.425493 0.391485 0.358660 0.327186 0.297202 0.268815 0.242103 0.217116 0.193878 0.172389 0.152628 0.134556 0.118119 0.103247 0.089864 0.077881 0.067209 0.057752 0.049414 0.042100 0.035715 0.030170 0.025376 0.021254 0.017725 0.014719 0.012171 0.010021 0.008216 0.006707 0.005452 0.004413 0.003556 0.002854 0.002281 0.001815 0.001438 0.001134 0.001000 0.001000 0.001000 0.001000 0.001000 0.001000 0.001000 0.001000 0.001000 0.001000 0.001000 0.001000 0.001000 0.001000 0.001000 0.001000 0.001000 0.001000 0.001000 0.001000 0.001000 0.001000 0.001000 0.001000 0.001000 0.001000 0.001000 0.001000 0.001000 0.001000 0.001000 0.001000 0.001000 0.001000 0.001000 0.001000 0.001000 0.001000 0.001000 0.001000 0.001134 0.001438 0.001815 0.002281 0.002854 0.003556 0.004413 0.005452 0.006707 0.008216 0.010021 0.012171 0.014719 0.017725 0.021254 0.025376 0.030170 0.035715 0.042100 0.049414 0.057752 0.067209 0.077881 0.089864 0.103247 0.118119 0.134556 0.152628 0.172389 0.193878 0.217116 0.242103 0.268815 0.297202 0.327186 0.358660 0.391485 0.425493 0.460484 0.496229 0.532468 0.568918 0.605272 0.641204 0.676374 0.710432 0.743023 0.773797 0.802411 0.828536 0.851864 0.872116 0.889043 0.902435 0.912125 0.917988 0.919951 0.917988 0.912125 0.902435 0.889043 0.872116 0.851864 0.828536 0.802411 0.773797 0.743023 0.710432 0.676374 0.641204 0.605272 0.568918 0.532468 0.496229 0.460484 0.425493 0.391485 0.358660 0.327186 0.297202 0.268815 0.242103 0.217116 0.193878 0.172389 0.152628 0.134556 0.118119 0.103247 0.089864 0.077881 0.067209 0.057752 0.049414 0.042100 0.035715 0.030170 0.025376 0.021254 0.017725 0.014719 0.012171 0.010021 0.008216 0.006707 0.005452 0.004413 0.003556
0.003455 0.004287 0.005297 0.006516 0.007982 0.009736 0.011825 0.014301 0.017221 0.020650 0.024655 0.029312 0.034700 0.040903 0.048009 0.056110 0.065299 0.075668 0.087309 0.100313 0.114762 0.130732 0.148290 0.167489 0.188367 0.210945 0.235222 0.261175 0.288755 0.317887 0.348466 0.380358 0.413400 0.447396 0.482124 0.517333 0.552747 0.588068 0.622979 0.657149 0.690239 0.721904 0.751804 0.779604 0.804986 0.827651 0.847327 0.863773 0.876785 0.886199 0.891896 0.893803 0.891896 0.886199 0.876785 0.863773 0.847327 0.827651 0.804986 0.779604 0.751804 0.721904 0.690239 0.657149 0.622979 0.588068 0.552747 0.517333 0.482124 0.447396 0.413400 0.380358 0.348466 0.317887 0.288755 0.261175 0.235222 0.210945 0.188367 0.167489 0.148290 0.130732 0.114762 0.100313 0.087309 0.075668 0.065299 0.056110 0.048009 0.040903 0.034700 0.029312 0.024655 0.020650 0.017221 0.014301 0.011825 0.009736 0.007982 0.006516 0.005297 0.004287 0.003455 0.002773 0.002216 0.001763 0.001397 0.001102 0.001000 0.001000 0.001000 0.001000 0.001000 0.001000 0.001000 0.001000 0.001000 0.001000 0.001000 0.001000 0.001000 0.001000 0.001000 0.001000 0.001000 0.001000 0.001000 0.001000 0.001000 0.001000 0.001000 0.001000 0.001000 0.001000 0.001000 0.001000 0.001000 0.001000 0.001000 0.001000 0.001000 0.001000 0.001000 0.001000 0.001000 0.001000 0.001000 0.001000 0.001102 0.001397 0.001763 0.002216 0.002773 0.003455 0.004287 0.005297 0.006516 0.007982 0.009736 0.011825 0.014301 0.017221 0.020650 0.024655 0.029312 0.034700 0.040903 0.048009 0.056110 0.065299 0.075668 0.087309 0.100313 0.114762 0.130732 0.148290 0.167489 0.188367 0.210945 0.235222 0.261175 0.288755 0.317887 0.348466 0.380358 0.413400 0.447396 0.482124 0.517333 0.552747 0.588068 0.622979 0.657149 0.690239 0.721904 0.751804 0.779604 0.804986 0.827651 0.847327 0.863773 0.876785 0.886199 0.891896 0.893803 0.891896 0.886199 0.876785 0.863773 0.847327 0.827651 0.804986 0.779604 0.751804 0.721904 0.690239 0.657149 0.622979 0.588068 0.552747 0.517333 0.482124 0.447396 0.413400 0.380358 0.348466 0.317887 0.288755 0.261175 0.235222 0.210945 0.188367 0.167489 0.148290 0.130732 0.114762 0.100313 0.087309 0.075668 0.065299 0.056110 0.048009 0.040903 0.034700 0.029312 0.024655 0.020650 0.017221 0.014301 0.011825 0.009736 0.007982 0.006516 0.005297 0.004287 0.003455
0.003343 0.004148 0.005124 0.006304 0.007722 0.009419 0.011440 0.013835 0.016661 0.019977 0.023852 0.028357 0.033570 0.039571 0.046446 0.054283 0.063172 0.073203 0.084466 0.097046 0.111024 0.126475 0.143461 0.162034 0.182233 0.204075 0.227562 0.252670 0.279352 0.307535 0.337118 0.367972 0.399937 0.432827 0.466424 0.500486 0.534747 0.568918 0.602692 0.635749 0.667761 0.698395 0.727321 0.754216 0.778772 0.800699 0.819734 0.835645 0.848233 0.857340 0.862851 0.864696 0.862851 0.857340 0.848233 0.835645 0.819734 0.800699 0.778772 0.754216 0.727321 0.698395 0.667761 0.635749 0.602692 0.568918 0.534747 0.500486 0.466424 0.432827 0.399937 0.367972 0.337118 0.307535 0.279352 0.252670 0.227562 0.204075 0.182233 0.162034 0.143461 0.126475 0.111024 0.097046 0.084466 0.073203 0.063172 0.054283 0.046446 0.039571 0.033570 0.028357 0.023852 0.019977 0.016661 0.013835 0.011440 0.009419 0.007722 0.006304 0.005124 0.004148 0.003343 0.002683 0.002144 0.001706 0.001351 0.001066 0.001000 0.001000 0.001000 0.001000 0.001000 0.001000 0.001000 0.001000 0.001000 0.001000 0.001000 0.001000 0.001000 0.001000 0.001000 0.001000 0.001000 0.001000 0.001000 0.001000 0.001000 0.001000 0.001000 0.001000 0.001000 0.001000 0.001000 0.001000 0.001000 0.001000 0.001000 0.001000 0.001000 0.001000 0.001000 0.001000 0.001000 0.001000 0.001000 0.001000 0.001066 0.001351 0.001706 0.002144 0.002683 0.003343 0.004148 0.005124 0.006304 0.007722 0.009419 0.011440 0.013835 0.016661 0.019977 0.023852 0.028357 0.033570 0.039571 0.046446 0.054283 0.063172 0.073203 0.084466 0.097046 0.111024 0.126475 0.143461 0.162034 0.182233 0.204075 0.227562 0.252670 0.279352 0.307535 0.337118 0.367972 0.399937 0.432827 0.466424 0.500486 0.534747 0.568918 0.602692 0.635749 0.667761 0.698395 0.727321 0.754216 0.778772 0.800699 0.819734 0.835645 0.848233 0.857340 0.862851 0.864696 0.862851 0.857340 0.848233 0.835645 0.819734 0.800699 0.778772 0.754216 0.727321 0.698395 0.667761 0.635749 0.602692 0.568918 0.534747 0.500486 0.466424 0.432827 0.399937 0.367972 0.337118 0.307535 0.279352 0.252670 0.227562 0.204075 0.182233 0.162034 0.143461 0.126475 0.111024 0.097046 0.084466 0.073203 0.063172 0.054283 0.046446 0.039571 0.033570 0.028357 0.023852 0.019977 0.016661 0.013835 0.011440 0.009419 0.007722 0.006304 0.005124 0.004148 0.003343
0.003220 0.003996 0.004936 0.006073 0.007439 0.009074 0.011020 0.013328 0.016049 0.019244 0.022977 0.027317 0.032338 0.038119 0.044742 0.052291 0.060854 0.070518 0.081367 0.093486 0.106951 0.121834 0.138197 0.156090 0.175547 0.196588 0.219213 0.243399 0.269103 0.296252 0.324750 0.354471 0.385264 0.416947 0.449311 0.482124 0.515128 0.548045 0.580580 0.612425 0.643262 0.672772 0.700637 0.726545 0.750199 0.771322 0.789659 0.804986 0.817112 0.825885 0.831194 0.832972 0.831194 0.825885 0.817112 0.804986 0.789659 0.771322 0.750199 0.726545 0.700637 0.672772 0.643262 0.612425 0.580580 0.548045 0.515128 0.482124 0.449311 0.416947 0.385264 0.354471 0.324750 0.296252 0.269103 0.243399 0.219213 0.196588 0.175547 0.156090 0.138197 0.121834 0.106951 0.093486 0.081367 0.070518 0.060854 0.052291 0.044742 0.038119 0.032338 0.027317 0.022977 0.019244 0.016049 0.013328 0.011020 0.009074 0.007439 0.006073 0.004936 0.003996 0.003220 0.002584 0.002065 0.001643 0.001302 0.001027 0.001000 0.001000 0.001000 0.001000 0.001000 0.001000 0.001000 0.001000 0.001000 0.001000 0.001000 0.001000 0.001000 0.001000 0.001000 0.001000 0.001000 0.001000 0.001000 0.001000 0.001000 0.001000 0.001000 0.001000 0.001000 0.001000 0.001000 0.001000 0.001000 0.001000 0.001000 0.001000 0.001000 0.001000 0.001000 0.001000 0.001000 0.001000 0.001000 0.001000 0.001027 0.001302 0.001643 0.002065 0.002584 0.003220 0.003996 0.004936 0.006073 0.007439 0.009074 0.011020 0.013328 0.016049 0.019244 0.022977 0.027317 0.032338 0.038119 0.044742 0.052291 0.060854 0.070518 0.081367 0.093486 0.106951 0.121834 0.138197 0.156090 0.175547 0.196588 0.219213 0.243399 0.269103 0.296252 0.324750 0.354471 0.385264 0.416947 0.449311 0.482124 0.515128 0.548045 0.580580 0.612425 0.643262 0.672772 0.700637 0.726545 0.750199 0.771322 0.789659 0.804986 0.817112 0.825885 0.831194 0.832972 0.831194 0.825885 0.817112 0.804986 0.789659 0.771322 0.750199 0.726545 0.700637 0.672772 0.643262 0.612425 0.580580 0.548045 0.515128 0.482124 0.449311 0.416947 0.385264 0.354471 0.324750 0.296252 0.269103 0.243399 0.219213 0.196588 0.175547 0.156090 0.138197 0.121834 0.106951 0.093486 0.081367 0.070518 0.060854 0.052291 0.044742 0.038119 0.032338 0.027317 0.022977 0.019244 0.016049 0.013328 0.011020 0.009074 0.007439 0.006073 0.004936 0.003996 0.003220
0.003089 0.003833 0.004735 0.005825 0.007135 0.008703 0.010571 0.012784 0.015395 0.018459 0.022040 0.026203 0.031019 0.036564 0.042917 0.050158 0.058372 0.067641 0.078048 0.089672 0.102588 0.116864 0.132559 0.149722 0.168385 0.188568 0.210270 0.233470 0.258124 0.284166 0.311501 0.340011 0.369547 0.399937 0.430981 0.462456 0.494113 0.525687 0.556895 0.587441 0.617020 0.645326 0.672054 0.696905 0.719595 0.739856 0.757445 0.772146 0.783778 0.792193 0.797286 0.798991 0.797286 0.792193 0.783778 0.772146 0.757445 0.739856 0.719595 0.696905 0.672054 0.645326 0.617020 0.587441 0.556895 0.525687 0.494113 0.462456 0.430981 0.399937 0.369547 0.340011 0.311501 0.284166 0.258124 0.233470 0.210270 0.188568 0.168385 0.149722 0.132559 0.116864 0.102588 0.089672 0.078048 0.067641 0.058372 0.050158 0.042917 0.036564 0.031019 0.026203 0.022040 0.018459 0.015395 0.012784 0.010571 0.008703 0.007135 0.005825 0.004735 0.003833 0.003089 0.002479 0.001981 0.001576 0.001249 0.001000 0.001000 0.001000 0.001000 0.001000 0.001000 0.001000 0.001000 0.001000 0.001000 0.001000 0.001000 0.001000 0.001000 0.001000 0.001000 0.001000 0.001000 0.001000 0.001000 0.001000 0.001000 0.001000 0.001000 0.001000 0.001000 0.001000 0.001000 0.001000 0.001000 0.001000 0.001000 0.001000 0.001000 0.001000 0.001000 0.001000 0.001000 0.001000 0.001000 0.001000 0.001000 0.001249 0.001576 0.001981 0.002479 0.003089 0.003833 0.004735 0.005825 0.007135 0.008703 0.010571 0.012784 0.015395 0.018459 0.022040 0.026203 0.031019 0.036564 0.042917 0.050158 0.058372 0.067641 0.078048 0.089672 0.102588 0.116864 0.132559 0.149722 0.168385 0.188568 0.210270 0.233470 0.258124 0.284166 0.311501 0.340011 0.369547 0.399937 0.430981 0.462456 0.494113 0.525687 0.556895 0.587441 0.617020 0.645326 0.672054 0.696905 0.719595 0.739856 0.757445 0.772146 0.783778 0.792193 0.797286 0.798991 0.797286 0.792193 0.783778 0.772146 0.757445 0.739856 0.719595 0.696905 0.672054 0.645326 0.617020 0.587441 0.556895 0.525687 0.494113 0.462456 0.430981 0.399937 0.369547 0.340011 0.311501 0.284166 0.258124 0.233470 0.210270 0.188568 0.168385 0.149722 0.132559 0.116864 0.102588 0.089672 0.078048 0.067641 0.058372 0.050158 0.042917 0.036564 0.031019 0.026203 0.022040 0.018459 0.015395 0.012784 0.010571 0.008703 0.007135 0.005825 0.004735 0.003833 0.003089
0.002950 0.003661 0.004522 0.005564 0.006815 0.008313 0.010096 0.012210 0.014704 0.017631 0.021051 0.025027 0.029627 0.034923 0.040990 0.047907 0.055752 0.064605 0.074545 0.085647 0.097983 0.111619 0.126610 0.143002 0.160828 0.180105 0.200832 0.222991 0.246539 0.271412 0.297520 0.324750 0.352960 0.381986 0.411637 0.441699 0.471935 0.502092 0.531899 0.561074 0.589326 0.616361 0.641890 0.665625 0.687297 0.706648 0.723448 0.737489 0.748599 0.756636 0.761500 0.763129 0.761500 0.756636 0.748599 0.737489 0.723448 0.706648 0.687297 0.665625 0.641890 0.616361 0.589326 0.561074 0.531899 0.502092 0.471935 0.441699 0.411637 0.381986 0.352960 0.324750 0.297520 0.271412 0.246539 0.222991 0.200832 0.180105 0.160828 0.143002 0.126610 0.111619 0.097983 0.085647 0.074545 0.064605 0.055752 0.047907 0.040990 0.034923 0.029627 0.025027 0.021051 0.017631 0.014704 0.012210 0.010096 0.008313 0.006815 0.005564 0.004522 0.003661 0.002950 0.002368 0.001892 0.001505 0.001193 0.001000 0.001000 0.001000 0.001000 0.001000 0.001000 0.001000 0.001000 0.001000 0.001000 0.001000 0.001000 0.001000 0.001000 0.001000 0.001000 0.001000 0.001000 0.001000 0.001000 0.001000 0.001000 0.001000 0.001000 0.001000 0.001000 0.001000 0.001000 0.001000 0.001000 0.001000 0.001000 0.001000 0.001000 0.001000 0.001000 0.001000 0.001000 0.001000 0.001000 0.001000 0.001000 0.001193 0.001505 0.001892 0.002368 0.002950 0.003661 0.004522 0.005564 0.006815 0.008313 0.010096 0.012210 0.014704 0.017631 0.021051 0.025027 0.029627 0.034923 0.040990 0.047907 0.055752 0.064605 0.074545 0.085647 0.097983 0.111619 0.126610 0.143002 0.160828 0.180105 0.200832 0.222991 0.246539 0.271412 0.297520 0.324750 0.352960 0.381986 0.411637 0.441699 0.471935 0.502092 0.531899 0.561074 0.589326 0.616361 0.641890 0.665625 0.687297 0.706648 0.723448 0.737489 0.748599 0.756636 0.761500 0.763129 0.761500 0.756636 0.748599 0.737489 0.723448 0.706648 0.687297 0.665625 0.641890 0.616361 0.589326 0.561074 0.531899 0.502092 0.471935 0.441699 0.411637 0.381986 0.352960 0.324750 0.297520 0.271412 0.246539 0.222991 0.200832 0.180105 0.160828 0.143002 0.126610 0.111619 0.097983 0.085647 0.074545 0.064605 0.055752 0.047907 0.040990 0.034923 0.029627 0.025027 0.021051 0.017631 0.014704 0.012210 0.010096 0.008313 0.006815 0.005564 0.004522 0.003661 0.002950
0.002806 0.003481 0.004301 0.005291 0.006482 0.007906 0.009602 0.011612 0.013984 0.016768 0.020020 0.023801 0.028176 0.033213 0.038984 0.045562 0.053023 0.061442 0.070895 0.081454 0.093186 0.106154 0.120411 0.136001 0.152954 0.171287 0.191000 0.212074 0.234469 0.258124 0.282955 0.308851 0.335681 0.363286 0.391485 0.420075 0.448832 0.477512 0.505860 0.533606 0.560475 0.586187 0.610466 0.633039 0.653650 0.672054 0.688031 0.701385 0.711951 0.719595 0.724221 0.725769 0.724221 0.719595 0.711951 0.701385 0.688031 0.672054 0.653650 0.633039 0.610466 0.586187 0.560475 0.533606 0.505860 0.477512 0.448832 0.420075 0.391485 0.363286 0.335681 0.308851 0.282955 0.258124 0.234469 0.212074 0.191000 0.171287 0.152954 0.136001 0.120411 0.106154 0.093186 0.081454 0.070895 0.061442 0.053023 0.045562 0.038984 0.033213 0.028176 0.023801 0.020020 0.016768 0.013984 0.011612 0.009602 0.007906 0.006482 0.005291 0.004301 0.003481 0.002806 0.002252 0.001799 0.001432 0.001134 0.001000 0.001000 0.001000 0.001000 0.001000 0.001000 0.001000 0.001000 0.001000 0.001000 0.001000 0.001000 0.001000 0.001000 0.001000 0.001000 0.001000 0.001000 0.001000 0.001000 0.001000 0.001000 0.001000 0.001000 0.001000 0.001000 0.001000 0.001000 0.001000 0.001000 0.001000 0.001000 0.001000 0.001000 0.001000 0.001000 0.001000 0.001000 0.001000 0.001000 0.001000 0.001000 0.001134 0.001432 0.001799 0.002252 0.002806 0.003481 0.004301 0.005291 0.006482 0.007906 0.009602 0.011612 0.013984 0.016768 0.020020 0.023801 0.028176 0.033213 0.038984 0.045562 0.053023 0.061442 0.070895 0.081454 0.093186 0.106154 0.120411 0.136001 0.152954 0.171287 0.191000 0.212074 0.234469 0.258124 0.282955 0.308851 0.335681 0.363286 0.391485 0.420075 0.448832 0.477512 0.505860 0.533606 0.560475 0.586187 0.610466 0.633039 0.653650 0.672054 0.688031 0.701385 0.711951 0.719595 0.724221 0.725769 0.724221 0.719595 0.711951 0.701385 0.688031 0.672054 0.653650 0.633039 0.610466 0.586187 0.560475 0.533606 0.505860 0.477512 0.448832 0.420075 0.391485 0.363286 0.335681 0.308851 0.282955 0.258124 0.234469 0.212074 0.191000 0.171287 0.152954 0.136001 0.120411 0.106154 0.093186 0.081454 0.070895 0.061442 0.053023 0.045562 0.038984 0.033213 0.028176 0.023801 0.020020 0.016768 0.013984 0.011612 0.009602 0.007906 0.006482 0.005291 0.004301 0.003481 0.002806
0.002657 0.003297 0.004073 0.005011 0.006138 0.007487 0.009093 0.010997 0.013242 0.015879 0.018959 0.022540 0.026683 0.031453 0.036917 0.043146 0.050212 0.058185 0.067137 0.077136 0.088247 0.100527 0.114028 0.128792 0.144846 0.162208 0.180876 0.200832 0.222040 0.244441 0.267955 0.292479 0.317887 0.344028 0.370733 0.397807 0.425039 0.452200 0.479045 0.505320 0.530764 0.555114 0.578105 0.599482 0.619000 0.636429 0.651559 0.664205 0.674211 0.681450 0.685830 0.687297 0.685830 0.681450 0.674211 0.664205 0.651559 0.636429 0.619000 0.599482 0.578105 0.555114 0.530764 0.505320 0.479045 0.452200 0.425039 0.397807 0.370733 0.344028 0.317887 0.292479 0.267955 0.244441 0.222040 0.200832 0.180876 0.162208 0.144846 0.128792 0.114028 0.100527 0.088247 0.077136 0.067137 0.058185 0.050212 0.043146 0.036917 0.031453 0.026683 0.022540 0.018959 0.015879 0.013242 0.010997 0.009093 0.007487 0.006138 0.005011 0.004073 0.003297 0.002657 0.002132 0.001704 0.001356 0.001074 0.001000 0.001000 0.001000 0.001000 0.001000 0.001000 0.001000 0.001000 0.001000 0.001000 0.001000 0.001000 0.001000 0.001000 0.001000 0.001000 0.001000 0.001000 0.001000 0.001000 0.001000 0.001000 0.001000 0.001000 0.001000 0.001000 0.001000 0.001000 0.001000 0.001000 0.001000 0.001000 0.001000 0.001000 0.001000 0.001000 0.001000 0.001000 0.001000 0.001000 0.001000 0.001000 0.001074 0.001356 0.001704 0.002132 0.002657 0.003297 0.004073 0.005011 0.006138 0.007487 0.009093 0.010997 0.013242 0.015879 0.018959 0.022540 0.026683 0.031453 0.036917 0.043146 0.050212 0.058185 0.067137 0.077136 0.088247 0.100527 0.114028 0.128792 0.144846 0.162208 0.180876 0.200832 0.222040 0.244441 0.267955 0.292479 0.317887 0.344028 0.370733 0.397807 0.425039 0.452200 0.479045 0.505320 0.530764 0.555114 0.578105 0.599482 0.619000 0.636429 0.651559 0.664205 0.674211 0.681450 0.685830 0.687297 0.685830 0.681450 0.674211 0.664205 0.651559 0.636429 0.619000 0.599482 0.578105 0.555114 0.530764 0.505320 0.479045 0.452200 0.425039 0.397807 0.370733 0.344028 0.317887 0.292479 0.267955 0.244441 0.222040 0.200832 0.180876 0.162208 0.144846 0.128792 0.114028 0.100527 0.088247 0.077136 0.067137 0.058185 0.050212 0.043146 0.036917 0.031453 0.026683 0.022540 0.018959 0.015879 0.013242 0.010997 0.009093 0.007487 0.006138 0.005011 0.004073 0.003297 0.002657
0.002505 0.003109 0.003841 0.004725 0.005788 0.007060 0.008574 0.010369 0.012487 0.014973 0.017877 0.021254 0.025161 0.029658 0.034811 0.040685 0.047347 0.054866 0.063307 0.072736 0.083213 0.094793 0.107524 0.121445 0.136583 0.152954 0.170557 0.189376 0.209374 0.230497 0.252670 0.275794 0.299752 0.324403 0.349584 0.375114 0.400792 0.426403 0.451717 0.476493 0.500486 0.523446 0.545126 0.565284 0.583688 0.600123 0.614390 0.626315 0.635749 0.642575 0.646706 0.648089 0.646706 0.642575 0.635749 0.626315 0.614390 0.600123 0.583688 0.565284 0.545126 0.523446 0.500486 0.476493 0.451717 0.426403 0.400792 0.375114 0.349584 0.324403 0.299752 0.275794 0.252670 0.230497 0.209374 0.189376 0.170557 0.152954 0.136583 0.121445 0.107524 0.094793 0.083213 0.072736 0.063307 0.054866 0.047347 0.040685 0.034811 0.029658 0.025161 0.021254 0.017877 0.014973 0.012487 0.010369 0.008574 0.007060 0.005788 0.004725 0.003841 0.003109 0.002505 0.002011 0.001607 0.001278 0.001013 0.001000 0.001000 0.001000 0.001000 0.001000 0.001000 0.001000 0.001000 0.001000 0.001000 0.001000 0.001000 0.001000 0.001000 0.001000 0.001000 0.001000 0.001000 0.001000 0.001000 0.001000 0.001000 0.001000 0.001000 0.001000 0.001000 0.001000 0.001000 0.001000 0.001000 0.001000 0.001000 0.001000 0.001000 0.001000 0.001000 0.001000 0.001000 0.001000 0.001000 0.001000 0.001000 0.001013 0.001278 0.001607 0.002011 0.002505 0.003109 0.003841 0.004725 0.005788 0.007060 0.008574 0.010369 0.012487 0.014973 0.017877 0.021254 0.025161 0.029658 0.034811 0.040685 0.047347 0.054866 0.063307 0.072736 0.083213 0.094793 0.107524 0.121445 0.136583 0.152954 0.170557 0.189376 0.209374 0.230497 0.252670 0.275794 0.299752 0.324403 0.349584 0.375114 0.400792 0.426403 0.451717 0.476493 0.500486 0.523446 0.545126 0.565284 0.583688 0.600123 0.614390 0.626315 0.635749 0.642575 0.646706 0.648089 0.646706 0.642575 0.635749 0.626315 0.614390 0.600123 0.583688 0.565284 0.545126 0.523446 0.500486 0.476493 0.451717 0.426403 0.400792 0.375114 0.349584 0.324403 0.299752 0.275794 0.252670 0.230497 0.209374 0.189376 0.170557 0.152954 0.136583 0.121445 0.107524 0.094793 0.083213 0.072736 0.063307 0.054866 0.047347 0.040685 0.034811 0.029658 0.025161 0.021254 0.017877 0.014973 0.012487 0.010369 0.008574 0.007060 0.005788 0.004725 0.003841 0.003109 0.002505
0.002352 0.002919 0.003606 0.004436 0.005434 0.006629 0.008051 0.009736 0.011725 0.014059 0.016786 0.019956 0.023624 0.027847 0.032685 0.038201 0.044456 0.051515 0.059441 0.068294 0.078131 0.089004 0.100958 0.114028 0.128243 0.143614 0.160142 0.177811 0.196588 0.216421 0.237240 0.258953 0.281448 0.304593 0.328236 0.352207 0.376318 0.400365 0.424132 0.447396 0.469924 0.491482 0.511838 0.530764 0.548045 0.563476 0.576872 0.588068 0.596927 0.603336 0.607214 0.608513 0.607214 0.603336 0.596927 0.588068 0.576872 0.563476 0.548045 0.530764 0.511838 0.491482 0.469924 0.447396 0.424132 0.400365 0.376318 0.352207 0.328236 0.304593 0.281448 0.258953 0.237240 0.216421 0.196588 0.177811 0.160142 0.143614 0.128243 0.114028 0.100958 0.089004 0.078131 0.068294 0.059441 0.051515 0.044456 0.038201 0.032685 0.027847 0.023624 0.019956 0.016786 0.014059 0.011725 0.009736 0.008051 0.006629 0.005434 0.004436 0.003606 0.002919 0.002352 0.001888 0.001509 0.001200 0.001000 0.001000 0.001000 0.001000 0.001000 0.001000 0.001000 0.001000 0.001000 0.001000 0.001000 0.001000 0.001000 0.001000 0.001000 0.001000 0.001000 0.001000 0.001000 0.001000 0.001000 0.001000 0.001000 0.001000 0.001000 0.001000 0.001000 0.001000 0.001000 0.001000 0.001000 0.001000 0.001000 0.001000 0.001000 0.001000 0.001000 0.001000 0.001000 0.001000 0.001000 0.001000 0.001000 0.001000 0.001200 0.001509 0.001888 0.002352 0.002919 0.003606 0.004436 0.005434 0.006629 0.008051 0.009736 0.011725 0.014059 0.016786 0.019956 0.023624 0.027847 0.032685 0.038201 0.044456 0.051515 0.059441 0.068294 0.078131 0.089004 0.100958 0.114028 0.128243 0.143614 0.160142 0.177811 0.196588 0.216421 0.237240 0.258953 0.281448 0.304593 0.328236 0.352207 0.376318 0.400365 0.424132 0.447396 0.469924 0.491482 0.511838 0.530764 0.548045 0.563476 0.576872 0.588068 0.596927 0.603336 0.607214 0.608513 0.607214 0.603336 0.596927 0.588068 0.576872 0.563476 0.548045 0.530764 0.511838 0.491482 0.469924 0.447396 0.424132 0.400365 0.376318 0.352207 0.328236 0.304593 0.281448 0.258953 0.237240 0.216421 0.196588 0.177811 0.160142 0.143614 0.128243 0.114028 0.100958 0.089004 0.078131 0.068294 0.059441 0.051515 0.044456 0.038201 0.032685 0.027847 0.023624 0.019956 0.016786 0.014059 0.011725 0.009736 0.008051 0.006629 0.005434 0.004436 0.003606 0.002919 0.002352
0.002199 0.002729 0.003372 0.004148 0.005081 0.006197 0.007527 0.009103 0.010962 0.013144 0.015693 0.018657 0.022087 0.026035 0.030559 0.035715 0.041563 0.048163 0.055574 0.063850 0.073047 0.083213 0.094388 0.106609 0.119898 0.134269 0.149722 0.166241 0.183796 0.202339 0.221803 0.242103 0.263134 0.284774 0.306879 0.329290 0.351831 0.374314 0.396535 0.418285 0.439347 0.459502 0.478533 0.496229 0.512385 0.526811 0.539336 0.549804 0.558086 0.564078 0.567704 0.568918 0.567704 0.564078 0.558086 0.549804 0.539336 0.526811 0.512385 0.496229 0.478533 0.459502 0.439347 0.418285 0.396535 0.374314 0.351831 0.329290 0.306879 0.284774 0.263134 0.242103 0.221803 0.202339 0.183796 0.166241 0.149722 0.134269 0.119898 0.106609 0.094388 0.083213 0.073047 0.063850 0.055574 0.048163 0.041563 0.035715 0.030559 0.026035 0.022087 0.018657 0.015693 0.013144 0.010962 0.009103 0.007527 0.006197 0.005081 0.004148 0.003372 0.002729 0.002199 0.001765 0.001410 0.001122 0.001000 0.001000 0.001000 0.001000 0.001000 0.001000 0.001000 0.001000 0.001000 0.001000 0.001000 0.001000 0.001000 0.001000 0.001000 0.001000 0.001000 0.001000 0.001000 0.001000 0.001000 0.001000 0.001000 0.001000 0.001000 0.001000 0.001000 0.001000 0.001000 0.001000 0.001000 0.001000 0.001000 0.001000 0.001000 0.001000 0.001000 0.001000 0.001000 0.001000 0.001000 0.001000 0.001000 0.001000 0.001122 0.001410 0.001765 0.002199 0.002729 0.003372 0.004148 0.005081 0.006197 0.007527 0.009103 0.010962 0.013144 0.015693 0.018657 0.022087 0.026035 0.030559 0.035715 0.041563 0.048163 0.055574 0.063850 0.073047 0.083213 0.094388 0.106609 0.119898 0.134269 0.149722 0.166241 0.183796 0.202339 0.221803 0.242103 0.263134 0.284774 0.306879 0.329290 0.351831 0.374314 0.396535 0.418285 0.439347 0.459502 0.478533 0.496229 0.512385 0.526811 0.539336 0.549804 0.558086 0.564078 0.567704 0.568918 0.567704 0.564078 0.558086 0.549804 0.539336 0.526811 0.512385 0.496229 0.478533 0.459502 0.439347 0.418285 0.396535 0.374314 0.351831 0.329290 0.306879 0.284774 0.263134 0.242103 0.221803 0.202339 0.183796 0.166241 0.149722 0.134269 0.119898 0.106609 0.094388 0.083213 0.073047 0.063850 0.055574 0.048163 0.041563 0.035715 0.030559 0.026035 0.022087 0.018657 0.015693 0.013144 0.010962 0.009103 0.007527 0.006197 0.005081 0.004148 0.003372 0.002729 0.002199
0.002048 0.002540 0.003139 0.003861 0.004730 0.005769 0.007007 0.008474 0.010205 0.012236 0.014610 0.017369 0.020562 0.024237 0.028448 0.033249 0.038693 0.044838 0.051736 0.059441 0.068003 0.077466 0.087871 0.099247 0.111619 0.124997 0.139383 0.154762 0.171105 0.188367 0.206487 0.225385 0.244964 0.265109 0.285687 0.306551 0.327536 0.348466 0.369153 0.389401 0.409008 0.427772 0.445489 0.461962 0.477003 0.490433 0.502092 0.511838 0.519548 0.525126 0.528502 0.529632 0.528502 0.525126 0.519548 0.511838 0.502092 0.490433 0.477003 0.461962 0.445489 0.427772 0.409008 0.389401 0.369153 0.348466 0.327536 0.306551 0.285687 0.265109 0.244964 0.225385 0.206487 0.188367 0.171105 0.154762 0.139383 0.124997 0.111619 0.099247 0.087871 0.077466 0.068003 0.059441 0.051736 0.044838 0.038693 0.033249 0.028448 0.024237 0.020562 0.017369 0.014610 0.012236 0.010205 0.008474 0.007007 0.005769 0.004730 0.003861 0.003139 0.002540 0.002048 0.001643 0.001313 0.001045 0.001000 0.001000 0.001000 0.001000 0.001000 0.001000 0.001000 0.001000 0.001000 0.001000 0.001000 0.001000 0.001000 0.001000 0.001000 0.001000 0.001000 0.001000 0.001000 0.001000 0.001000 0.001000 0.001000 0.001000 0.001000 0.001000 0.001000 0.001000 0.001000 0.001000 0.001000 0.001000 0.001000 0.001000 0.001000 0.001000 0.001000 0.001000 0.001000 0.001000 0.001000 0.001000 0.001000 0.001000 0.001045 0.001313 0.001643 0.002048 0.002540 0.003139 0.003861 0.004730 0.005769 0.007007 0.008474 0.010205 0.012236 0.014610 0.017369 0.020562 0.024237 0.028448 0.033249 0.038693 0.044838 0.051736 0.059441 0.068003 0.077466 0.087871 0.099247 0.111619 0.124997 0.139383 0.154762 0.171105 0.188367 0.206487 0.225385 0.244964 0.265109 0.285687 0.306551 0.327536 0.348466 0.369153 0.389401 0.409008 0.427772 0.445489 0.461962 0.477003 0.490433 0.502092 0.511838 0.519548 0.525126 0.528502 0.529632 0.528502 0.525126 0.519548 0.511838 0.502092 0.490433 0.477003 0.461962 0.445489 0.427772 0.409008 0.389401 0.369153 0.348466 0.327536 0.306551 0.285687 0.265109 0.244964 0.225385 0.206487 0.188367 0.171105 0.154762 0.139383 0.124997 0.111619 0.099247 0.087871 0.077466 0.068003 0.059441 0.051736 0.044838 0.038693 0.033249 0.028448 0.024237 0.020562 0.017369 0.014610 0.012236 0.010205 0.008474 0.007007 0.005769 0.004730 0.003861 0.003139 0.002540 0.002048
0.001898 0.002355 0.002910 0.003579 0.004385 0.005348 0.006495 0.007855 0.009460 0.011343 0.013543 0.016101 0.019060 0.022468 0.026371 0.030821 0.035868 0.041563 0.047958 0.055101 0.063037 0.071810 0.081454 0.092000 0.103468 0.115870 0.129205 0.143461 0.158610 0.174612 0.191409 0.208927 0.227076 0.245750 0.264826 0.284166 0.303619 0.323020 0.342196 0.360966 0.379141 0.396535 0.412958 0.428229 0.442171 0.454621 0.465429 0.474462 0.481609 0.486780 0.489910 0.490957 0.489910 0.486780 0.481609 0.474462 0.465429 0.454621 0.442171 0.428229 0.412958 0.396535 0.379141 0.360966 0.342196 0.323020 0.303619 0.284166 0.264826 0.245750 0.227076 0.208927 0.191409 0.174612 0.158610 0.143461 0.129205 0.115870 0.103468 0.092000 0.081454 0.071810 0.063037 0.055101 0.047958 0.041563 0.035868 0.030821 0.026371 0.022468 0.019060 0.016101 0.013543 0.011343 0.009460 0.007855 0.006495 0.005348 0.004385 0.003579 0.002910 0.002355 0.001898 0.001523 0.001217 0.001000 0.001000 0.001000 0.001000 0.001000 0.001000 0.001000 0.001000 0.001000 0.001000 0.001000 0.001000 0.001000 0.001000 0.001000 0.001000 0.001000 0.001000 0.001000 0.001000 0.001000 0.001000 0.001000 0.001000 0.001000 0.001000 0.001000 0.001000 0.001000 0.001000 0.001000 0.001000 0.001000 0.001000 0.001000 0.001000 0.001000 0.001000 0.001000 0.001000 0.001000 0.001000 0.001000 0.001000 0.001000 0.001000 0.001217 0.001523 0.001898 0.002355 0.002910 0.003579 0.004385 0.005348 0.006495 0.007855 0.009460 0.011343 0.013543 0.016101 0.019060 0.022468 0.026371 0.030821 0.035868 0.041563 0.047958 0.055101 0.063037 0.071810 0.081454 0.092000 0.103468 0.115870 0.129205 0.143461 0.158610 0.174612 0.191409 0.208927 0.227076 0.245750 0.264826 0.284166 0.303619 0.323020 0.342196 0.360966 0.379141 0.396535 0.412958 0.428229 0.442171 0.454621 0.465429 0.474462 0.481609 0.486780 0.489910 0.490957 0.489910 0.486780 0.481609 0.474462 0.465429 0.454621 0.442171 0.428229 0.412958 0.396535 0.379141 0.360966 0.342196 0.323020 0.303619 0.284166 0.264826 0.245750 0.227076 0.208927 0.191409 0.174612 0.158610 0.143461 0.129205 0.115870 0.103468 0.092000 0.081454 0.071810 0.063037 0.055101 0.047958 0.041563 0.035868 0.030821 0.026371 0.022468 0.019060 0.016101 0.013543 0.011343 0.009460 0.007855 0.006495 0.005348 0.004385 0.003579 0.002910 0.002355 0.001898
0.001752 0.002174 0.002686 0.003304 0.004047 0.004936 0.005995 0.007251 0.008731 0.010470 0.012500 0.014861 0.017593 0.020738 0.024341 0.028448 0.033107 0.038364 0.044267 0.050859 0.058185 0.066282 0.075184 0.084918 0.095504 0.106951 0.119260 0.132418 0.146401 0.161172 0.176675 0.192845 0.209597 0.226834 0.244441 0.262293 0.280248 0.298156 0.315856 0.333181 0.349958 0.366012 0.381171 0.395266 0.408135 0.419627 0.429603 0.437941 0.444538 0.449311 0.452200 0.453166 0.452200 0.449311 0.444538 0.437941 0.429603 0.419627 0.408135 0.395266 0.381171 0.366012 0.349958 0.333181 0.315856 0.298156 0.280248 0.262293 0.244441 0.226834 0.209597 0.192845 0.176675 0.161172 0.146401 0.132418 0.119260 0.106951 0.095504 0.084918 0.075184 0.066282 0.058185 0.050859 0.044267 0.038364 0.033107 0.028448 0.024341 0.020738 0.017593 0.014861 0.012500 0.010470 0.008731 0.007251 0.005995 0.004936 0.004047 0.003304 0.002686 0.002174 0.001752 0.001406 0.001123 0.001000 0.001000 0.001000 0.001000 0.001000 0.001000 0.001000 0.001000 0.001000 0.001000 0.001000 0.001000 0.001000 0.001000 0.001000 0.001000 0.001000 0.001000 0.001000 0.001000 0.001000 0.001000 0.001000 0.001000 0.001000 0.001000 0.001000 0.001000 0.001000 0.001000 0.001000 0.001000 0.001000 0.001000 0.001000 0.001000 0.001000 0.001000 0.001000 0.001000 0.001000 0.001000 0.001000 0.001000 0.001000 0.001000 0.001123 0.001406 0.001752 0.002174 0.002686 0.003304 0.004047 0.004936 0.005995 0.007251 0.008731 0.010470 0.012500 0.014861 0.017593 0.020738 0.024341 0.028448 0.033107 0.038364 0.044267 0.050859 0.058185 0.066282 0.075184 0.084918 0.095504 0.106951 0.119260 0.132418 0.146401 0.161172 0.176675 0.192845 0.209597 0.226834 0.244441 0.262293 0.280248 0.298156 0.315856 0.333181 0.349958 0.366012 0.381171 0.395266 0.408135 0.419627 0.429603 0.437941 0.444538 0.449311 0.452200 0.453166 0.452200 0.449311 0.444538 0.437941 0.429603 0.419627 0.408135 0.395266 0.381171 0.366012 0.349958 0.333181 0.315856 0.298156 0.280248 0.262293 0.244441 0.226834 0.209597 0.192845 0.176675 0.161172 0.146401 0.132418 0.119260 0.106951 0.095504 0.084918 0.075184 0.066282 0.058185 0.050859 0.044267 0.038364 0.033107 0.028448 0.024341 0.020738 0.017593 0.014861 0.012500 0.010470 0.008731 0.007251 0.005995 0.004936 0.004047 0.003304 0.002686 0.002174 0.001752
0.001610 0.001998 0.002468 0.003037 0.003720 0.004537 0.005510 0.006664 0.008025 0.009623 0.011489 0.013659 0.016170 0.019060 0.022372 0.026147 0.030428 0.035260 0.040685 0.046745 0.053477 0.060919 0.069101 0.078048 0.087777 0.098298 0.109611 0.121704 0.134556 0.148131 0.162381 0.177242 0.192639 0.208481 0.224664 0.241071 0.257574 0.274033 0.290301 0.306224 0.321643 0.336399 0.350331 0.363286 0.375114 0.385676 0.394844 0.402508 0.408571 0.412958 0.415613 0.416502 0.415613 0.412958 0.408571 0.402508 0.394844 0.385676 0.375114 0.363286 0.350331 0.336399 0.321643 0.306224 0.290301 0.274033 0.257574 0.241071 0.224664 0.208481 0.192639 0.177242 0.162381 0.148131 0.134556 0.121704 0.109611 0.098298 0.087777 0.078048 0.069101 0.060919 0.053477 0.046745 0.040685 0.035260 0.030428 0.026147 0.022372 0.019060 0.016170 0.013659 0.011489 0.009623 0.008025 0.006664 0.005510 0.004537 0.003720 0.003037 0.002468 0.001998 0.001610 0.001292 0.001033 0.001000 0.001000 0.001000 0.001000 0.001000 0.001000 0.001000 0.001000 0.001000 0.001000 0.001000 0.001000 0.001000 0.001000 0.001000 0.001000 0.001000 0.001000 0.001000 0.001000 0.001000 0.001000 0.001000 0.001000 0.001000 0.001000 0.001000 0.001000 0.001000 0.001000 0.001000 0.001000 0.001000 0.001000 0.001000 0.001000 0.001000 0.001000 0.001000 0.001000 0.001000 0.001000 0.001000 0.001000 0.001000 0.001000 0.001033 0.001292 0.001610 0.001998 0.002468 0.003037 0.003720 0.004537 0.005510 0.006664 0.008025 0.009623 0.011489 0.013659 0.016170 0.019060 0.022372 0.026147 0.030428 0.035260 0.040685 0.046745 0.053477 0.060919 0.069101 0.078048 0.087777 0.098298 0.109611 0.121704 0.134556 0.148131 0.162381 0.177242 0.192639 0.208481 0.224664 0.241071 0.257574 0.274033 0.290301 0.306224 0.321643 0.336399 0.350331 0.363286 0.375114 0.385676 0.394844 0.402508 0.408571 0.412958 0.415613 0.416502 0.415613 0.412958 0.408571 0.402508 0.394844 0.385676 0.375114 0.363286 0.350331 0.336399 0.321643 0.306224 0.290301 0.274033 0.257574 0.241071 0.224664 0.208481 0.192639 0.177242 0.162381 0.148131 0.134556 0.121704 0.109611 0.098298 0.087777 0.078048 0.069101 0.060919 0.053477 0.046745 0.040685 0.035260 0.030428 0.026147 0.022372 0.019060 0.016170 0.013659 0.011489 0.009623 0.008025 0.006664 0.005510 0.004537 0.003720 0.003037 0.002468 0.001998 0.001610
0.001474 0.001828 0.002259 0.002779 0.003404 0.004152 0.005043 0.006099 0.007344 0.008806 0.010514 0.012500 0.014798 0.017443 0.020474 0.023929 0.027847 0.032269 0.037234 0.042779 0.048941 0.055752 0.063240 0.071427 0.080331 0.089960 0.100313 0.111381 0.123142 0.135566 0.148607 0.162208 0.176298 0.190797 0.205607 0.220622 0.235725 0.250788 0.265676 0.280248 0.294359 0.307863 0.320614 0.332470 0.343294 0.352960 0.361351 0.368365 0.373914 0.377929 0.380358 0.381171 0.380358 0.377929 0.373914 0.368365 0.361351 0.352960 0.343294 0.332470 0.320614 0.307863 0.294359 0.280248 0.265676 0.250788 0.235725 0.220622 0.205607 0.190797 0.176298 0.162208 0.148607 0.135566 0.123142 0.111381 0.100313 0.089960 0.080331 0.071427 0.063240 0.055752 0.048941 0.042779 0.037234 0.032269 0.027847 0.023929 0.020474 0.017443 0.014798 0.012500 0.010514 0.008806 0.007344 0.006099 0.005043 0.004152 0.003404 0.002779 0.002259 0.001828 0.001474 0.001183 0.001000 0.001000 0.001000 0.001000 0.001000 0.001000 0.001000 0.001000 0.001000 0.001000 0.001000 0.001000 0.001000 0.001000 0.001000 0.001000 0.001000 0.001000 0.001000 0.001000 0.001000 0.001000 0.001000 0.001000 0.001000 0.001000 0.001000 0.001000 0.001000 0.001000 0.001000 0.001000 0.001000 0.001000 0.001000 0.001000 0.001000 0.001000 0.001000 0.001000 0.001000 0.001000 0.001000 0.001000 0.001000 0.001000 0.001000 0.001000 0.001183 0.001474 0.001828 0.002259 0.002779 0.003404 0.004152 0.005043 0.006099 0.007344 0.008806 0.010514 0.012500 0.014798 0.017443 0.020474 0.023929 0.027847 0.032269 0.037234 0.042779 0.048941 0.055752 0.063240 0.071427 0.080331 0.089960 0.100313 0.111381 0.123142 0.135566 0.148607 0.162208 0.176298 0.190797 0.205607 0.220622 0.235725 0.250788 0.265676 0.280248 0.294359 0.307863 0.320614 0.332470 0.343294 0.352960 0.361351 0.368365 0.373914 0.377929 0.380358 0.381171 0.380358 0.377929 0.373914 0.368365 0.361351 0.352960 0.343294 0.332470 0.320614 0.307863 0.294359 0.280248 0.265676 0.250788 0.235725 0.220622 0.205607 0.190797 0.176298 0.162208 0.148607 0.135566 0.123142 0.111381 0.100313 0.089960 0.080331 0.071427 0.063240 0.055752 0.048941 0.042779 0.037234 0.032269 0.027847 0.023929 0.020474 0.017443 0.014798 0.012500 0.010514 0.008806 0.007344 0.006099 0.005043 0.004152 0.003404 0.002779 0.002259 0.001828 0.001474
0.001343 0.001666 0.002058 0.002532 0.003102 0.003784 0.004595 0.005558 0.006693 0.008025 0.009582 0.011391 0.013485 0.015896 0.018657 0.021806 0.025376 0.029406 0.033930 0.038984 0.044599 0.050805 0.057629 0.065090 0.073203 0.081978 0.091412 0.101498 0.112216 0.123538 0.135421 0.147815 0.160656 0.173868 0.187364 0.201047 0.214810 0.228536 0.242103 0.255382 0.268242 0.280548 0.292167 0.302971 0.312835 0.321643 0.329290 0.335681 0.340738 0.344396 0.346610 0.347351 0.346610 0.344396 0.340738 0.335681 0.329290 0.321643 0.312835 0.302971 0.292167 0.280548 0.268242 0.255382 0.242103 0.228536 0.214810 0.201047 0.187364 0.173868 0.160656 0.147815 0.135421 0.123538 0.112216 0.101498 0.091412 0.081978 0.073203 0.065090 0.057629 0.050805 0.044599 0.038984 0.033930 0.029406 0.025376 0.021806 0.018657 0.015896 0.013485 0.011391 0.009582 0.008025 0.006693 0.005558 0.004595 0.003784 0.003102 0.002532 0.002058 0.001666 0.001343 0.001078 0.001000 0.001000 0.001000 0.001000 0.001000 0.001000 0.001000 0.001000 0.001000 0.001000 0.001000 0.001000 0.001000 0.001000 0.001000 0.001000 0.001000 0.001000 0.001000 0.001000 0.001000 0.001000 0.001000 0.001000 0.001000 0.001000 0.001000 0.001000 0.001000 0.001000 0.001000 0.001000 0.001000 0.001000 0.001000 0.001000 0.001000 0.001000 0.001000 0.001000 0.001000 0.001000 0.001000 0.001000 0.001000 0.001000 0.001000 0.001000 0.001078 0.001343 0.001666 0.002058 0.002532 0.003102 0.003784 0.004595 0.005558 0.006693 0.008025 0.009582 0.011391 0.013485 0.015896 0.018657 0.021806 0.025376 0.029406 0.033930 0.038984 0.044599 0.050805 0.057629 0.065090 0.073203 0.081978 0.091412 0.101498 0.112216 0.123538 0.135421 0.147815 0.160656 0.173868 0.187364 0.201047 0.214810 0.228536 0.242103 0.255382 0.268242 0.280548 0.292167 0.302971 0.312835 0.321643 0.329290 0.335681 0.340738 0.344396 0.346610 0.347351 0.346610 0.344396 0.340738 0.335681 0.329290 0.321643 0.312835 0.302971 0.292167 0.280548 0.268242 0.255382 0.242103 0.228536 0.214810 0.201047 0.187364 0.173868 0.160656 0.147815 0.135421 0.123538 0.112216 0.101498 0.091412 0.081978 0.073203 0.065090 0.057629 0.050805 0.044599 0.038984 0.033930 0.029406 0.025376 0.021806 0.018657 0.015896 0.013485 0.011391 0.009582 0.008025 0.006693 0.005558 0.004595 0.003784 0.003102 0.002532 0.002058 0.001666 0.001343
0.001218 0.001512 0.001868 0.002298 0.002815 0.003433 0.004170 0.005043 0.006073 0.007282 0.008694 0.010336 0.012236 0.014424 0.016930 0.019786 0.023026 0.026683 0.030788 0.035373 0.040468 0.046100 0.052291 0.059062 0.066424 0.074386 0.082946 0.092098 0.101824 0.112097 0.122880 0.134126 0.145777 0.157766 0.170012 0.182428 0.194916 0.207371 0.219682 0.231731 0.243399 0.254566 0.265109 0.274912 0.283863 0.291855 0.298794 0.304593 0.309181 0.312501 0.314510 0.315182 0.314510 0.312501 0.309181 0.304593 0.298794 0.291855 0.283863 0.274912 0.265109 0.254566 0.243399 0.231731 0.219682 0.207371 0.194916 0.182428 0.170012 0.157766 0.145777 0.134126 0.122880 0.112097 0.101824 0.092098 0.082946 0.074386 0.066424 0.059062 0.052291 0.046100 0.040468 0.035373 0.030788 0.026683 0.023026 0.019786 0.016930 0.014424 0.012236 0.010336 0.008694 0.007282 0.006073 0.005043 0.004170 0.003433 0.002815 0.002298 0.001868 0.001512 0.001218 0.001000 0.001000 0.001000 0.001000 0.001000 0.001000 0.001000 0.001000 0.001000 0.001000 0.001000 0.001000 0.001000 0.001000 0.001000 0.001000 0.001000 0.001000 0.001000 0.001000 0.001000 0.001000 0.001000 0.001000 0.001000 0.001000 0.001000 0.001000 0.001000 0.001000 0.001000 0.001000 0.001000 0.001000 0.001000 0.001000 0.001000 0.001000 0.001000 0.001000 0.001000 0.001000 0.001000 0.001000 0.001000 0.001000 0.001000 0.001000 0.001000 0.001000 0.001218 0.001512 0.001868 0.002298 0.002815 0.003433 0.004170 0.005043 0.006073 0.007282 0.008694 0.010336 0.012236 0.014424 0.016930 0.019786 0.023026 0.026683 0.030788 0.035373 0.040468 0.046100 0.052291 0.059062 0.066424 0.074386 0.082946 0.092098 0.101824 0.112097 0.122880 0.134126 0.145777 0.157766 0.170012 0.182428 0.194916 0.207371 0.219682 0.231731 0.243399 0.254566 0.265109 0.274912 0.283863 0.291855 0.298794 0.304593 0.309181 0.312501 0.314510 0.315182 0.314510 0.312501 0.309181 0.304593 0.298794 0.291855 0.283863 0.274912 0.265109 0.254566 0.243399 0.231731 0.219682 0.207371 0.194916 0.182428 0.170012 0.157766 0.145777 0.134126 0.122880 0.112097 0.101824 0.092098 0.082946 0.074386 0.066424 0.059062 0.052291 0.046100 0.040468 0.035373 0.030788 0.026683 0.023026 0.019786 0.016930 0.014424 0.012236 0.010336 0.008694 0.007282 0.006073 0.005043 0.004170 0.003433 0.002815 0.002298 0.001868 0.001512 0.001218
0.001101 0.001366 0.001688 0.002076 0.002543 0.003102 0.003768 0.004556 0.005487 0.006579 0.007855 0.009339 0.011056 0.013032 0.015296 0.017877 0.020805 0.024108 0.027818 0.031961 0.036564 0.041652 0.047246 0.053363 0.060015 0.067209 0.074944 0.083213 0.092000 0.101282 0.111024 0.121185 0.131713 0.142544 0.153609 0.164827 0.176110 0.187364 0.198487 0.209374 0.219916 0.230005 0.239531 0.248389 0.256476 0.263697 0.269966 0.275206 0.279352 0.282351 0.284166 0.284774 0.284166 0.282351 0.279352 0.275206 0.269966 0.263697 0.256476 0.248389 0.239531 0.230005 0.219916 0.209374 0.198487 0.187364 0.176110 0.164827 0.153609 0.142544 0.131713 0.121185 0.111024 0.101282 0.092000 0.083213 0.074944 0.067209 0.060015 0.053363 0.047246 0.041652 0.036564 0.031961 0.027818 0.024108 0.020805 0.017877 0.015296 0.013032 0.011056 0.009339 0.007855 0.006579 0.005487 0.004556 0.003768 0.003102 0.002543 0.002076 0.001688 0.001366 0.001101 0.001000 0.001000 0.001000 0.001000 0.001000 0.001000 0.001000 0.001000 0.001000 0.001000 0.001000 0.001000 0.001000 0.001000 0.001000 0.001000 0.001000 0.001000 0.001000 0.001000 0.001000 0.001000 0.001000 0.001000 0.001000 0.001000 0.001000 0.001000 0.001000 0.001000 0.001000 0.001000 0.001000 0.001000 0.001000 0.001000 0.001000 0.001000 0.001000 0.001000 0.001000 0.001000 0.001000 0.001000 0.001000 0.001000 0.001000 0.001000 0.001000 0.001000 0.001101 0.001366 0.001688 0.002076 0.002543 0.003102 0.003768 0.004556 0.005487 0.006579 0.007855 0.009339 0.011056 0.013032 0.015296 0.017877 0.020805 0.024108 0.027818 0.031961 0.036564 0.041652 0.047246 0.053363 0.060015 0.067209 0.074944 0.083213 0.092000 0.101282 0.111024 0.121185 0.131713 0.142544 0.153609 0.164827 0.176110 0.187364 0.198487 0.209374 0.219916 0.230005 0.239531 0.248389 0.256476 0.263697 0.269966 0.275206 0.279352 0.282351 0.284166 0.284774 0.284166 0.282351 0.279352 0.275206 0.269966 0.263697 0.256476 0.248389 0.239531 0.230005 0.219916 0.209374 0.198487 0.187364 0.176110 0.164827 0.153609 0.142544 0.131713 0.121185 0.111024 0.101282 0.092000 0.083213 0.074944 0.067209 0.060015 0.053363 0.047246 0.041652 0.036564 0.031961 0.027818 0.024108 0.020805 0.017877 0.015296 0.013032 0.011056 0.009339 0.007855 0.006579 0.005487 0.004556 0.003768 0.003102 0.002543 0.002076 0.001688 0.001366 0.001101
0.001000 0.001229 0.001518 0.001868 0.002288 0.002791 0.003390 0.004099 0.004936 0.005919 0.007067 0.008402 0.009946 0.011725 0.013762 0.016084 0.018717 0.021690 0.025027 0.028754 0.032896 0.037473 0.042506 0.048009 0.053994 0.060466 0.067425 0.074864 0.082769 0.091120 0.099885 0.109027 0.118498 0.128243 0.138197 0.148290 0.158441 0.168565 0.178572 0.188367 0.197852 0.206928 0.215499 0.223468 0.230743 0.237240 0.242880 0.247594 0.251324 0.254022 0.255655 0.256202 0.255655 0.254022 0.251324 0.247594 0.242880 0.237240 0.230743 0.223468 0.215499 0.206928 0.197852 0.188367 0.178572 0.168565 0.158441 0.148290 0.138197 0.128243 0.118498 0.109027 0.099885 0.091120 0.082769 0.074864 0.067425 0.060466 0.053994 0.048009 0.042506 0.037473 0.032896 0.028754 0.025027 0.021690 0.018717 0.016084 0.013762 0.011725 0.009946 0.008402 0.007067 0.005919 0.004936 0.004099 0.003390 0.002791 0.002288 0.001868 0.001518 0.001229 0.001000 0.001000 0.001000 0.001000 0.001000 0.001000 0.001000 0.001000 0.001000 0.001000 0.001000 0.001000 0.001000 0.001000 0.001000 0.001000 0.001000 0.001000 0.001000 0.001000 0.001000 0.001000 0.001000 0.001000 0.001000 0.001000 0.001000 0.001000 0.001000 0.001000 0.001000 0.001000 0.001000 0.001000 0.001000 0.001000 0.001000 0.001000 0.001000 0.001000 0.001000 0.001000 0.001000 0.001000 0.001000 0.001000 0.001000 0.001000 0.001000 0.001000 0.001000 0.001000 0.001229 0.001518 0.001868 0.002288 0.002791 0.003390 0.004099 0.004936 0.005919 0.007067 0.008402 0.009946 0.011725 0.013762 0.016084 0.018717 0.021690 0.025027 0.028754 0.032896 0.037473 0.042506 0.048009 0.053994 0.060466 0.067425 0.074864 0.082769 0.091120 0.099885 0.109027 0.118498 0.128243 0.138197 0.148290 0.158441 0.168565 0.178572 0.188367 0.197852 0.206928 0.215499 0.223468 0.230743 0.237240 0.242880 0.247594 0.251324 0.254022 0.255655 0.256202 0.255655 0.254022 0.251324 0.247594 0.242880 0.237240 0.230743 0.223468 0.215499 0.206928 0.197852 0.188367 0.178572 0.168565 0.158441 0.148290 0.138197 0.128243 0.118498 0.109027 0.099885 0.091120 0.082769 0.074864 0.067425 0.060466 0.053994 0.048009 0.042506 0.037473 0.032896 0.028754 0.025027 0.021690 0.018717 0.016084 0.013762 0.011725 0.009946 0.008402 0.007067 0.005919 0.004936 0.004099 0.003390 0.002791 0.002288 0.001868 0.001518 0.001229 0.001000
0.001000 0.001101 0.001360 0.001673 0.002050 0.002500 0.003037 0.003672 0.004422 0.005303 0.006331 0.007527 0.008910 0.010503 0.012328 0.014408 0.016768 0.019430 0.022420 0.025759 0.029469 0.033570 0.038078 0.043008 0.048370 0.054167 0.060401 0.067065 0.074148 0.081628 0.089480 0.097670 0.106154 0.114884 0.123802 0.132843 0.141937 0.151007 0.159971 0.168745 0.177242 0.185373 0.193051 0.200190 0.206708 0.212528 0.217580 0.221803 0.225144 0.227562 0.229025 0.229514 0.229025 0.227562 0.225144 0.221803 0.217580 0.212528 0.206708 0.200190 0.193051 0.185373 0.177242 0.168745 0.159971 0.151007 0.141937 0.132843 0.123802 0.114884 0.106154 0.097670 0.089480 0.081628 0.074148 0.067065 0.060401 0.054167 0.048370 0.043008 0.038078 0.033570 0.029469 0.025759 0.022420 0.019430 0.016768 0.014408 0.012328 0.010503 0.008910 0.007527 0.006331 0.005303 0.004422 0.003672 0.003037 0.002500 0.002050 0.001673 0.001360 0.001101 0.001000 0.001000 0.001000 0.001000 0.001000 0.001000 0.001000 0.001000 0.001000 0.001000 0.001000 0.001000 0.001000 0.001000 0.001000 0.001000 0.001000 0.001000 0.001000 0.001000 0.001000 0.001000 0.001000 0.001000 0.001000 0.001000 0.001000 0.001000 0.001000 0.001000 0.001000 0.001000 0.001000 0.001000 0.001000 0.001000 0.001000 0.001000 0.001000 0.001000 0.001000 0.001000 0.001000 0.001000 0.001000 0.001000 0.001000 0.001000 0.001000 0.001000 0.001000 0.001000 0.001101 0.001360 0.001673 0.002050 0.002500 0.003037 0.003672 0.004422 0.005303 0.006331 0.007527 0.008910 0.010503 0.012328 0.014408 0.016768 0.019430 0.022420 0.025759 0.029469 0.033570 0.038078 0.043008 0.048370 0.054167 0.060401 0.067065 0.074148 0.081628 0.089480 0.097670 0.106154 0.114884 0.123802 0.132843 0.141937 0.151007 0.159971 0.168745 0.177242 0.185373 0.193051 0.200190 0.206708 0.212528 0.217580 0.221803 0.225144 0.227562 0.229025 0.229514 0.229025 0.227562 0.225144 0.221803 0.217580 0.212528 0.206708 0.200190 0.193051 0.185373 0.177242 0.168745 0.159971 0.151007 0.141937 0.132843 0.123802 0.114884 0.106154 0.097670 0.089480 0.081628 0.074148 0.067065 0.060401 0.054167 0.048370 0.043008 0.038078 0.033570 0.029469 0.025759 0.022420 0.019430 0.016768 0.014408 0.012328 0.010503 0.008910 0.007527 0.006331 0.005303 0.004422 0.003672 0.003037 0.002500 0.002050 0.001673 0.001360 0.001101 0.001000
0.001000 0.001000 0.001213 0.001493 0.001828 0.002230 0.002709 0.003276 0.003945 0.004730 0.005647 0.006714 0.007948 0.009369 0.010997 0.012852 0.014957 0.017332 0.019999 0.022977 0.026287 0.029945 0.033967 0.038364 0.043146 0.048318 0.053879 0.059823 0.066141 0.072814 0.079818 0.087123 0.094691 0.102478 0.110433 0.118498 0.126610 0.134700 0.142697 0.150524 0.158103 0.165356 0.172205 0.178572 0.184386 0.189578 0.194085 0.197852 0.200832 0.202989 0.204293 0.204730 0.204293 0.202989 0.200832 0.197852 0.194085 0.189578 0.184386 0.178572 0.172205 0.165356 0.158103 0.150524 0.142697 0.134700 0.126610 0.118498 0.110433 0.102478 0.094691 0.087123 0.079818 0.072814 0.066141 0.059823 0.053879 0.048318 0.043146 0.038364 0.033967 0.029945 0.026287 0.022977 0.019999 0.017332 0.014957 0.012852 0.010997 0.009369 0.007948 0.006714 0.005647 0.004730 0.003945 0.003276 0.002709 0.002230 0.001828 0.001493 0.001213 0.001000 0.001000 0.001000 0.001000 0.001000 0.001000 0.001000 0.001000 0.001000 0.001000 0.001000 0.001000 0.001000 0.001000 0.001000 0.001000 0.001000 0.001000 0.001000 0.001000 0.001000 0.001000 0.001000 0.001000 0.001000 0.001000 0.001000 0.001000 0.001000 0.001000 0.001000 0.001000 0.001000 0.001000 0.001000 0.001000 0.001000 0.001000 0.001000 0.001000 0.001000 0.001000 0.001000 0.001000 0.001000 0.001000 0.001000 0.001000 0.001000 0.001000 0.001000 0.001000 0.001000 0.001000 0.001213 0.001493 0.001828 0.002230 0.002709 0.003276 0.003945 0.004730 0.005647 0.006714 0.007948 0.009369 0.010997 0.012852 0.014957 0.017332 0.019999 0.022977 0.026287 0.029945 0.033967 0.038364 0.043146 0.048318 0.053879 0.059823 0.066141 0.072814 0.079818 0.087123 0.094691 0.102478 0.110433 0.118498 0.126610 0.134700 0.142697 0.150524 0.158103 0.165356 0.172205 0.178572 0.184386 0.189578 0.194085 0.197852 0.200832 0.202989 0.204293 0.204730 0.204293 0.202989 0.200832 0.197852 0.194085 0.189578 0.184386 0.178572 0.172205 0.165356 0.158103 0.150524 0.142697 0.134700 0.126610 0.118498 0.110433 0.102478 0.094691 0.087123 0.079818 0.072814 0.066141 0.059823 0.053879 0.048318 0.043146 0.038364 0.033967 0.029945 0.026287 0.022977 0.019999 0.017332 0.014957 0.012852 0.010997 0.009369 0.007948 0.006714 0.005647 0.004730 0.003945 0.003276 0.002709 0.002230 0.001828 0.001493 0.001213 0.001000 0.001000
0.001000 0.001000 0.001078 0.001326 0.001624 0.001981 0.002406 0.002910 0.003504 0.004201 0.005016 0.005964 0.007060 0.008322 0.009767 0.011416 0.013285 0.015395 0.017763 0.020409 0.023348 0.026597 0.030170 0.034076 0.038323 0.042917 0.047856 0.053136 0.058747 0.064674 0.070895 0.077384 0.084106 0.091023 0.098088 0.105251 0.112456 0.119642 0.126745 0.133697 0.140429 0.146871 0.152954 0.158610 0.163774 0.168385 0.172389 0.175734 0.178382 0.180297 0.181456 0.181844 0.181456 0.180297 0.178382 0.175734 0.172389 0.168385 0.163774 0.158610 0.152954 0.146871 0.140429 0.133697 0.126745 0.119642 0.112456 0.105251 0.098088 0.091023 0.084106 0.077384 0.070895 0.064674 0.058747 0.053136 0.047856 0.042917 0.038323 0.034076 0.030170 0.026597 0.023348 0.020409 0.017763 0.015395 0.013285 0.011416 0.009767 0.008322 0.007060 0.005964 0.005016 0.004201 0.003504 0.002910 0.002406 0.001981 0.001624 0.001326 0.001078 0.001000 0.001000 0.001000 0.001000 0.001000 0.001000 0.001000 0.001000 0.001000 0.001000 0.001000 0.001000 0.001000 0.001000 0.001000 0.001000 0.001000 0.001000 0.001000 0.001000 0.001000 0.001000 0.001000 0.001000 0.001000 0.001000 0.001000 0.001000 0.001000 0.001000 0.001000 0.001000 0.001000 0.001000 0.001000 0.001000 0.001000 0.001000 0.001000 0.001000 0.001000 0.001000 0.001000 0.001000 0.001000 0.001000 0.001000 0.001000 0.001000 0.001000 0.001000 0.001000 0.001000 0.001000 0.001078 0.001326 0.001624 0.001981 0.002406 0.002910 0.003504 0.004201 0.005016 0.005964 0.007060 0.008322 0.009767 0.011416 0.013285 0.015395 0.017763 0.020409 0.023348 0.026597 0.030170 0.034076 0.038323 0.042917 0.047856 0.053136 0.058747 0.064674 0.070895 0.077384 0.084106 0.091023 0.098088 0.105251 0.112456 0.119642 0.126745 0.133697 0.140429 0.146871 0.152954 0.158610 0.163774 0.168385 0.172389 0.175734 0.178382 0.180297 0.181456 0.181844 0.181456 0.180297 0.178382 0.175734 0.172389 0.168385 0.163774 0.158610 0.152954 0.146871 0.140429 0.133697 0.126745 0.119642 0.112456 0.105251 0.098088 0.091023 0.084106 0.077384 0.070895 0.064674 0.058747 0.053136 0.047856 0.042917 0.038323 0.034076 0.030170 0.026597 0.023348 0.020409 0.017763 0.015395 0.013285 0.011416 0.009767 0.008322 0.007060 0.005964 0.005016 0.004201 0.003504 0.002910 0.002406 0.001981 0.001624 0.001326 0.001078 0.001000 0.001000
0.001000 0.001000 0.001000 0.001173 0.001436 0.001752 0.002128 0.002573 0.003099 0.003716 0.004436 0.005274 0.006244 0.007360 0.008639 0.010096 0.011750 0.013615 0.015710 0.018050 0.020650 0.023523 0.026683 0.030137 0.033894 0.037957 0.042325 0.046995 0.051957 0.057199 0.062702 0.068440 0.074386 0.080503 0.086752 0.093087 0.099459 0.105815 0.112097 0.118245 0.124199 0.129897 0.135277 0.140279 0.144846 0.148925 0.152465 0.155424 0.157766 0.159459 0.160484 0.160828 0.160484 0.159459 0.157766 0.155424 0.152465 0.148925 0.144846 0.140279 0.135277 0.129897 0.124199 0.118245 0.112097 0.105815 0.099459 0.093087 0.086752 0.080503 0.074386 0.068440 0.062702 0.057199 0.051957 0.046995 0.042325 0.037957 0.033894 0.030137 0.026683 0.023523 0.020650 0.018050 0.015710 0.013615 0.011750 0.010096 0.008639 0.007360 0.006244 0.005274 0.004436 0.003716 0.003099 0.002573 0.002128 0.001752 0.001436 0.001173 0.001000 0.001000 0.001000 0.001000 0.001000 0.001000 0.001000 0.001000 0.001000 0.001000 0.001000 0.001000 0.001000 0.001000 0.001000 0.001000 0.001000 0.001000 0.001000 0.001000 0.001000 0.001000 0.001000 0.001000 0.001000 0.001000 0.001000 0.001000 0.001000 0.001000 0.001000 0.001000 0.001000 0.001000 0.001000 0.001000 0.001000 0.001000 0.001000 0.001000 0.001000 0.001000 0.001000 0.001000 0.001000 0.001000 0.001000 0.001000 0.001000 0.001000 0.001000 0.001000 0.001000 0.001000 0.001000 0.001000 0.001173 0.001436 0.001752 0.002128 0.002573 0.003099 0.003716 0.004436 0.005274 0.006244 0.007360 0.008639 0.010096 0.011750 0.013615 0.015710 0.018050 0.020650 0.023523 0.026683 0.030137 0.033894 0.037957 0.042325 0.046995 0.051957 0.057199 0.062702 0.068440 0.074386 0.080503 0.086752 0.093087 0.099459 0.105815 0.112097 0.118245 0.124199 0.129897 0.135277 0.140279 0.144846 0.148925 0.152465 0.155424 0.157766 0.159459 0.160484 0.160828 0.160484 0.159459 0.157766 0.155424 0.152465 0.148925 0.144846 0.140279 0.135277 0.129897 0.124199 0.118245 0.112097 0.105815 0.099459 0.093087 0.086752 0.080503 0.074386 0.068440 0.062702 0.057199 0.051957 0.046995 0.042325 0.037957 0.033894 0.030137 0.026683 0.023523 0.020650 0.018050 0.015710 0.013615 0.011750 0.010096 0.008639 0.007360 0.006244 0.005274 0.004436 0.003716 0.003099 0.002573 0.002128 0.001752 0.001436 0.001173 0.001000 0.001000 0.001000
0.001000 0.001000 0.001000 0.001033 0.001265 0.001543 0.001874 0.002266 0.002729 0.003272 0.003907 0.004645 0.005499 0.006482 0.007608 0.008891 0.010347 0.011990 0.013835 0.015896 0.018185 0.020716 0.023498 0.026541 0.029849 0.033427 0.037274 0.041386 0.045757 0.050373 0.055219 0.060272 0.065508 0.070895 0.076398 0.081978 0.087589 0.093186 0.098719 0.104133 0.109377 0.114394 0.119132 0.123538 0.127560 0.131151 0.134269 0.136875 0.138937 0.140429 0.141332 0.141634 0.141332 0.140429 0.138937 0.136875 0.134269 0.131151 0.127560 0.123538 0.119132 0.114394 0.109377 0.104133 0.098719 0.093186 0.087589 0.081978 0.076398 0.070895 0.065508 0.060272 0.055219 0.050373 0.045757 0.041386 0.037274 0.033427 0.029849 0.026541 0.023498 0.020716 0.018185 0.015896 0.013835 0.011990 0.010347 0.008891 0.007608 0.006482 0.005499 0.004645 0.003907 0.003272 0.002729 0.002266 0.001874 0.001543 0.001265 0.001033 0.001000 0.001000 0.001000 0.001000 0.001000 0.001000 0.001000 0.001000 0.001000 0.001000 0.001000 0.001000 0.001000 0.001000 0.001000 0.001000 0.001000 0.001000 0.001000 0.001000 0.001000 0.001000 0.001000 0.001000 0.001000 0.001000 0.001000 0.001000 0.001000 0.001000 0.001000 0.001000 0.001000 0.001000 0.001000 0.001000 0.001000 0.001000 0.001000 0.001000 0.001000 0.001000 0.001000 0.001000 0.001000 0.001000 0.001000 0.001000 0.001000 0.001000 0.001000 0.001000 0.001000 0.001000 0.001000 0.001000 0.001033 0.001265 0.001543 0.001874 0.002266 0.002729 0.003272 0.003907 0.004645 0.005499 0.006482 0.007608 0.008891 0.010347 0.011990 0.013835 0.015896 0.018185 0.020716 0.023498 0.026541 0.029849 0.033427 0.037274 0.041386 0.045757 0.050373 0.055219 0.060272 0.065508 0.070895 0.076398 0.081978 0.087589 0.093186 0.098719 0.104133 0.109377 0.114394 0.119132 0.123538 0.127560 0.131151 0.134269 0.136875 0.138937 0.140429 0.141332 0.141634 0.141332 0.140429 0.138937 0.136875 0.134269 0.131151 0.127560 0.123538 0.119132 0.114394 0.109377 0.104133 0.098719 0.093186 0.087589 0.081978 0.076398 0.070895 0.065508 0.060272 0.055219 0.050373 0.045757 0.041386 0.037274 0.033427 0.029849 0.026541 0.023498 0.020716 0.018185 0.015896 0.013835 0.011990 0.010347 0.008891 0.007608 0.006482 0.005499 0.004645 0.003907 0.003272 0.002729 0.002266 0.001874 0.001543 0.001265 0.001033 0.001000 0.001000 0.001000
0.001000 0.001000 0.001000 0.001000 0.001109 0.001353 0.001643 0.001987 0.002393 0.002869 0.003426 0.004073 0.004822 0.005684 0.006671 0.007797 0.009074 0.010514 0.012132 0.013939 0.015947 0.018166 0.020606 0.023274 0.026175 0.029312 0.032685 0.036292 0.040124 0.044172 0.048421 0.052853 0.057444 0.062168 0.066994 0.071886 0.076807 0.081715 0.086567 0.091315 0.095913 0.100313 0.104467 0.108330 0.111857 0.115007 0.117741 0.120026 0.121834 0.123142 0.123934 0.124199 0.123934 0.123142 0.121834 0.120026 0.117741 0.115007 0.111857 0.108330 0.104467 0.100313 0.095913 0.091315 0.086567 0.081715 0.076807 0.071886 0.066994 0.062168 0.057444 0.052853 0.048421 0.044172 0.040124 0.036292 0.032685 0.029312 0.026175 0.023274 0.020606 0.018166 0.015947 0.013939 0.012132 0.010514 0.009074 0.007797 0.006671 0.005684 0.004822 0.004073 0.003426 0.002869 0.002393 0.001987 0.001643 0.001353 0.001109 0.001000 0.001000 0.001000 0.001000 0.001000 0.001000 0.001000 0.001000 0.001000 0.001000 0.001000 0.001000 0.001000 0.001000 0.001000 0.001000 0.001000 0.001000 0.001000 0.001000 0.001000 0.001000 0.001000 0.001000 0.001000 0.001000 0.001000 0.001000 0.001000 0.001000 0.001000 0.001000 0.001000 0.001000 0.001000 0.001000 0.001000 0.001000 0.001000 0.001000 0.001000 0.001000 0.001000 0.001000 0.001000 0.001000 0.001000 0.001000 0.001000 0.001000 0.001000 0.001000 0.001000 0.001000 0.001000 0.001000 0.001000 0.001000 0.001109 0.001353 0.001643 0.001987 0.002393 0.002869 0.003426 0.004073 0.004822 0.005684 0.006671 0.007797 0.009074 0.010514 0.012132 0.013939 0.015947 0.018166 0.020606 0.023274 0.026175 0.029312 0.032685 0.036292 0.040124 0.044172 0.048421 0.052853 0.057444 0.062168 0.066994 0.071886 0.076807 0.081715 0.086567 0.091315 0.095913 0.100313 0.104467 0.108330 0.111857 0.115007 0.117741 0.120026 0.121834 0.123142 0.123934 0.124199 0.123934 0.123142 0.121834 0.120026 0.117741 0.115007 0.111857 0.108330 0.104467 0.100313 0.095913 0.091315 0.086567 0.081715 0.076807 0.071886 0.066994 0.062168 0.057444 0.052853 0.048421 0.044172 0.040124 0.036292 0.032685 0.029312 0.026175 0.023274 0.020606 0.018166 0.015947 0.013939 0.012132 0.010514 0.009074 0.007797 0.006671 0.005684 0.004822 0.004073 0.003426 0.002869 0.002393 0.001987 0.001643 0.001353 0.001109 0.001000 0.001000 0.001000 0.001000
0.001000 0.001000 0.001000 0.001000 0.001000 0.001181 0.001435 0.001735 0.002089 0.002505 0.002991 0.003556 0.004210 0.004963 0.005825 0.006808 0.007923 0.009181 0.010593 0.012171 0.013924 0.015862 0.017992 0.020322 0.022855 0.025594 0.028540 0.031689 0.035035 0.038570 0.042280 0.046149 0.050158 0.054283 0.058497 0.062769 0.067065 0.071351 0.075587 0.079733 0.083748 0.087589 0.091217 0.094590 0.097670 0.100420 0.102807 0.104803 0.106381 0.107524 0.108215 0.108446 0.108215 0.107524 0.106381 0.104803 0.102807 0.100420 0.097670 0.094590 0.091217 0.087589 0.083748 0.079733 0.075587 0.071351 0.067065 0.062769 0.058497 0.054283 0.050158 0.046149 0.042280 0.038570 0.035035 0.031689 0.028540 0.025594 0.022855 0.020322 0.017992 0.015862 0.013924 0.012171 0.010593 0.009181 0.007923 0.006808 0.005825 0.004963 0.004210 0.003556 0.002991 0.002505 0.002089 0.001735 0.001435 0.001181 0.001000 0.001000 0.001000 0.001000 0.001000 0.001000 0.001000 0.001000 0.001000 0.001000 0.001000 0.001000 0.001000 0.001000 0.001000 0.001000 0.001000 0.001000 0.001000 0.001000 0.001000 0.001000 0.001000 0.001000 0.001000 0.001000 0.001000 0.001000 0.001000 0.001000 0.001000 0.001000 0.001000 0.001000 0.001000 0.001000 0.001000 0.001000 0.001000 0.001000 0.001000 0.001000 0.001000 0.001000 0.001000 0.001000 0.001000 0.001000 0.001000 0.001000 0.001000 0.001000 0.001000 0.001000 0.001000 0.001000 0.001000 0.001000 0.001000 0.001000 0.001181 0.001435 0.001735 0.002089 0.002505 0.002991 0.003556 0.004210 0.004963 0.005825 0.006808 0.007923 0.009181 0.010593 0.012171 0.013924 0.015862 0.017992 0.020322 0.022855 0.025594 0.028540 0.031689 0.035035 0.038570 0.042280 0.046149 0.050158 0.054283 0.058497 0.062769 0.067065 0.071351 0.075587 0.079733 0.083748 0.087589 0.091217 0.094590 0.097670 0.100420 0.102807 0.104803 0.106381 0.107524 0.108215 0.108446 0.108215 0.107524 0.106381 0.104803 0.102807 0.100420 0.097670 0.094590 0.091217 0.087589 0.083748 0.079733 0.075587 0.071351 0.067065 0.062769 0.058497 0.054283 0.050158 0.046149 0.042280 0.038570 0.035035 0.031689 0.028540 0.025594 0.022855 0.020322 0.017992 0.015862 0.013924 0.012171 0.010593 0.009181 0.007923 0.006808 0.005825 0.004963 0.004210 0.003556 0.002991 0.002505 0.002089 0.001735 0.001435 0.001181 0.001000 0.001000 0.001000 0.001000 0.001000
0.001000 0.001000 0.001000 0.001000 0.001000 0.001027 0.001247 0.001509 0.001817 0.002178 0.002601 0.003092 0.003661 0.004315 0.005065 0.005919 0.006888 0.007982 0.009210 0.010582 0.012106 0.013791 0.015643 0.017668 0.019871 0.022253 0.024814 0.027551 0.030461 0.033534 0.036760 0.040124 0.043610 0.047196 0.050859 0.054574 0.058310 0.062036 0.065718 0.069323 0.072814 0.076154 0.079308 0.082241 0.084918 0.087309 0.089385 0.091120 0.092492 0.093486 0.094086 0.094288 0.094086 0.093486 0.092492 0.091120 0.089385 0.087309 0.084918 0.082241 0.079308 0.076154 0.072814 0.069323 0.065718 0.062036 0.058310 0.054574 0.050859 0.047196 0.043610 0.040124 0.036760 0.033534 0.030461 0.027551 0.024814 0.022253 0.019871 0.017668 0.015643 0.013791 0.012106 0.010582 0.009210 0.007982 0.006888 0.005919 0.005065 0.004315 0.003661 0.003092 0.002601 0.002178 0.001817 0.001509 0.001247 0.001027 0.001000 0.001000 0.001000 0.001000 0.001000 0.001000 0.001000 0.001000 0.001000 0.001000 0.001000 0.001000 0.001000 0.001000 0.001000 0.001000 0.001000 0.001000 0.001000 0.001000 0.001000 0.001000 0.001000 0.001000 0.001000 0.001000 0.001000 0.001000 0.001000 0.001000 0.001000 0.001000 0.001000 0.001000 0.001000 0.001000 0.001000 0.001000 0.001000 0.001000 0.001000 0.001000 0.001000 0.001000 0.001000 0.001000 0.001000 0.001000 0.001000 0.001000 0.001000 0.001000 0.001000 0.001000 0.001000 0.001000 0.001000 0.001000 0.001000 0.001000 0.001027 0.001247 0.001509 0.001817 0.002178 0.002601 0.003092 0.003661 0.004315 0.005065 0.005919 0.006888 0.007982 0.009210 0.010582 0.012106 0.013791 0.015643 0.017668 0.019871 0.022253 0.024814 0.027551 0.030461 0.033534 0.036760 0.040124 0.043610 0.047196 0.050859 0.054574 0.058310 0.062036 0.065718 0.069323 0.072814 0.076154 0.079308 0.082241 0.084918 0.087309 0.089385 0.091120 0.092492 0.093486 0.094086 0.094288 0.094086 0.093486 0.092492 0.091120 0.089385 0.087309 0.084918 0.082241 0.079308 0.076154 0.072814 0.069323 0.065718 0.062036 0.058310 0.054574 0.050859 0.047196 0.043610 0.040124 0.036760 0.033534 0.030461 0.027551 0.024814 0.022253 0.019871 0.017668 0.015643 0.013791 0.012106 0.010582 0.009210 0.007982 0.006888 0.005919 0.005065 0.004315 0.003661 0.003092 0.002601 0.002178 0.001817 0.001509 0.001247 0.001027 0.001000 0.001000 0.001000 0.001000 0.001000
0.001000 0.001000 0.001000 0.001000 0.001000 0.001000 0.001080 0.001306 0.001573 0.001886 0.002252 0.002677 0.003169 0.003736 0.004385 0.005124 0.005964 0.006910 0.007974 0.009161 0.010481 0.011939 0.013543 0.015296 0.017203 0.019265 0.021482 0.023852 0.026371 0.029032 0.031824 0.034737 0.037754 0.040859 0.044031 0.047246 0.050481 0.053706 0.056895 0.060015 0.063037 0.065929 0.068660 0.071199 0.073517 0.075587 0.077384 0.078886 0.080074 0.080934 0.081454 0.081628 0.081454 0.080934 0.080074 0.078886 0.077384 0.075587 0.073517 0.071199 0.068660 0.065929 0.063037 0.060015 0.056895 0.053706 0.050481 0.047246 0.044031 0.040859 0.037754 0.034737 0.031824 0.029032 0.026371 0.023852 0.021482 0.019265 0.017203 0.015296 0.013543 0.011939 0.010481 0.009161 0.007974 0.006910 0.005964 0.005124 0.004385 0.003736 0.003169 0.002677 0.002252 0.001886 0.001573 0.001306 0.001080 0.001000 0.001000 0.001000 0.001000 0.001000 0.001000 0.001000 0.001000 0.001000 0.001000 0.001000 0.001000 0.001000 0.001000 0.001000 0.001000 0.001000 0.001000 0.001000 0.001000 0.001000 0.001000 0.001000 0.001000 0.001000 0.001000 0.001000 0.001000 0.001000 0.001000 0.001000 0.001000 0.001000 0.001000 0.001000 0.001000 0.001000 0.001000 0.001000 0.001000 0.001000 0.001000 0.001000 0.001000 0.001000 0.001000 0.001000 0.001000 0.001000 0.001000 0.001000 0.001000 0.001000 0.001000 0.001000 0.001000 0.001000 0.001000 0.001000 0.001000 0.001000 0.001000 0.001080 0.001306 0.001573 0.001886 0.002252 0.002677 0.003169 0.003736 0.004385 0.005124 0.005964 0.006910 0.007974 0.009161 0.010481 0.011939 0.013543 0.015296 0.017203 0.019265 0.021482 0.023852 0.026371 0.029032 0.031824 0.034737 0.037754 0.040859 0.044031 0.047246 0.050481 0.053706 0.056895 0.060015 0.063037 0.065929 0.068660 0.071199 0.073517 0.075587 0.077384 0.078886 0.080074 0.080934 0.081454 0.081628 0.081454 0.080934 0.080074 0.078886 0.077384 0.075587 0.073517 0.071199 0.068660 0.065929 0.063037 0.060015 0.056895 0.053706 0.050481 0.047246 0.044031 0.040859 0.037754 0.034737 0.031824 0.029032 0.026371 0.023852 0.021482 0.019265 0.017203 0.015296 0.013543 0.011939 0.010481 0.009161 0.007974 0.006910 0.005964 0.005124 0.004385 0.003736 0.003169 0.002677 0.002252 0.001886 0.001573 0.001306 0.001080 0.001000 0.001000 0.001000 0.001000 0.001000 0.001000
0.001000 0.001000 0.001000 0.001000 0.001000 0.001000 0.001000 0.001126 0.001356 0.001626 0.001941 0.002308 0.002732 0.003220 0.003780 0.004417 0.005141 0.005957 0.006874 0.007897 0.009035 0.010292 0.011675 0.013186 0.014830 0.016607 0.018519 0.020562 0.022733 0.025027 0.027434 0.029945 0.032546 0.035223 0.037957 0.040729 0.043517 0.046297 0.049046 0.051736 0.054341 0.056834 0.059188 0.061377 0.063375 0.065159 0.066708 0.068003 0.069027 0.069769 0.070217 0.070367 0.070217 0.069769 0.069027 0.068003 0.066708 0.065159 0.063375 0.061377 0.059188 0.056834 0.054341 0.051736 0.049046 0.046297 0.043517 0.040729 0.037957 0.035223 0.032546 0.029945 0.027434 0.025027 0.022733 0.020562 0.018519 0.016607 0.014830 0.013186 0.011675 0.010292 0.009035 0.007897 0.006874 0.005957 0.005141 0.004417 0.003780 0.003220 0.002732 0.002308 0.001941 0.001626 0.001356 0.001126 0.001000 0.001000 0.001000 0.001000 0.001000 0.001000 0.001000 0.001000 0.001000 0.001000 0.001000 0.001000 0.001000 0.001000 0.001000 0.001000 0.001000 0.001000 0.001000 0.001000 0.001000 0.001000 0.001000 0.001000 0.001000 0.001000 0.001000 0.001000 0.001000 0.001000 0.001000 0.001000 0.001000 0.001000 0.001000 0.001000 0.001000 0.001000 0.001000 0.001000 0.001000 0.001000 0.001000 0.001000 0.001000 0.001000 0.001000 0.001000 0.001000 0.001000 0.001000 0.001000 0.001000 0.001000 0.001000 0.001000 0.001000 0.001000 0.001000 0.001000 0.001000 0.001000 0.001000 0.001000 0.001126 0.001356 0.001626 0.001941 0.002308 0.002732 0.003220 0.003780 0.004417 0.005141 0.005957 0.006874 0.007897 0.009035 0.010292 0.011675 0.013186 0.014830 0.016607 0.018519 0.020562 0.022733 0.025027 0.027434 0.029945 0.032546 0.035223 0.037957 0.040729 0.043517 0.046297 0.049046 0.051736 0.054341 0.056834 0.059188 0.061377 0.063375 0.065159 0.066708 0.068003 0.069027 0.069769 0.070217 0.070367 0.070217 0.069769 0.069027 0.068003 0.066708 0.065159 0.063375 0.061377 0.059188 0.056834 0.054341 0.051736 0.049046 0.046297 0.043517 0.040729 0.037957 0.035223 0.032546 0.029945 0.027434 0.025027 0.022733 0.020562 0.018519 0.016607 0.014830 0.013186 0.011675 0.010292 0.009035 0.007897 0.006874 0.005957 0.005141 0.004417 0.003780 0.003220 0.002732 0.002308 0.001941 0.001626 0.001356 0.001126 0.001000 0.001000 0.001000 0.001000 0.001000 0.001000 0.001000
0.001000 0.001000 0.001000 0.001000 0.001000 0.001000 0.001000 0.001000 0.001164 0.001395 0.001666 0.001981 0.002345 0.002764 0.003244 0.003792 0.004413 0.005113 0.005900 0.006779 0.007755 0.008835 0.010021 0.011319 0.012729 0.014255 0.015896 0.017650 0.019513 0.021482 0.023549 0.025704 0.027937 0.030234 0.032581 0.034960 0.037353 0.039740 0.042100 0.044409 0.046645 0.048785 0.050805 0.052684 0.054399 0.055931 0.057260 0.058372 0.059251 0.059887 0.060272 0.060401 0.060272 0.059887 0.059251 0.058372 0.057260 0.055931 0.054399 0.052684 0.050805 0.048785 0.046645 0.044409 0.042100 0.039740 0.037353 0.034960 0.032581 0.030234 0.027937 0.025704 0.023549 0.021482 0.019513 0.017650 0.015896 0.014255 0.012729 0.011319 0.010021 0.008835 0.007755 0.006779 0.005900 0.005113 0.004413 0.003792 0.003244 0.002764 0.002345 0.001981 0.001666 0.001395 0.001164 0.001000 0.001000 0.001000 0.001000 0.001000 0.001000 0.001000 0.001000 0.001000 0.001000 0.001000 0.001000 0.001000 0.001000 0.001000 0.001000 0.001000 0.001000 0.001000 0.001000 0.001000 0.001000 0.001000 0.001000 0.001000 0.001000 0.001000 0.001000 0.001000 0.001000 0.001000 0.001000 0.001000 0.001000 0.001000 0.001000 0.001000 0.001000 0.001000 0.001000 0.001000 0.001000 0.001000 0.001000 0.001000 0.001000 0.001000 0.001000 0.001000 0.001000 0.001000 0.001000 0.001000 0.001000 0.001000 0.001000 0.001000 0.001000 0.001000 0.001000 0.001000 0.001000 0.001000 0.001000 0.001000 0.001000 0.001164 0.001395 0.001666 0.001981 0.002345 0.002764 0.003244 0.003792 0.004413 0.005113 0.005900 0.006779 0.007755 0.008835 0.010021 0.011319 0.012729 0.014255 0.015896 0.017650 0.019513 0.021482 0.023549 0.025704 0.027937 0.030234 0.032581 0.034960 0.037353 0.039740 0.042100 0.044409 0.046645 0.048785 0.050805 0.052684 0.054399 0.055931 0.057260 0.058372 0.059251 0.059887 0.060272 0.060401 0.060272 0.059887 0.059251 0.058372 0.057260 0.055931 0.054399 0.052684 0.050805 0.048785 0.046645 0.044409 0.042100 0.039740 0.037353 0.034960 0.032581 0.030234 0.027937 0.025704 0.023549 0.021482 0.019513 0.017650 0.015896 0.014255 0.012729 0.011319 0.010021 0.008835 0.007755 0.006779 0.005900 0.005113 0.004413 0.003792 0.003244 0.002764 0.002345 0.001981 0.001666 0.001395 0.001164 0.001000 0.001000 0.001000 0.001000 0.001000 0.001000 0.001000 0.001000
0.001000 0.001000 0.001000 0.001000 0.001000 0.001000 0.001000 0.001000 0.001000 0.001193 0.001424 0.001693 0.002004 0.002363 0.002773 0.003241 0.003772 0.004371 0.005043 0.005794 0.006629 0.007551 0.008565 0.009674 0.010880 0.012184 0.013586 0.015085 0.016678 0.018361 0.020127 0.021969 0.023878 0.025841 0.027847 0.029881 0.031926 0.033967 0.035983 0.037957 0.039868 0.041697 0.043424 0.045030 0.046496 0.047805 0.048941 0.049891 0.050643 0.051186 0.051515 0.051626 0.051515 0.051186 0.050643 0.049891 0.048941 0.047805 0.046496 0.045030 0.043424 0.041697 0.039868 0.037957 0.035983 0.033967 0.031926 0.029881 0.027847 0.025841 0.023878 0.021969 0.020127 0.018361 0.016678 0.015085 0.013586 0.012184 0.010880 0.009674 0.008565 0.007551 0.006629 0.005794 0.005043 0.004371 0.003772 0.003241 0.002773 0.002363 0.002004 0.001693 0.001424 0.001193 0.001000 0.001000 0.001000 0.001000 0.001000 0.001000 0.001000 0.001000 0.001000 0.001000 0.001000 0.001000 0.001000 0.001000 0.001000 0.001000 0.001000 0.001000 0.001000 0.001000 0.001000 0.001000 0.001000 0.001000 0.001000 0.001000 0.001000 0.001000 0.001000 0.001000 0.001000 0.001000 0.001000 0.001000 0.001000 0.001000 0.001000 0.001000 0.001000 0.001000 0.001000 0.001000 0.001000 0.001000 0.001000 0.001000 0.001000 0.001000 0.001000 0.001000 0.001000 0.001000 0.001000 0.001000 0.001000 0.001000 0.001000 0.001000 0.001000 0.001000 0.001000 0.001000 0.001000 0.001000 0.001000 0.001000 0.001000 0.001000 0.001193 0.001424 0.001693 0.002004 0.002363 0.002773 0.003241 0.003772 0.004371 0.005043 0.005794 0.006629 0.007551 0.008565 0.009674 0.010880 0.012184 0.013586 0.015085 0.016678 0.018361 0.020127 0.021969 0.023878 0.025841 0.027847 0.029881 0.031926 0.033967 0.035983 0.037957 0.039868 0.041697 0.043424 0.045030 0.046496 0.047805 0.048941 0.049891 0.050643 0.051186 0.051515 0.051626 0.051515 0.051186 0.050643 0.049891 0.048941 0.047805 0.046496 0.045030 0.043424 0.041697 0.039868 0.037957 0.035983 0.033967 0.031926 0.029881 0.027847 0.025841 0.023878 0.021969 0.020127 0.018361 0.016678 0.015085 0.013586 0.012184 0.010880 0.009674 0.008565 0.007551 0.006629 0.005794 0.005043 0.004371 0.003772 0.003241 0.002773 0.002363 0.002004 0.001693 0.001424 0.001193 0.001000 0.001000 0.001000 0.001000 0.001000 0.001000 0.001000 0.001000 0.001000
0.001000 0.001000 0.001000 0.001000 0.001000 0.001000 0.001000 0.001000 0.001000 0.001015 0.001212 0.001441 0.001706 0.002011 0.002360 0.002758 0.003210 0.003720 0.004292 0.004931 0.005641 0.006426 0.007290 0.008233 0.009260 0.010369 0.011563 0.012839 0.014194 0.015626 0.017130 0.018697 0.020322 0.021993 0.023700 0.025431 0.027172 0.028908 0.030624 0.032304 0.033930 0.035487 0.036957 0.038323 0.039571 0.040685 0.041652 0.042461 0.043100 0.043563 0.043843 0.043937 0.043843 0.043563 0.043100 0.042461 0.041652 0.040685 0.039571 0.038323 0.036957 0.035487 0.033930 0.032304 0.030624 0.028908 0.027172 0.025431 0.023700 0.021993 0.020322 0.018697 0.017130 0.015626 0.014194 0.012839 0.011563 0.010369 0.009260 0.008233 0.007290 0.006426 0.005641 0.004931 0.004292 0.003720 0.003210 0.002758 0.002360 0.002011 0.001706 0.001441 0.001212 0.001015 0.001000 0.001000 0.001000 0.001000 0.001000 0.001000 0.001000 0.001000 0.001000 0.001000 0.001000 0.001000 0.001000 0.001000 0.001000 0.001000 0.001000 0.001000 0.001000 0.001000 0.001000 0.001000 0.001000 0.001000 0.001000 0.001000 0.001000 0.001000 0.001000 0.001000 0.001000 0.001000 0.001000 0.001000 0.001000 0.001000 0.001000 0.001000 0.001000 0.001000 0.001000 0.001000 0.001000 0.001000 0.001000 0.001000 0.001000 0.001000 0.001000 0.001000 0.001000 0.001000 0.001000 0.001000 0.001000 0.001000 0.001000 0.001000 0.001000 0.001000 0.001000 0.001000 0.001000 0.001000 0.001000 0.001000 0.001000 0.001000 0.001015 0.001212 0.001441 0.001706 0.002011 0.002360 0.002758 0.003210 0.003720 0.004292 0.004931 0.005641 0.006426 0.007290 0.008233 0.009260 0.010369 0.011563 0.012839 0.014194 0.015626 0.017130 0.018697 0.020322 0.021993 0.023700 0.025431 0.027172 0.028908 0.030624 0.032304 0.033930 0.035487 0.036957 0.038323 0.039571 0.040685 0.041652 0.042461 0.043100 0.043563 0.043843 0.043937 0.043843 0.043563 0.043100 0.042461 0.041652 0.040685 0.039571 0.038323 0.036957 0.035487 0.033930 0.032304 0.030624 0.028908 0.027172 0.025431 0.023700 0.021993 0.020322 0.018697 0.017130 0.015626 0.014194 0.012839 0.011563 0.010369 0.009260 0.008233 0.007290 0.006426 0.005641 0.004931 0.004292 0.003720 0.003210 0.002758 0.002360 0.002011 0.001706 0.001441 0.001212 0.001015 0.001000 0.001000 0.001000 0.001000 0.001000 0.001000 0.001000 0.001000 0.001000
