200
1.0000
1.0000
1.0000
1.0000
1.0000
1.0000
1.0000
1.0000
1.0000
1.0000
1.0000
1.0000
1.0000
1.0000
1.0000
1.0000
1.0000
1.0000
1.0000
1.0000
1.0000
1.0000
1.0000
1.0000
1.0000
1.0000
1.0001
1.0001
1.0002
1.0002
1.0003
1.0004
1.0006
1.0007
1.0009
1.0010
1.0012
1.0014
1.0016
1.0017
1.0018
1.0017
1.0016
1.0014
1.0012
1.0010
1.0008
1.0006
1.0005
1.0003
1.0002
1.0002
1.0001
1.0001
1.0000
1.0000
1.0000
1.0000
1.0000
1.0000
1.0000
1.0000
1.0000
1.0000
1.0000
1.0000
1.0000
1.0000
1.0000
1.0000
1.0000
1.0000
1.0000
1.0000
1.0000
1.0000
1.0000
1.0000
1.0000
1.0000
1.0000
1.0000
1.0000
1.0000
1.0000
1.0000
1.0000
1.0000
1.0000
1.0000
1.0000
1.0000
1.0000
1.0000
1.0000
1.0000
1.0000
1.0000
1.0000
1.0000
1.0000
1.0000
1.0000
1.0000
1.0000
1.0000
1.0000
1.0000
1.0000
1.0000
1.0000
1.0000
1.0000
1.0000
1.0000
1.0000
1.0000
1.0000
1.0000
1.0000
1.0000
1.0000
1.0000
1.0000
1.0000
1.0000
1.0000
1.0000
1.0000
1.0000
1.0000
1.0000
1.0000
1.0000
1.0000
1.0000
1.0000
1.0000
1.0000
1.0000
1.0000
1.0000
1.0000
1.0000
1.0000
1.0000
1.0001
1.0001
1.0002
1.0002
1.0003
1.0005
1.0006
1.0008
1.0010
1.0012
1.0014
1.0016
1.0017
1.0018
1.0017
1.0016
1.0014
1.0012
1.0010
1.0009
1.0007
1.0006
1.0004
1.0003
1.0002
1.0002
1.0001
1.0001
1.0000
1.0000
1.0000
1.0000
1.0000
1.0000
1.0000
1.0000
1.0000
1.0000
1.0000
1.0000
1.0000
1.0000
1.0000
1.0000
1.0000
1.0000
1.0000
1.0000
1.0000
1.0000
1.0000
1.0000
1.0000
1.0000
1.0000
1.0000
1.0000
1.0000
1.0000
1.0000
1.0000
1.0000
1.0000
1.0000
1.0000
1.0000
1.0000
1.0000
1.0000
1.0000
1.0000
1.0000
1.0000
1.0000
1.0000
1.0000
1.0000
1.0000
1.0001
1.0001
1.0002
1.0004
1.0006
1.0008
1.0011
1.0014
1.0018
1.0021
1.0025
1.0029
1.0034
1.0038
1.0042
1.0045
1.0046
1.0045
1.0042
1.0037
1.0032
1.0028
1.0023
1.0019
1.0015
1.0011
1.0008
1.0006
1.0004
1.0002
1.0001
1.0001
1.0000
1.0000
1.0000
1.0000
1.0000
1.0000
1.0000
1.0000
1.0000
1.0000
1.0000
1.0000
1.0000
1.0000
1.0000
1.0000
1.0000
1.0000
1.0000
1.0000
1.0000
1.0000
1.0000
1.0000
1.0000
1.0000
1.0000
1.0000
1.0000
1.0000
1.0000
1.0000
1.0000
1.0000
1.0000
1.0000
1.0000
1.0000
1.0000
1.0000
1.0000
1.0000
1.0000
1.0000
1.0000
1.0000
1.0000
1.0000
1.0000
1.0000
1.0000
1.0000
1.0000
1.0000
1.0000
1.0000
1.0000
1.0000
1.0000
1.0000
1.0000
1.0000
1.0000
1.0000
1.0000
1.0000
1.0000
1.0000
1.0000
1.0000
1.0000
1.0000
1.0000
1.0000
1.0000
1.0000
1.0000
1.0000
1.0000
1.0000
1.0000
1.0000
1.0000
1.0000
1.0000
1.0000
1.0000
1.0000
1.0001
1.0001
1.0002
1.0004
1.0006
1.0008
1.0011
1.0015
1.0019
1.0023
1.0028
1.0032
1.0037
1.0042
1.0045
1.0046
1.0045
1.0042
1.0038
1.0034
1.0029
1.0025
1.0021
1.0018
1.0014
1.0011
1.0008
1.0006
1.0004
1.0002
1.0001
1.0001
1.0000
1.0000
1.0000
1.0000
1.0000
1.0000
1.0000
1.0000
1.0000
1.0000
1.0000
1.0000
1.0000
1.0000
1.0000
1.0000
1.0000
1.0000
1.0000
1.0000
1.0000
1.0000
1.0000
1.0000
1.0000
1.0000
1.0000
1.0000
1.0000
1.0000
1.0000
1.0000
1.0000
1.0000
1.0000
1.0000
1.0000
1.0000
1.0000
1.0000
1.0000
1.0000
1.0000
1.0000
1.0000
1.0000
1.0001
1.0002
1.0003
1.0006
1.0009
1.0013
1.0019
1.0027
1.0036
1.0045
1.0055
1.0065
1.0076
1.0087
1.0099
1.0110
1.0121
1.0128
1.0131
1.0128
1.0120
1.0108
1.0096
1.0082
1.0070
1.0058
1.0047
1.0037
1.0027
1.0020
1.0014
1.0009
1.0006
1.0003
1.0002
1.0001
1.0000
1.0000
1.0000
1.0000
1.0000
1.0000
1.0000
1.0000
1.0000
1.0000
1.0000
1.0000
1.0000
1.0000
1.0000
1.0000
1.0000
1.0000
1.0000
1.0000
1.0000
1.0000
1.0000
1.0000
1.0000
1.0000
1.0000
1.0000
1.0000
1.0000
1.0000
1.0000
1.0000
1.0000
1.0000
1.0000
1.0000
1.0000
1.0000
1.0000
1.0000
1.0000
1.0000
1.0000
1.0000
1.0000
1.0000
1.0000
1.0000
1.0000
1.0000
1.0000
1.0000
1.0000
1.0000
1.0000
1.0000
1.0000
1.0000
1.0000
1.0000
1.0000
1.0000
1.0000
1.0000
1.0000
1.0000
1.0000
1.0000
1.0000
1.0000
1.0000
1.0000
1.0000
1.0000
1.0000
1.0000
1.0000
1.0000
1.0000
1.0000
1.0000
1.0000
1.0000
1.0001
1.0002
1.0003
1.0006
1.0009
1.0014
1.0020
1.0027
1.0037
1.0047
1.0058
1.0070
1.0082
1.0096
1.0108
1.0120
1.0128
1.0131
1.0128
1.0121
1.0110
1.0099
1.0087
1.0076
1.0065
1.0055
1.0045
1.0036
1.0027
1.0019
1.0013
1.0009
1.0006
1.0003
1.0002
1.0001
1.0000
1.0000
1.0000
1.0000
1.0000
1.0000
1.0000
1.0000
1.0000
1.0000
1.0000
1.0000
1.0000
1.0000
1.0000
1.0000
1.0000
1.0000
1.0000
1.0000
1.0000
1.0000
1.0000
1.0000
1.0000
1.0000
1.0000
1.0000
1.0000
1.0000
1.0000
1.0000
1.0000
1.0000
1.0000
1.0000
1.0000
1.0000
1.0000
1.0000
1.0000
1.0000
1.0001
1.0002
1.0004
1.0007
1.0011
1.0018
1.0028
1.0041
1.0058
1.0079
1.0102
1.0128
1.0154
1.0181
1.0208
1.0235
1.0263
1.0291
1.0315
1.0332
1.0338
1.0331
1.0312
1.0286
1.0255
1.0223
1.0191
1.0161
1.0132
1.0105
1.0080
1.0059
1.0042
1.0029
1.0019
1.0012
1.0007
1.0004
1.0002
1.0001
1.0001
1.0000
1.0000
1.0000
1.0000
1.0000
1.0000
1.0000
1.0000
1.0000
1.0000
1.0000
1.0000
1.0000
1.0000
1.0000
1.0000
1.0000
1.0000
1.0000
1.0000
1.0000
1.0000
1.0000
1.0000
1.0000
1.0000
1.0000
1.0000
1.0000
1.0000
1.0000
1.0000
1.0000
1.0000
1.0000
1.0000
1.0000
1.0000
1.0000
1.0000
1.0000
1.0000
1.0000
1.0000
1.0000
1.0000
1.0000
1.0000
1.0000
1.0000
1.0000
1.0000
1.0000
1.0000
1.0000
1.0000
1.0000
1.0000
1.0000
1.0000
1.0000
1.0000
1.0000
1.0000
1.0000
1.0000
1.0000
1.0000
1.0000
1.0000
1.0000
1.0000
1.0000
1.0000
1.0000
1.0000
1.0000
1.0000
1.0001
1.0001
1.0002
1.0004
1.0007
1.0012
1.0019
1.0029
1.0042
1.0059
1.0080
1.0105
1.0132
1.0161
1.0191
1.0223
1.0255
1.0286
1.0312
1.0331
1.0338
1.0332
1.0315
1.0291
1.0263
1.0235
1.0208
1.0181
1.0154
1.0128
1.0102
1.0079
1.0058
1.0041
1.0028
1.0018
1.0011
1.0007
1.0004
1.0002
1.0001
1.0000
1.0000
1.0000
1.0000
1.0000
1.0000
1.0000
1.0000
1.0000
1.0000
1.0000
1.0000
1.0000
1.0000
1.0000
1.0000
1.0000
1.0000
1.0000
1.0000
1.0000
1.0000
1.0000
1.0000
1.0000
1.0000
1.0000
1.0000
1.0000
1.0000
1.0000
1.0000
1.0000
1.0000
1.0000
1.0000
1.0000
1.0000
1.0001
1.0002
1.0003
1.0007
1.0012
1.0020
1.0034
1.0053
1.0079
1.0113
1.0157
1.0208
1.0266
1.0327
1.0390
1.0452
1.0513
1.0573
1.0634
1.0693
1.0745
1.0781
1.0793
1.0778
1.0738
1.0681
1.0615
1.0545
1.0474
1.0405
1.0337
1.0272
1.0212
1.0160
1.0116
1.0081
1.0054
1.0035
1.0022
1.0013
1.0007
1.0004
1.0002
1.0001
1.0000
1.0000
1.0000
1.0000
1.0000
1.0000
1.0000
1.0000
1.0000
1.0000
1.0000
1.0000
1.0000
1.0000
1.0000
1.0000
1.0000
1.0000
1.0000
1.0000
1.0000
1.0000
1.0000
1.0000
1.0000
1.0000
1.0000
1.0000
1.0000
1.0000
1.0000
1.0000
1.0000
1.0000
1.0000
1.0000
1.0000
1.0000
1.0000
1.0000
1.0000
1.0000
1.0000
1.0000
1.0000
1.0000
1.0000
1.0000
1.0000
1.0000
1.0000
1.0000
1.0000
1.0000
1.0000
1.0000
1.0000
1.0000
1.0000
1.0000
1.0000
1.0000
1.0000
1.0000
1.0000
1.0000
1.0000
1.0000
1.0000
1.0000
1.0000
1.0000
1.0000
1.0000
1.0000
1.0000
1.0001
1.0002
1.0004
1.0007
1.0013
1.0022
1.0035
1.0054
1.0081
1.0116
1.0160
1.0212
1.0272
1.0337
1.0405
1.0474
1.0545
1.0615
1.0681
1.0738
1.0778
1.0793
1.0781
1.0745
1.0693
1.0634
1.0573
1.0513
1.0452
1.0390
1.0327
1.0266
1.0208
1.0157
1.0113
1.0079
1.0053
1.0034
1.0020
1.0012
1.0007
1.0003
1.0002
1.0001
1.0000
1.0000
1.0000
1.0000
1.0000
1.0000
1.0000
1.0000
1.0000
1.0000
1.0000
1.0000
1.0000
1.0000
1.0000
1.0000
1.0000
1.0000
1.0000
1.0000
1.0000
1.0000
1.0000
1.0000
1.0000
1.0000
1.0000
1.0000
1.0000
1.0000
1.0000
1.0000
1.0000
1.0000
1.0001
1.0001
1.0003
1.0006
1.0011
1.0020
1.0034
1.0057
1.0091
1.0138
1.0202
1.0283
1.0382
1.0498
1.0625
1.0759
1.0893
1.1023
1.1147
1.1269
1.1388
1.1502
1.1600
1.1667
1.1690
1.1661
1.1586
1.1477
1.1347
1.1209
1.1066
1.0922
1.0779
1.0639
1.0508
1.0391
1.0290
1.0208
1.0143
1.0095
1.0061
1.0038
1.0022
1.0013
1.0007
1.0004
1.0002
1.0001
1.0000
1.0000
1.0000
1.0000
1.0000
1.0000
1.0000
1.0000
1.0000
1.0000
1.0000
1.0000
1.0000
1.0000
1.0000
1.0000
1.0000
1.0000
1.0000
1.0000
1.0000
1.0000
1.0000
1.0000
1.0000
1.0000
1.0000
1.0000
1.0000
1.0000
1.0000
1.0000
1.0000
1.0000
1.0000
1.0000
1.0000
1.0000
1.0000
1.0000
1.0000
1.0000
1.0000
1.0000
1.0000
1.0000
1.0000
1.0000
1.0000
1.0000
1.0000
1.0000
1.0000
1.0000
1.0000
1.0000
1.0000
1.0000
1.0000
1.0000
1.0000
1.0000
1.0000
1.0000
1.0000
1.0000
1.0000
1.0000
1.0000
1.0000
1.0000
1.0000
1.0001
1.0002
1.0004
1.0007
1.0013
1.0022
1.0038
1.0061
1.0095
1.0143
1.0208
1.0290
1.0391
1.0508
1.0639
1.0779
1.0922
1.1066
1.1209
1.1347
1.1477
1.1586
1.1661
1.1690
1.1667
1.1600
1.1502
1.1388
1.1269
1.1147
1.1023
1.0893
1.0759
1.0625
1.0498
1.0382
1.0283
1.0202
1.0138
1.0091
1.0057
1.0034
1.0020
1.0011
1.0006
1.0003
1.0001
1.0001
1.0000
1.0000
1.0000
1.0000
1.0000
1.0000
1.0000
1.0000
1.0000
1.0000
1.0000
1.0000
1.0000
1.0000
1.0000
1.0000
1.0000
1.0000
1.0000
1.0000
1.0000
1.0000
1.0000
1.0000
1.0000
1.0000
1.0000
1.0000
1.0000
1.0000
1.0000
1.0001
1.0002
1.0004
1.0008
1.0016
1.0030
1.0054
1.0090
1.0145
1.0224
1.0331
1.0471
1.0645
1.0851
1.1086
1.1341
1.1603
1.1861
1.2106
1.2338
1.2558
1.2769
1.2967
1.3134
1.3248
1.3285
1.3236
1.3107
1.2918
1.2692
1.2444
1.2184
1.1915
1.1642
1.1370
1.1109
1.0871
1.0661
1.0486
1.0345
1.0236
1.0156
1.0100
1.0061
1.0036
1.0020
1.0011
1.0006
1.0003
1.0001
1.0001
1.0000
1.0000
1.0000
1.0000
1.0000
1.0000
1.0000
1.0000
1.0000
1.0000
1.0000
1.0000
1.0000
1.0000
1.0000
1.0000
1.0000
1.0000
1.0000
1.0000
1.0000
1.0000
1.0000
1.0000
1.0000
1.0000
1.0000
1.0000
1.0000
1.0000
1.0000
1.0000
1.0000
1.0000
1.0000
1.0000
1.0000
1.0000
1.0000
1.0000
1.0000
1.0000
1.0000
1.0000
1.0000
1.0000
1.0000
1.0000
1.0000
1.0000
1.0000
1.0000
1.0000
1.0000
1.0000
1.0000
1.0000
1.0000
1.0000
1.0000
1.0000
1.0000
1.0000
1.0000
1.0000
1.0000
1.0000
1.0000
1.0001
1.0001
1.0003
1.0006
1.0011
1.0020
1.0036
1.0061
1.0100
1.0156
1.0236
1.0345
1.0486
1.0661
1.0871
1.1109
1.1370
1.1642
1.1915
1.2184
1.2444
1.2692
1.2918
1.3107
1.3236
1.3285
1.3248
1.3134
1.2967
1.2769
1.2558
1.2338
1.2106
1.1861
1.1603
1.1341
1.1086
1.0851
1.0645
1.0471
1.0331
1.0224
1.0145
1.0090
1.0054
1.0030
1.0016
1.0008
1.0004
1.0002
1.0001
1.0000
1.0000
1.0000
1.0000
1.0000
1.0000
1.0000
1.0000
1.0000
1.0000
1.0000
1.0000
1.0000
1.0000
1.0000
1.0000
1.0000
1.0000
1.0000
1.0000
1.0000
1.0000
1.0000
1.0000
1.0000
1.0000
1.0000
1.0000
1.0000
1.0001
1.0002
1.0006
1.0012
1.0023
1.0044
1.0078
1.0133
1.0217
1.0338
1.0506
1.0727
1.1006
1.1344
1.1735
1.2168
1.2628
1.3092
1.3542
1.3963
1.4352
1.4713
1.5051
1.5360
1.5619
1.5793
1.5850
1.5773
1.5573
1.5278
1.4919
1.4519
1.4089
1.3635
1.3162
1.2683
1.2215
1.1775
1.1380
1.1040
1.0759
1.0536
1.0366
1.0241
1.0153
1.0094
1.0055
1.0031
1.0016
1.0008
1.0004
1.0002
1.0001
1.0000
1.0000
1.0000
1.0000
1.0000
1.0000
1.0000
1.0000
1.0000
1.0000
1.0000
1.0000
1.0000
1.0000
1.0000
1.0000
1.0000
1.0000
1.0000
1.0000
1.0000
1.0000
1.0000
1.0000
1.0000
1.0000
1.0000
1.0000
1.0000
1.0000
1.0000
1.0000
1.0000
1.0000
1.0000
1.0000
1.0000
1.0000
1.0000
1.0000
1.0000
1.0000
1.0000
1.0000
1.0000
1.0000
1.0000
1.0000
1.0000
1.0000
1.0000
1.0000
1.0000
1.0000
1.0000
1.0000
1.0000
1.0000
1.0000
1.0000
1.0000
1.0000
1.0000
1.0000
1.0000
1.0000
1.0001
1.0002
1.0004
1.0008
1.0016
1.0031
1.0055
1.0094
1.0153
1.0241
1.0366
1.0536
1.0759
1.1040
1.1380
1.1775
1.2215
1.2683
1.3162
1.3635
1.4089
1.4519
1.4919
1.5278
1.5573
1.5773
1.5850
1.5793
1.5619
1.5360
1.5051
1.4713
1.4352
1.3963
1.3542
1.3092
1.2628
1.2168
1.1735
1.1344
1.1006
1.0727
1.0506
1.0338
1.0217
1.0133
1.0078
1.0044
1.0023
1.0012
1.0006
1.0002
1.0001
1.0000
1.0000
1.0000
1.0000
1.0000
1.0000
1.0000
1.0000
1.0000
1.0000
1.0000
1.0000
1.0000
1.0000
1.0000
1.0000
1.0000
1.0000
1.0000
1.0000
1.0000
1.0000
1.0000
1.0000
1.0000
1.0000
1.0000
1.0001
1.0003
1.0007
1.0015
1.0031
1.0059
1.0107
1.0184
1.0304
1.0479
1.0723
1.1049
1.1466
1.1975
1.2573
1.3245
1.3973
1.4726
1.5474
1.6185
1.6840
1.7433
1.7970
1.8462
1.8902
1.9264
1.9504
1.9581
1.9473
1.9193
1.8775
1.8258
1.7672
1.7027
1.6330
1.5590
1.4824
1.4058
1.3324
1.2646
1.2047
1.1536
1.1117
1.0787
1.0536
1.0353
1.0223
1.0136
1.0079
1.0044
1.0023
1.0012
1.0005
1.0002
1.0001
1.0000
1.0000
1.0000
1.0000
1.0000
1.0000
1.0000
1.0000
1.0000
1.0000
1.0000
1.0000
1.0000
1.0000
1.0000
1.0000
1.0000
1.0000
1.0000
1.0000
1.0000
1.0000
1.0000
1.0000
1.0000
1.0000
1.0000
1.0000
1.0000
1.0000
1.0000
1.0000
1.0000
1.0000
1.0000
1.0000
1.0000
1.0000
1.0000
1.0000
1.0000
1.0000
1.0000
1.0000
1.0000
1.0000
1.0000
1.0000
1.0000
1.0000
1.0000
1.0000
1.0000
1.0000
1.0000
1.0000
1.0000
1.0000
1.0000
1.0000
1.0000
1.0000
1.0000
1.0000
1.0001
1.0002
1.0005
1.0012
1.0023
1.0044
1.0079
1.0136
1.0223
1.0353
1.0536
1.0787
1.1117
1.1536
1.2047
1.2646
1.3324
1.4058
1.4824
1.5590
1.6330
1.7027
1.7672
1.8258
1.8775
1.9193
1.9473
1.9581
1.9504
1.9264
1.8902
1.8462
1.7970
1.7433
1.6840
1.6185
1.5474
1.4726
1.3973
1.3245
1.2573
1.1975
1.1466
1.1049
1.0723
1.0479
1.0304
1.0184
1.0107
1.0059
1.0031
1.0015
1.0007
1.0003
1.0001
1.0000
1.0000
1.0000
1.0000
1.0000
1.0000
1.0000
1.0000
1.0000
1.0000
1.0000
1.0000
1.0000
1.0000
1.0000
1.0000
1.0000
1.0000
1.0000
1.0000
1.0000
1.0000
1.0000
1.0000
1.0001
1.0001
1.0004
1.0008
1.0019
1.0039
1.0075
1.0138
1.0242
1.0403
1.0641
1.0976
1.1428
1.2010
1.2728
1.3577
1.4542
1.5598
1.6710
1.7835
1.8929
1.9953
2.0880
2.1704
2.2436
2.3088
2.3660
2.4121
2.4423
2.4517
2.4378
2.4020
2.3482
2.2805
2.2021
2.1140
2.0166
1.9110
1.7996
1.6858
1.5739
1.4681
1.3716
1.2868
1.2150
1.1563
1.1100
1.0748
1.0490
1.0308
1.0186
1.0107
1.0059
1.0031
1.0015
1.0007
1.0003
1.0001
1.0000
1.0000
1.0000
1.0000
1.0000
1.0000
1.0000
1.0000
1.0000
1.0000
1.0000
1.0000
1.0000
1.0000
1.0000
1.0000
1.0000
1.0000
1.0000
1.0000
1.0000
1.0000
1.0000
1.0000
1.0000
1.0000
1.0000
1.0000
1.0000
1.0000
1.0000
1.0000
1.0000
1.0000
1.0000
1.0000
1.0000
1.0000
1.0000
1.0000
1.0000
1.0000
1.0000
1.0000
1.0000
1.0000
1.0000
1.0000
1.0000
1.0000
1.0000
1.0000
1.0000
1.0000
1.0000
1.0000
1.0000
1.0000
1.0000
1.0000
1.0000
1.0000
1.0001
1.0003
1.0007
1.0015
1.0031
1.0059
1.0107
1.0186
1.0308
1.0490
1.0748
1.1100
1.1563
1.2150
1.2868
1.3716
1.4681
1.5739
1.6858
1.7996
1.9110
2.0166
2.1140
2.2021
2.2805
2.3482
2.4020
2.4378
2.4517
2.4423
2.4121
2.3660
2.3088
2.2436
2.1704
2.0880
1.9953
1.8929
1.7835
1.6710
1.5598
1.4542
1.3577
1.2728
1.2010
1.1428
1.0976
1.0641
1.0403
1.0242
1.0138
1.0075
1.0039
1.0019
1.0008
1.0004
1.0001
1.0001
1.0000
1.0000
1.0000
1.0000
1.0000
1.0000
1.0000
1.0000
1.0000
1.0000
1.0000
1.0000
1.0000
1.0000
1.0000
1.0000
1.0000
1.0000
1.0000
1.0000
1.0000
1.0001
1.0002
1.0004
1.0010
1.0022
1.0046
1.0090
1.0170
1.0301
1.0507
1.0815
1.1252
1.1845
1.2614
1.3567
1.4702
1.6000
1.7429
1.8946
2.0500
2.2037
2.3502
2.4850
2.6052
2.7103
2.8018
2.8815
2.9497
3.0036
3.0384
3.0488
3.0325
2.9906
2.9269
2.8457
2.7494
2.6390
2.5144
2.3767
2.2284
2.0738
1.9181
1.7667
1.6246
1.4958
1.3828
1.2871
1.2086
1.1466
1.0993
1.0647
1.0404
1.0241
1.0137
1.0074
1.0037
1.0018
1.0008
1.0003
1.0001
1.0000
1.0000
1.0000
1.0000
1.0000
1.0000
1.0000
1.0000
1.0000
1.0000
1.0000
1.0000
1.0000
1.0000
1.0000
1.0000
1.0000
1.0000
1.0000
1.0000
1.0000
1.0000
1.0000
1.0000
1.0000
1.0000
1.0000
1.0000
1.0000
1.0000
1.0000
1.0000
1.0000
1.0000
1.0000
1.0000
1.0000
1.0000
1.0000
1.0000
1.0000
1.0000
1.0000
1.0000
1.0000
1.0000
1.0000
1.0000
1.0000
1.0000
1.0000
1.0000
1.0000
1.0000
1.0000
1.0000
1.0000
1.0000
1.0000
1.0000
1.0001
1.0003
1.0008
1.0018
1.0037
1.0074
1.0137
1.0241
1.0404
1.0647
1.0993
1.1466
1.2086
1.2871
1.3828
1.4958
1.6246
1.7667
1.9181
2.0738
2.2284
2.3767
2.5144
2.6390
2.7494
2.8457
2.9269
2.9906
3.0325
3.0488
3.0384
3.0036
2.9497
2.8815
2.8018
2.7103
2.6052
2.4850
2.3502
2.2037
2.0500
1.8946
1.7429
1.6000
1.4702
1.3567
1.2614
1.1845
1.1252
1.0815
1.0507
1.0301
1.0170
1.0090
1.0046
1.0022
1.0010
1.0004
1.0002
1.0001
1.0000
1.0000
1.0000
1.0000
1.0000
1.0000
1.0000
1.0000
1.0000
1.0000
1.0000
1.0000
1.0000
1.0000
1.0000
1.0000
1.0000
1.0000
1.0000
1.0001
1.0002
1.0004
1.0010
1.0023
1.0050
1.0103
1.0197
1.0355
1.0608
1.0989
1.1534
1.2277
1.3244
1.4449
1.5888
1.7540
1.9365
2.1311
2.3315
2.5314
2.7245
2.9050
3.0685
3.2125
3.3367
3.4430
3.5337
3.6094
3.6679
3.7050
3.7157
3.6979
3.6524
3.5825
3.4919
3.3824
3.2544
3.1073
2.9419
2.7604
2.5672
2.3680
2.1691
1.9768
1.7967
1.6333
1.4896
1.3673
1.2666
1.1868
1.1260
1.0815
1.0503
1.0296
1.0165
1.0087
1.0043
1.0020
1.0008
1.0003
1.0001
1.0000
1.0000
1.0000
1.0000
1.0000
1.0000
1.0000
1.0000
1.0000
1.0000
1.0000
1.0000
1.0000
1.0000
1.0000
1.0000
1.0000
1.0000
1.0000
1.0000
1.0000
1.0000
1.0000
1.0000
1.0000
1.0000
1.0000
1.0000
1.0000
1.0000
1.0000
1.0000
1.0000
1.0000
1.0000
1.0000
1.0000
1.0000
1.0000
1.0000
1.0000
1.0000
1.0000
1.0000
1.0000
1.0000
1.0000
1.0000
1.0000
1.0000
1.0000
1.0000
1.0000
1.0000
1.0000
1.0000
1.0000
1.0000
1.0001
1.0003
1.0008
1.0020
1.0043
1.0087
1.0165
1.0296
1.0503
1.0815
1.1260
1.1868
1.2666
1.3673
1.4896
1.6333
1.7967
1.9768
2.1691
2.3680
2.5672
2.7604
2.9419
3.1073
3.2544
3.3824
3.4919
3.5825
3.6524
3.6979
3.7157
3.7050
3.6679
3.6094
3.5337
3.4430
3.3367
3.2125
3.0685
2.9050
2.7245
2.5314
2.3315
2.1311
1.9365
1.7540
1.5888
1.4449
1.3244
1.2277
1.1534
1.0989
1.0608
1.0355
1.0197
1.0103
1.0050
1.0023
1.0010
1.0004
1.0002
1.0001
1.0000
1.0000
1.0000
1.0000
1.0000
1.0000
1.0000
1.0000
1.0000
1.0000
1.0000
1.0000
1.0000
1.0000
1.0000
1.0000
1.0000
1.0000
1.0001
1.0004
1.0010
1.0024
1.0053
1.0110
1.0216
1.0398
1.0694
1.1146
1.1799
1.2694
1.3863
1.5323
1.7071
1.9080
2.1303
2.3677
2.6127
2.8578
3.0960
3.3210
3.5278
3.7126
3.8736
4.0113
4.1278
4.2253
4.3049
4.3651
4.4023
4.4127
4.3943
4.3476
4.2753
4.1800
4.0630
3.9238
3.7616
3.5765
3.3702
3.1464
2.9104
2.6688
2.4284
2.1959
1.9775
1.7783
1.6022
1.4514
1.3269
1.2280
1.1526
1.0976
1.0594
1.0342
1.0185
1.0094
1.0045
1.0020
1.0008
1.0003
1.0001
1.0000
1.0000
1.0000
1.0000
1.0000
1.0000
1.0000
1.0000
1.0000
1.0000
1.0000
1.0000
1.0000
1.0000
1.0000
1.0000
1.0000
1.0000
1.0000
1.0000
1.0000
1.0000
1.0000
1.0000
1.0000
1.0000
1.0000
1.0000
1.0000
1.0000
1.0000
1.0000
1.0000
1.0000
1.0000
1.0000
1.0000
1.0000
1.0000
1.0000
1.0000
1.0000
1.0000
1.0000
1.0000
1.0000
1.0000
1.0000
1.0000
1.0000
1.0000
1.0000
1.0000
1.0000
1.0000
1.0000
1.0001
1.0003
1.0008
1.0020
1.0045
1.0094
1.0185
1.0342
1.0594
1.0976
1.1526
1.2280
1.3269
1.4514
1.6022
1.7783
1.9775
2.1959
2.4284
2.6688
2.9104
3.1464
3.3702
3.5765
3.7616
3.9238
4.0630
4.1800
4.2753
4.3476
4.3943
4.4127
4.4023
4.3651
4.3049
4.2253
4.1278
4.0113
3.8736
3.7126
3.5278
3.3210
3.0960
2.8578
2.6127
2.3677
2.1303
1.9080
1.7071
1.5323
1.3863
1.2694
1.1799
1.1146
1.0694
1.0398
1.0216
1.0110
1.0053
1.0024
1.0010
1.0004
1.0001
1.0000
1.0000
1.0000
1.0000
1.0000
1.0000
1.0000
1.0000
1.0000
1.0000
1.0000
1.0000
1.0000
1.0000
1.0000
1.0000
1.0000
1.0001
1.0004
1.0010
1.0023
1.0053
1.0113
1.0226
1.0425
1.0755
1.1268
1.2019
1.3060
1.4427
1.6139
1.8188
2.0544
2.3150
2.5931
2.8802
3.1676
3.4474
3.7130
3.9592
4.1823
4.3799
4.5512
4.6971
4.8195
4.9208
5.0019
5.0620
5.0983
5.1080
5.0895
5.0432
4.9709
4.8745
4.7543
4.6099
4.4400
4.2441
4.0233
3.7801
3.5187
3.2448
2.9648
2.6858
2.4149
2.1587
1.9235
1.7142
1.5342
1.3850
1.2664
1.1761
1.1107
1.0659
1.0369
1.0194
1.0095
1.0043
1.0018
1.0007
1.0003
1.0001
1.0000
1.0000
1.0000
1.0000
1.0000
1.0000
1.0000
1.0000
1.0000
1.0000
1.0000
1.0000
1.0000
1.0000
1.0000
1.0000
1.0000
1.0000
1.0000
1.0000
1.0000
1.0000
1.0000
1.0000
1.0000
1.0000
1.0000
1.0000
1.0000
1.0000
1.0000
1.0000
1.0000
1.0000
1.0000
1.0000
1.0000
1.0000
1.0000
1.0000
1.0000
1.0000
1.0000
1.0000
1.0000
1.0000
1.0000
1.0000
1.0000
1.0000
1.0000
1.0000
1.0000
1.0000
1.0001
1.0003
1.0007
1.0018
1.0043
1.0095
1.0194
1.0369
1.0659
1.1107
1.1761
1.2664
1.3850
1.5342
1.7142
1.9235
2.1587
2.4149
2.6858
2.9648
3.2448
3.5187
3.7801
4.0233
4.2441
4.4400
4.6099
4.7543
4.8745
4.9709
5.0432
5.0895
5.1080
5.0983
5.0620
5.0019
4.9208
4.8195
4.6971
4.5512
4.3799
4.1823
3.9592
3.7130
3.4474
3.1676
2.8802
2.5931
2.3150
2.0544
1.8188
1.6139
1.4427
1.3060
1.2019
1.1268
1.0755
1.0425
1.0226
1.0113
1.0053
1.0023
1.0010
1.0004
1.0001
1.0000
1.0000
1.0000
1.0000
1.0000
1.0000
1.0000
1.0000
1.0000
1.0000
1.0000
1.0000
1.0000
1.0000
1.0000
1.0001
1.0003
1.0008
1.0022
1.0050
1.0110
1.0226
1.0434
1.0785
1.1343
1.2173
1.3340
1.4888
1.6837
1.9175
2.1862
2.4827
2.7986
3.1242
3.4499
3.7671
4.0687
4.3498
4.6067
4.8376
5.0414
5.2183
5.3693
5.4960
5.6001
5.6824
5.7421
5.7775
5.7865
5.7680
5.7223
5.6506
5.5539
5.4327
5.2861
5.1132
4.9133
4.6866
4.4346
4.1599
3.8666
3.5598
3.2457
2.9312
2.6238
2.3310
2.0604
1.8181
1.6088
1.4351
1.2971
1.1929
1.1184
1.0685
1.0371
1.0188
1.0088
1.0039
1.0016
1.0006
1.0002
1.0001
1.0000
1.0000
1.0000
1.0000
1.0000
1.0000
1.0000
1.0000
1.0000
1.0000
1.0000
1.0000
1.0000
1.0000
1.0000
1.0000
1.0000
1.0000
1.0000
1.0000
1.0000
1.0000
1.0000
1.0000
1.0000
1.0000
1.0000
1.0000
1.0000
1.0000
1.0000
1.0000
1.0000
1.0000
1.0000
1.0000
1.0000
1.0000
1.0000
1.0000
1.0000
1.0000
1.0000
1.0000
1.0000
1.0000
1.0000
1.0000
1.0000
1.0000
1.0000
1.0000
1.0001
1.0002
1.0006
1.0016
1.0039
1.0088
1.0188
1.0371
1.0685
1.1184
1.1929
1.2971
1.4351
1.6088
1.8181
2.0604
2.3310
2.6238
2.9312
3.2457
3.5598
3.8666
4.1599
4.4346
4.6866
4.9133
5.1132
5.2861
5.4327
5.5539
5.6506
5.7223
5.7680
5.7865
5.7775
5.7421
5.6824
5.6001
5.4960
5.3693
5.2183
5.0414
4.8376
4.6067
4.3498
4.0687
3.7671
3.4499
3.1242
2.7986
2.4827
2.1862
1.9175
1.6837
1.4888
1.3340
1.2173
1.1343
1.0785
1.0434
1.0226
1.0110
1.0050
1.0022
1.0008
1.0003
1.0001
1.0000
1.0000
1.0000
1.0000
1.0000
1.0000
1.0000
1.0000
1.0000
1.0000
1.0000
1.0000
1.0000
1.0001
1.0002
1.0007
1.0019
1.0046
1.0103
1.0216
1.0425
1.0785
1.1368
1.2252
1.3512
1.5207
1.7363
1.9965
2.2960
2.6263
2.9772
3.3378
3.6978
4.0481
4.3817
4.6936
4.9808
5.2417
5.4760
5.6837
5.8653
6.0215
6.1534
6.2616
6.3465
6.4074
6.4428
6.4515
6.4327
6.3865
6.3139
6.2157
6.0922
5.9432
5.7681
5.5664
5.3381
5.0836
4.8045
4.5029
4.1822
3.8466
3.5018
3.1545
2.8126
2.4847
2.1795
1.9049
1.6671
1.4700
1.3149
1.1996
1.1191
1.0667
1.0349
1.0170
1.0077
1.0033
1.0013
1.0005
1.0001
1.0000
1.0000
1.0000
1.0000
1.0000
1.0000
1.0000
1.0000
1.0000
1.0000
1.0000
1.0000
1.0000
1.0000
1.0000
1.0000
1.0000
1.0000
1.0000
1.0000
1.0000
1.0000
1.0000
1.0000
1.0000
1.0000
1.0000
1.0000
1.0000
1.0000
1.0000
1.0000
1.0000
1.0000
1.0000
1.0000
1.0000
1.0000
1.0000
1.0000
1.0000
1.0000
1.0000
1.0000
1.0000
1.0000
1.0000
1.0000
1.0000
1.0000
1.0000
1.0000
1.0001
1.0005
1.0013
1.0033
1.0077
1.0170
1.0349
1.0667
1.1191
1.1996
1.3149
1.4700
1.6671
1.9049
2.1795
2.4847
2.8126
3.1545
3.5018
3.8466
4.1822
4.5029
4.8045
5.0836
5.3381
5.5664
5.7681
5.9432
6.0922
6.2157
6.3139
6.3865
6.4327
6.4515
6.4428
6.4074
6.3465
6.2616
6.1534
6.0215
5.8653
5.6837
5.4760
5.2417
4.9808
4.6936
4.3817
4.0481
3.6978
3.3378
2.9772
2.6263
2.2960
1.9965
1.7363
1.5207
1.3512
1.2252
1.1368
1.0785
1.0425
1.0216
1.0103
1.0046
1.0019
1.0007
1.0002
1.0001
1.0000
1.0000
1.0000
1.0000
1.0000
1.0000
1.0000
1.0000
1.0000
1.0000
1.0000
1.0001
1.0002
1.0006
1.0015
1.0039
1.0090
1.0197
1.0398
1.0755
1.1343
1.2252
1.3569
1.5368
1.7683
2.0506
2.3774
2.7388
3.1223
3.5154
3.9067
4.2870
4.6493
4.9893
5.3044
5.5937
5.8574
6.0958
6.3094
6.4984
6.6630
6.8031
6.9187
7.0091
7.0734
7.1105
7.1193
7.0994
7.0510
6.9748
6.8718
6.7426
6.5878
6.4074
6.2016
5.9706
5.7146
5.4342
5.1304
4.8047
4.4592
4.0974
3.7242
3.3461
2.9712
2.6092
2.2703
1.9645
1.7005
1.4841
1.3166
1.1952
1.1130
1.0613
1.0310
1.0147
1.0064
1.0026
1.0010
1.0003
1.0001
1.0000
1.0000
1.0000
1.0000
1.0000
1.0000
1.0000
1.0000
1.0000
1.0000
1.0000
1.0000
1.0000
1.0000
1.0000
1.0000
1.0000
1.0000
1.0000
1.0000
1.0000
1.0000
1.0000
1.0000
1.0000
1.0000
1.0000
1.0000
1.0000
1.0000
1.0000
1.0000
1.0000
1.0000
1.0000
1.0000
1.0000
1.0000
1.0000
1.0000
1.0000
1.0000
1.0000
1.0000
1.0000
1.0000
1.0000
1.0000
1.0000
1.0000
1.0001
1.0003
1.0010
1.0026
1.0064
1.0147
1.0310
1.0613
1.1130
1.1952
1.3166
1.4841
1.7005
1.9645
2.2703
2.6092
2.9712
3.3461
3.7242
4.0974
4.4592
4.8047
5.1304
5.4342
5.7146
5.9706
6.2016
6.4074
6.5878
6.7426
6.8718
6.9748
7.0510
7.0994
7.1193
7.1105
7.0734
7.0091
6.9187
6.8031
6.6630
6.4984
6.3094
6.0958
5.8574
5.5937
5.3044
4.9893
4.6493
4.2870
3.9067
3.5154
3.1223
2.7388
2.3774
2.0506
1.7683
1.5368
1.3569
1.2252
1.1343
1.0755
1.0398
1.0197
1.0090
1.0039
1.0015
1.0006
1.0002
1.0001
1.0000
1.0000
1.0000
1.0000
1.0000
1.0000
1.0000
1.0000
1.0000
1.0000
1.0001
1.0004
1.0012
1.0031
1.0075
1.0170
1.0355
1.0694
1.1268
1.2173
1.3512
1.5368
1.7790
2.0777
2.4267
2.8149
3.2283
3.6519
4.0729
4.4813
4.8706
5.2369
5.5788
5.8961
6.1895
6.4597
6.7073
6.9322
7.1340
7.3119
7.4649
7.5917
7.6910
7.7615
7.8019
7.8114
7.7896
7.7368
7.6539
7.5420
7.4025
7.2364
7.0451
6.8294
6.5903
6.3284
6.0442
5.7381
5.4103
5.0613
4.6923
4.3055
3.9050
3.4966
3.0890
2.6932
2.3219
1.9885
1.7041
1.4754
1.3029
1.1816
1.1021
1.0537
1.0264
1.0121
1.0052
1.0020
1.0007
1.0002
1.0001
1.0000
1.0000
1.0000
1.0000
1.0000
1.0000
1.0000
1.0000
1.0000
1.0000
1.0000
1.0000
1.0000
1.0000
1.0000
1.0000
1.0000
1.0000
1.0000
1.0000
1.0000
1.0000
1.0000
1.0000
1.0000
1.0000
1.0000
1.0000
1.0000
1.0000
1.0000
1.0000
1.0000
1.0000
1.0000
1.0000
1.0000
1.0000
1.0000
1.0000
1.0000
1.0000
1.0000
1.0000
1.0000
1.0000
1.0000
1.0000
1.0001
1.0002
1.0007
1.0020
1.0052
1.0121
1.0264
1.0537
1.1021
1.1816
1.3029
1.4754
1.7041
1.9885
2.3219
2.6932
3.0890
3.4966
3.9050
4.3055
4.6923
5.0613
5.4103
5.7381
6.0442
6.3284
6.5903
6.8294
7.0451
7.2364
7.4025
7.5420
7.6539
7.7368
7.7896
7.8114
7.8019
7.7615
7.6910
7.5917
7.4649
7.3119
7.1340
6.9322
6.7073
6.4597
6.1895
5.8961
5.5788
5.2369
4.8706
4.4813
4.0729
3.6519
3.2283
2.8149
2.4267
2.0777
1.7790
1.5368
1.3512
1.2173
1.1268
1.0694
1.0355
1.0170
1.0075
1.0031
1.0012
1.0004
1.0001
1.0000
1.0000
1.0000
1.0000
1.0000
1.0000
1.0000
1.0000
1.0000
1.0001
1.0003
1.0008
1.0023
1.0059
1.0138
1.0301
1.0608
1.1146
1.2019
1.3340
1.5207
1.7683
2.0777
2.4430
2.8529
3.2919
3.7434
4.1928
4.6287
5.0443
5.4366
5.8051
6.1506
6.4747
6.7784
7.0624
7.3266
7.5701
7.7914
7.9885
8.1593
8.3016
8.4133
8.4926
8.5380
8.5486
8.5240
8.4648
8.3720
8.2471
8.0920
7.9088
7.6997
7.4667
7.2117
6.9361
6.6411
6.3271
5.9942
5.6418
5.2694
4.8768
4.4647
4.0360
3.5963
3.1554
2.7272
2.3281
1.9747
1.6792
1.4476
1.2780
1.1622
1.0888
1.0454
1.0217
1.0096
1.0039
1.0015
1.0005
1.0002
1.0000
1.0000
1.0000
1.0000
1.0000
1.0000
1.0000
1.0000
1.0000
1.0000
1.0000
1.0000
1.0000
1.0000
1.0000
1.0000
1.0000
1.0000
1.0000
1.0000
1.0000
1.0000
1.0000
1.0000
1.0000
1.0000
1.0000
1.0000
1.0000
1.0000
1.0000
1.0000
1.0000
1.0000
1.0000
1.0000
1.0000
1.0000
1.0000
1.0000
1.0000
1.0000
1.0000
1.0000
1.0000
1.0000
1.0000
1.0000
1.0002
1.0005
1.0015
1.0039
1.0096
1.0217
1.0454
1.0888
1.1622
1.2780
1.4476
1.6792
1.9747
2.3281
2.7272
3.1554
3.5963
4.0360
4.4647
4.8768
5.2694
5.6418
5.9942
6.3271
6.6411
6.9361
7.2117
7.4667
7.6997
7.9088
8.0920
8.2471
8.3720
8.4648
8.5240
8.5486
8.5380
8.4926
8.4133
8.3016
8.1593
7.9885
7.7914
7.5701
7.3266
7.0624
6.7784
6.4747
6.1506
5.8051
5.4366
5.0443
4.6287
4.1928
3.7434
3.2919
2.8529
2.4430
2.0777
1.7683
1.5207
1.3340
1.2019
1.1146
1.0608
1.0301
1.0138
1.0059
1.0023
1.0008
1.0003
1.0001
1.0000
1.0000
1.0000
1.0000
1.0000
1.0000
1.0000
1.0000
1.0002
1.0006
1.0016
1.0044
1.0107
1.0242
1.0507
1.0989
1.1799
1.3060
1.4888
1.7363
2.0506
2.4267
2.8529
3.3129
3.7889
4.2644
4.7270
5.1690
5.5875
5.9829
6.3572
6.7129
7.0518
7.3746
7.6814
7.9707
8.2405
8.4881
8.7103
8.9041
9.0661
9.1936
9.2842
9.3361
9.3481
9.3201
9.2525
9.1467
9.0047
8.8291
8.6228
8.3890
8.1308
7.8512
7.5528
7.2377
6.9072
6.5617
6.2007
5.8227
5.4258
5.0080
4.5685
4.1093
3.6371
3.1645
2.7092
2.2912
1.9286
1.6329
1.4074
1.2468
1.1403
1.0746
1.0370
1.0170
1.0073
1.0028
1.0010
1.0003
1.0001
1.0000
1.0000
1.0000
1.0000
1.0000
1.0000
1.0000
1.0000
1.0000
1.0000
1.0000
1.0000
1.0000
1.0000
1.0000
1.0000
1.0000
1.0000
1.0000
1.0000
1.0000
1.0000
1.0000
1.0000
1.0000
1.0000
1.0000
1.0000
1.0000
1.0000
1.0000
1.0000
1.0000
1.0000
1.0000
1.0000
1.0000
1.0000
1.0000
1.0000
1.0000
1.0000
1.0000
1.0000
1.0000
1.0000
1.0001
1.0003
1.0010
1.0028
1.0073
1.0170
1.0370
1.0746
1.1403
1.2468
1.4074
1.6329
1.9286
2.2912
2.7092
3.1645
3.6371
4.1093
4.5685
5.0080
5.4258
5.8227
6.2007
6.5617
6.9072
7.2377
7.5528
7.8512
8.1308
8.3890
8.6228
8.8291
9.0047
9.1467
9.2525
9.3201
9.3481
9.3361
9.2842
9.1936
9.0661
8.9041
8.7103
8.4881
8.2405
7.9707
7.6814
7.3746
7.0518
6.7129
6.3572
5.9829
5.5875
5.1690
4.7270
4.2644
3.7889
3.3129
2.8529
2.4267
2.0506
1.7363
1.4888
1.3060
1.1799
1.0989
1.0507
1.0242
1.0107
1.0044
1.0016
1.0006
1.0002
1.0000
1.0000
1.0000
1.0000
1.0000
1.0000
1.0000
1.0001
1.0003
1.0011
1.0030
1.0078
1.0184
1.0403
1.0815
1.1534
1.2694
1.4427
1.6837
1.9965
2.3774
2.8149
3.2919
3.7889
4.2882
4.7758
5.2436
5.6884
6.1110
6.5146
6.9024
7.2773
7.6406
7.9922
8.3307
8.6535
8.9571
9.2378
9.4911
9.7129
9.8990
10.0458
10.1502
10.2100
10.2239
10.1915
10.1136
9.9919
9.8288
9.6278
9.3925
9.1273
8.8363
8.5237
8.1933
7.8484
7.4915
7.1238
6.7455
6.3553
5.9504
5.5270
5.0814
4.6117
4.1207
3.6177
3.1191
2.6461
2.2207
1.8600
1.5733
1.3601
1.2124
1.1172
1.0603
1.0288
1.0127
1.0052
1.0019
1.0006
1.0002
1.0000
1.0000
1.0000
1.0000
1.0000
1.0000
1.0000
1.0000
1.0000
1.0000
1.0000
1.0000
1.0000
1.0000
1.0000
1.0000
1.0000
1.0000
1.0000
1.0000
1.0000
1.0000
1.0000
1.0000
1.0000
1.0000
1.0000
1.0000
1.0000
1.0000
1.0000
1.0000
1.0000
1.0000
1.0000
1.0000
1.0000
1.0000
1.0000
1.0000
1.0000
1.0000
1.0000
1.0000
1.0000
1.0000
1.0002
1.0006
1.0019
1.0052
1.0127
1.0288
1.0603
1.1172
1.2124
1.3601
1.5733
1.8600
2.2207
2.6461
3.1191
3.6177
4.1207
4.6117
5.0814
5.5270
5.9504
6.3553
6.7455
7.1238
7.4915
7.8484
8.1933
8.5237
8.8363
9.1273
9.3925
9.6278
9.8288
9.9919
10.1136
10.1915
10.2239
10.2100
10.1502
10.0458
9.8990
9.7129
9.4911
9.2378
8.9571
8.6535
8.3307
7.9922
7.6406
7.2773
6.9024
6.5146
6.1110
5.6884
5.2436
4.7758
4.2882
3.7889
3.2919
2.8149
2.3774
1.9965
1.6837
1.4427
1.2694
1.1534
1.0815
1.0403
1.0184
1.0078
1.0030
1.0011
1.0003
1.0001
1.0000
1.0000
1.0000
1.0000
1.0000
1.0000
1.0002
1.0007
1.0020
1.0054
1.0133
1.0304
1.0641
1.1252
1.2277
1.3863
1.6139
1.9175
2.2960
2.7388
3.2283
3.7434
4.2644
4.7758
5.2683
5.7387
6.1882
6.6206
7.0405
7.4513
7.8554
8.2529
8.6424
9.0212
9.3854
9.7302
10.0506
10.3411
10.5963
10.8110
10.9808
11.1017
11.1710
11.1871
11.1496
11.0594
10.9185
10.7302
10.4986
10.2286
9.9252
9.5941
9.2406
8.8696
8.4857
8.0926
7.6927
7.2873
6.8757
6.4555
6.0221
5.5700
5.0944
4.5938
4.0732
3.5452
3.0296
2.5497
2.1271
1.7770
1.5053
1.3087
1.1763
1.0938
1.0463
1.0211
1.0088
1.0034
1.0012
1.0004
1.0001
1.0000
1.0000
1.0000
1.0000
1.0000
1.0000
1.0000
1.0000
1.0000
1.0000
1.0000
1.0000
1.0000
1.0000
1.0000
1.0000
1.0000
1.0000
1.0000
1.0000
1.0000
1.0000
1.0000
1.0000
1.0000
1.0000
1.0000
1.0000
1.0000
1.0000
1.0000
1.0000
1.0000
1.0000
1.0000
1.0000
1.0000
1.0000
1.0000
1.0000
1.0000
1.0000
1.0000
1.0000
1.0001
1.0004
1.0012
1.0034
1.0088
1.0211
1.0463
1.0938
1.1763
1.3087
1.5053
1.7770
2.1271
2.5497
3.0296
3.5452
4.0732
4.5938
5.0944
5.5700
6.0221
6.4555
6.8757
7.2873
7.6927
8.0926
8.4857
8.8696
9.2406
9.5941
9.9252
10.2286
10.4986
10.7302
10.9185
11.0594
11.1496
11.1871
11.1710
11.1017
10.9808
10.8110
10.5963
10.3411
10.0506
9.7302
9.3854
9.0212
8.6424
8.2529
7.8554
7.4513
7.0405
6.6206
6.1882
5.7387
5.2683
4.7758
4.2644
3.7434
3.2283
2.7388
2.2960
1.9175
1.6139
1.3863
1.2277
1.1252
1.0641
1.0304
1.0133
1.0054
1.0020
1.0007
1.0002
1.0000
1.0000
1.0000
1.0000
1.0000
1.0001
1.0004
1.0012
1.0034
1.0090
1.0217
1.0479
1.0976
1.1845
1.3244
1.5323
1.8188
2.1862
2.6263
3.1223
3.6519
4.1928
4.7270
5.2436
5.7387
6.2139
6.6740
7.1244
7.5699
8.0135
8.4562
8.8969
9.3329
9.7602
10.1735
10.5670
10.9342
11.2684
11.5629
11.8114
12.0083
12.1488
12.2294
12.2482
12.2045
12.0996
11.9361
11.7179
11.4502
11.1390
10.7907
10.4121
10.0098
9.5900
9.1586
8.7202
8.2788
7.8366
7.3941
6.9497
6.4992
6.0366
5.5550
5.0497
4.5207
3.9757
3.4304
2.9067
2.4284
2.0161
1.6826
1.4308
1.2542
1.1396
1.0711
1.0334
1.0144
1.0057
1.0021
1.0007
1.0002
1.0000
1.0000
1.0000
1.0000
1.0000
1.0000
1.0000
1.0000
1.0000
1.0000
1.0000
1.0000
1.0000
1.0000
1.0000
1.0000
1.0000
1.0000
1.0000
1.0000
1.0000
1.0000
1.0000
1.0000
1.0000
1.0000
1.0000
1.0000
1.0000
1.0000
1.0000
1.0000
1.0000
1.0000
1.0000
1.0000
1.0000
1.0000
1.0000
1.0000
1.0000
1.0000
1.0000
1.0000
1.0002
1.0007
1.0021
1.0057
1.0144
1.0334
1.0711
1.1396
1.2542
1.4308
1.6826
2.0161
2.4284
2.9067
3.4304
3.9757
4.5207
5.0497
5.5550
6.0366
6.4992
6.9497
7.3941
7.8366
8.2788
8.7202
9.1586
9.5900
10.0098
10.4121
10.7907
11.1390
11.4502
11.7179
11.9361
12.0996
12.2045
12.2482
12.2294
12.1488
12.0083
11.8114
11.5629
11.2684
10.9342
10.5670
10.1735
9.7602
9.3329
8.8969
8.4562
8.0135
7.5699
7.1244
6.6740
6.2139
5.7387
5.2436
4.7270
4.1928
3.6519
3.1223
2.6263
2.1862
1.8188
1.5323
1.3244
1.1845
1.0976
1.0479
1.0217
1.0090
1.0034
1.0012
1.0004
1.0001
1.0000
1.0000
1.0000
1.0000
1.0002
1.0007
1.0020
1.0057
1.0145
1.0338
1.0723
1.1428
1.2614
1.4449
1.7071
2.0544
2.4827
2.9772
3.5154
4.0729
4.6287
5.1690
5.6884
6.1882
6.6740
7.1525
7.6299
8.1104
8.5958
9.0857
9.5780
10.0686
10.5523
11.0228
11.4727
11.8944
12.2796
12.6202
12.9085
13.1375
13.3011
13.3952
13.4171
13.3661
13.2438
13.0534
12.8000
12.4898
12.1304
11.7295
11.2956
10.8365
10.3599
9.8727
9.3809
8.8893
8.4015
7.9191
7.4416
6.9659
6.4862
5.9952
5.4856
4.9533
4.4003
3.8367
3.2804
2.7551
2.2850
1.8894
1.5787
1.3520
1.1992
1.1045
1.0505
1.0225
1.0092
1.0034
1.0011
1.0003
1.0001
1.0000
1.0000
1.0000
1.0000
1.0000
1.0000
1.0000
1.0000
1.0000
1.0000
1.0000
1.0000
1.0000
1.0000
1.0000
1.0000
1.0000
1.0000
1.0000
1.0000
1.0000
1.0000
1.0000
1.0000
1.0000
1.0000
1.0000
1.0000
1.0000
1.0000
1.0000
1.0000
1.0000
1.0000
1.0000
1.0000
1.0000
1.0000
1.0000
1.0000
1.0000
1.0000
1.0001
1.0003
1.0011
1.0034
1.0092
1.0225
1.0505
1.1045
1.1992
1.3520
1.5787
1.8894
2.2850
2.7551
3.2804
3.8367
4.4003
4.9533
5.4856
5.9952
6.4862
6.9659
7.4416
7.9191
8.4015
8.8893
9.3809
9.8727
10.3599
10.8365
11.2956
11.7295
12.1304
12.4898
12.8000
13.0534
13.2438
13.3661
13.4171
13.3952
13.3011
13.1375
12.9085
12.6202
12.2796
11.8944
11.4727
11.0228
10.5523
10.0686
9.5780
9.0857
8.5958
8.1104
7.6299
7.1525
6.6740
6.1882
5.6884
5.1690
4.6287
4.0729
3.5154
2.9772
2.4827
2.0544
1.7071
1.4449
1.2614
1.1428
1.0723
1.0338
1.0145
1.0057
1.0020
1.0007
1.0002
1.0000
1.0000
1.0000
1.0001
1.0003
1.0011
1.0034
1.0091
1.0224
1.0506
1.1049
1.2010
1.3567
1.5888
1.9080
2.3150
2.7986
3.3378
3.9067
4.4813
5.0443
5.5875
6.1110
6.6206
7.1244
7.6299
8.1430
8.6668
9.2021
9.7472
10.2988
10.8519
11.4002
11.9362
12.4512
12.9360
13.3807
13.7755
14.1106
14.3775
14.5687
14.6787
14.7043
14.6447
14.5017
14.2794
13.9843
13.6242
13.2083
12.7463
12.2482
11.7238
11.1819
10.6308
10.0776
9.5282
8.9870
8.4567
7.9380
7.4289
6.9248
6.4186
5.9017
5.3669
4.8108
4.2372
3.6586
3.0959
2.5750
2.1204
1.7497
1.4692
1.2732
1.1473
1.0733
1.0335
1.0141
1.0054
1.0019
1.0006
1.0001
1.0000
1.0000
1.0000
1.0000
1.0000
1.0000
1.0000
1.0000
1.0000
1.0000
1.0000
1.0000
1.0000
1.0000
1.0000
1.0000
1.0000
1.0000
1.0000
1.0000
1.0000
1.0000
1.0000
1.0000
1.0000
1.0000
1.0000
1.0000
1.0000
1.0000
1.0000
1.0000
1.0000
1.0000
1.0000
1.0000
1.0000
1.0000
1.0000
1.0000
1.0000
1.0000
1.0001
1.0006
1.0019
1.0054
1.0141
1.0335
1.0733
1.1473
1.2732
1.4692
1.7497
2.1204
2.5750
3.0959
3.6586
4.2372
4.8108
5.3669
5.9017
6.4186
6.9248
7.4289
7.9380
8.4567
8.9870
9.5282
10.0776
10.6308
11.1819
11.7238
12.2482
12.7463
13.2083
13.6242
13.9843
14.2794
14.5017
14.6447
14.7043
14.6787
14.5687
14.3775
14.1106
13.7755
13.3807
12.9360
12.4512
11.9362
11.4002
10.8519
10.2988
9.7472
9.2021
8.6668
8.1430
7.6299
7.1244
6.6206
6.1110
5.5875
5.0443
4.4813
3.9067
3.3378
2.7986
2.3150
1.9080
1.5888
1.3567
1.2010
1.1049
1.0506
1.0224
1.0091
1.0034
1.0011
1.0003
1.0001
1.0000
1.0000
1.0001
1.0006
1.0018
1.0053
1.0138
1.0331
1.0727
1.1466
1.2728
1.4702
1.7540
2.1303
2.5931
3.1242
3.6978
4.2870
4.8706
5.4366
5.9829
6.5146
7.0405
7.5699
8.1104
8.6668
9.2413
9.8336
10.4410
11.0596
11.6833
12.3048
12.9155
13.5052
14.0631
14.5772
15.0354
15.4259
15.7377
15.9617
16.0908
16.1208
16.0509
15.8832
15.6231
15.2785
14.8596
14.3775
13.8445
13.2725
12.6731
12.0570
11.4336
10.8112
10.1965
9.5948
9.0097
8.4426
7.8930
7.3571
6.8289
6.2995
5.7595
5.2013
4.6227
4.0299
3.4395
2.8763
2.3683
1.9397
1.6040
1.3613
1.2002
1.1024
1.0481
1.0207
1.0082
1.0029
1.0009
1.0003
1.0001
1.0000
1.0000
1.0000
1.0000
1.0000
1.0000
1.0000
1.0000
1.0000
1.0000
1.0000
1.0000
1.0000
1.0000
1.0000
1.0000
1.0000
1.0000
1.0000
1.0000
1.0000
1.0000
1.0000
1.0000
1.0000
1.0000
1.0000
1.0000
1.0000
1.0000
1.0000
1.0000
1.0000
1.0000
1.0000
1.0000
1.0000
1.0000
1.0000
1.0000
1.0001
1.0003
1.0009
1.0029
1.0082
1.0207
1.0481
1.1024
1.2002
1.3613
1.6040
1.9397
2.3683
2.8763
3.4395
4.0299
4.6227
5.2013
5.7595
6.2995
6.8289
7.3571
7.8930
8.4426
9.0097
9.5948
10.1965
10.8112
11.4336
12.0570
12.6731
13.2725
13.8445
14.3775
14.8596
15.2785
15.6231
15.8832
16.0509
16.1208
16.0908
15.9617
15.7377
15.4259
15.0354
14.5772
14.0631
13.5052
12.9155
12.3048
11.6833
11.0596
10.4410
9.8336
9.2413
8.6668
8.1104
7.5699
7.0405
6.5146
5.9829
5.4366
4.8706
4.2870
3.6978
3.1242
2.5931
2.1303
1.7540
1.4702
1.2728
1.1466
1.0727
1.0331
1.0138
1.0053
1.0018
1.0006
1.0001
1.0000
1.0001
1.0002
1.0009
1.0028
1.0079
1.0202
1.0471
1.1006
1.1975
1.3577
1.6000
1.9365
2.3677
2.8802
3.4499
4.0481
4.6493
5.2369
5.8051
6.3572
6.9024
7.4513
8.0135
8.5958
9.2021
9.8336
10.4892
11.1659
11.8588
12.5613
13.2654
13.9609
14.6363
15.2786
15.8735
16.4063
16.8622
17.2277
17.4908
17.6428
17.6782
17.5958
17.3985
17.0932
16.6900
16.2016
15.6421
15.0265
14.3694
13.6844
12.9842
12.2796
11.5800
10.8930
10.2243
9.5781
8.9566
8.3600
7.7859
7.2289
6.6806
6.1308
5.5686
4.9869
4.3856
3.7758
3.1794
2.6257
2.1436
1.7536
1.4626
1.2632
1.1382
1.0667
1.0295
1.0119
1.0044
1.0014
1.0004
1.0001
1.0000
1.0000
1.0000
1.0000
1.0000
1.0000
1.0000
1.0000
1.0000
1.0000
1.0000
1.0000
1.0000
1.0000
1.0000
1.0000
1.0000
1.0000
1.0000
1.0000
1.0000
1.0000
1.0000
1.0000
1.0000
1.0000
1.0000
1.0000
1.0000
1.0000
1.0000
1.0000
1.0000
1.0000
1.0000
1.0000
1.0000
1.0000
1.0000
1.0000
1.0001
1.0004
1.0014
1.0044
1.0119
1.0295
1.0667
1.1382
1.2632
1.4626
1.7536
2.1436
2.6257
3.1794
3.7758
4.3856
4.9869
5.5686
6.1308
6.6806
7.2289
7.7859
8.3600
8.9566
9.5781
10.2243
10.8930
11.5800
12.2796
12.9842
13.6844
14.3694
15.0265
15.6421
16.2016
16.6900
17.0932
17.3985
17.5958
17.6782
17.6428
17.4908
17.2277
16.8622
16.4063
15.8735
15.2786
14.6363
13.9609
13.2654
12.5613
11.8588
11.1659
10.4892
9.8336
9.2021
8.5958
8.0135
7.4513
6.9024
6.3572
5.8051
5.2369
4.6493
4.0481
3.4499
2.8802
2.3677
1.9365
1.6000
1.3577
1.1975
1.1006
1.0471
1.0202
1.0079
1.0028
1.0009
1.0002
1.0001
1.0001
1.0004
1.0013
1.0041
1.0113
1.0283
1.0645
1.1344
1.2573
1.4542
1.7429
2.1311
2.6127
3.1676
3.7671
4.3817
4.9893
5.5788
6.1506
6.7129
7.2773
7.8554
8.4562
9.0857
9.7472
10.4410
11.1659
11.9182
12.6930
13.4832
14.2796
15.0711
15.8443
16.5840
17.2730
17.8935
18.4271
18.8565
19.1668
19.3463
19.3882
19.2908
19.0578
18.6983
18.2252
17.6547
17.0046
16.2932
15.5381
14.7559
13.9609
13.1658
12.3808
11.6143
10.8724
10.1597
9.4786
8.8300
8.2119
7.6202
7.0470
6.4817
5.9120
5.3266
4.7201
4.0976
3.4767
2.8856
2.3562
1.9151
1.5756
1.3358
1.1809
1.0896
1.0407
1.0169
1.0064
1.0022
1.0007
1.0002
1.0000
1.0000
1.0000
1.0000
1.0000
1.0000
1.0000
1.0000
1.0000
1.0000
1.0000
1.0000
1.0000
1.0000
1.0000
1.0000
1.0000
1.0000
1.0000
1.0000
1.0000
1.0000
1.0000
1.0000
1.0000
1.0000
1.0000
1.0000
1.0000
1.0000
1.0000
1.0000
1.0000
1.0000
1.0000
1.0000
1.0000
1.0000
1.0000
1.0000
1.0002
1.0007
1.0022
1.0064
1.0169
1.0407
1.0896
1.1809
1.3358
1.5756
1.9151
2.3562
2.8856
3.4767
4.0976
4.7201
5.3266
5.9120
6.4817
7.0470
7.6202
8.2119
8.8300
9.4786
10.1597
10.8724
11.6143
12.3808
13.1658
13.9609
14.7559
15.5381
16.2932
17.0046
17.6547
18.2252
18.6983
19.0578
19.2908
19.3882
19.3463
19.1668
18.8565
18.4271
17.8935
17.2730
16.5840
15.8443
15.0711
14.2796
13.4832
12.6930
11.9182
11.1659
10.4410
9.7472
9.0857
8.4562
7.8554
7.2773
6.7129
6.1506
5.5788
4.9893
4.3817
3.7671
3.1676
2.6127
2.1311
1.7429
1.4542
1.2573
1.1344
1.0645
1.0283
1.0113
1.0041
1.0013
1.0004
1.0001
1.0002
1.0006
1.0019
1.0058
1.0157
1.0382
1.0851
1.1735
1.3245
1.5598
1.8946
2.3315
2.8578
3.4474
4.0687
4.6936
5.3044
5.8961
6.4747
7.0518
7.6406
8.2529
8.8969
9.5781
10.2989
11.0597
11.8590
12.6935
13.5578
14.4446
15.3441
16.2438
17.1285
17.9805
18.7793
19.5029
20.1288
20.6349
21.0019
21.2148
21.2645
21.1489
20.8729
20.4481
19.8916
19.2239
18.4674
17.6448
16.7774
15.8846
14.9833
14.0876
13.2088
12.3557
11.5348
10.7506
10.0056
9.3007
8.6344
8.0031
7.3996
6.8138
6.2322
5.6412
5.0310
4.4007
3.7627
3.1425
2.5729
2.0850
1.6986
1.4175
1.2306
1.1172
1.0546
1.0233
1.0090
1.0032
1.0010
1.0003
1.0000
1.0000
1.0000
1.0000
1.0000
1.0000
1.0000
1.0000
1.0000
1.0000
1.0000
1.0000
1.0000
1.0000
1.0000
1.0000
1.0000
1.0000
1.0000
1.0000
1.0000
1.0000
1.0000
1.0000
1.0000
1.0000
1.0000
1.0000
1.0000
1.0000
1.0000
1.0000
1.0000
1.0000
1.0000
1.0000
1.0000
1.0000
1.0000
1.0000
1.0003
1.0010
1.0032
1.0090
1.0233
1.0546
1.1172
1.2306
1.4175
1.6986
2.0850
2.5729
3.1425
3.7627
4.4007
5.0310
5.6412
6.2322
6.8138
7.3996
8.0031
8.6344
9.3007
10.0056
10.7506
11.5348
12.3557
13.2088
14.0876
14.9833
15.8846
16.7774
17.6448
18.4674
19.2239
19.8916
20.4481
20.8729
21.1489
21.2645
21.2148
21.0019
20.6349
20.1288
19.5029
18.7793
17.9805
17.1285
16.2438
15.3441
14.4446
13.5578
12.6935
11.8590
11.0597
10.2989
9.5781
8.8969
8.2529
7.6406
7.0518
6.4747
5.8961
5.3044
4.6936
4.0687
3.4474
2.8578
2.3315
1.8946
1.5598
1.3245
1.1735
1.0851
1.0382
1.0157
1.0058
1.0019
1.0006
1.0002
1.0002
1.0008
1.0027
1.0079
1.0208
1.0498
1.1086
1.2168
1.3973
1.6710
2.0500
2.5314
3.0960
3.7130
4.3498
4.9808
5.5937
6.1895
6.7784
7.3746
7.9922
8.6424
9.3330
10.0688
10.8523
11.6839
12.5626
13.4852
14.4468
15.4397
16.4536
17.4749
18.4864
19.4675
20.3939
21.2391
21.9746
22.5727
23.0084
23.2619
23.3211
23.1833
22.8550
22.3516
21.6953
20.9124
20.0312
19.0797
18.0836
17.0657
16.0455
15.0386
14.0573
13.1107
12.2053
11.3453
10.5329
9.7686
9.0510
8.3766
7.7389
7.1281
6.5308
5.9318
5.3178
4.6829
4.0339
3.3922
2.7897
2.2603
1.8297
1.5075
1.2870
1.1494
1.0714
1.0312
1.0124
1.0045
1.0014
1.0004
1.0001
1.0000
1.0000
1.0000
1.0000
1.0000
1.0000
1.0000
1.0000
1.0000
1.0000
1.0000
1.0000
1.0000
1.0000
1.0000
1.0000
1.0000
1.0000
1.0000
1.0000
1.0000
1.0000
1.0000
1.0000
1.0000
1.0000
1.0000
1.0000
1.0000
1.0000
1.0000
1.0000
1.0000
1.0000
1.0000
1.0000
1.0000
1.0000
1.0001
1.0004
1.0014
1.0045
1.0124
1.0312
1.0714
1.1494
1.2870
1.5075
1.8297
2.2603
2.7897
3.3922
4.0339
4.6829
5.3178
5.9318
6.5308
7.1281
7.7389
8.3766
9.0510
9.7686
10.5329
11.3453
12.2053
13.1107
14.0573
15.0386
16.0455
17.0657
18.0836
19.0797
20.0312
20.9124
21.6953
22.3516
22.8550
23.1833
23.3211
23.2619
23.0084
22.5727
21.9746
21.2391
20.3939
19.4675
18.4864
17.4749
16.4536
15.4397
14.4468
13.4852
12.5626
11.6839
10.8523
10.0688
9.3330
8.6424
7.9922
7.3746
6.7784
6.1895
5.5937
4.9808
4.3498
3.7130
3.0960
2.5314
2.0500
1.6710
1.3973
1.2168
1.1086
1.0498
1.0208
1.0079
1.0027
1.0008
1.0002
1.0003
1.0011
1.0036
1.0102
1.0266
1.0625
1.1341
1.2628
1.4726
1.7835
2.2037
2.7245
3.3210
3.9592
4.6067
5.2417
5.8574
6.4597
7.0624
7.6814
8.3307
9.0213
9.7604
10.5529
11.4014
12.3071
13.2697
14.2867
15.3538
16.4633
17.6045
18.7624
19.9180
21.0474
22.1223
23.1102
23.9762
24.6848
25.2035
25.5064
25.5773
25.4124
25.0206
24.4222
23.6463
22.7269
21.6996
20.5987
19.4551
18.2956
17.1422
16.0124
14.9192
13.8720
12.8769
11.9373
11.0548
10.2290
9.4581
8.7384
8.0639
7.4251
6.8089
6.1994
5.5810
4.9434
4.2881
3.6314
3.0030
2.4380
1.9665
1.6043
1.3495
1.1862
1.0910
1.0407
1.0166
1.0061
1.0020
1.0006
1.0001
1.0000
1.0000
1.0000
1.0000
1.0000
1.0000
1.0000
1.0000
1.0000
1.0000
1.0000
1.0000
1.0000
1.0000
1.0000
1.0000
1.0000
1.0000
1.0000
1.0000
1.0000
1.0000
1.0000
1.0000
1.0000
1.0000
1.0000
1.0000
1.0000
1.0000
1.0000
1.0000
1.0000
1.0000
1.0000
1.0000
1.0000
1.0000
1.0001
1.0006
1.0020
1.0061
1.0166
1.0407
1.0910
1.1862
1.3495
1.6043
1.9665
2.4380
3.0030
3.6314
4.2881
4.9434
5.5810
6.1994
6.8089
7.4251
8.0639
8.7384
9.4581
10.2290
11.0548
11.9373
12.8769
13.8720
14.9192
16.0124
17.1422
18.2956
19.4551
20.5987
21.6996
22.7269
23.6463
24.4222
25.0206
25.4124
25.5773
25.5064
25.2035
24.6848
23.9762
23.1102
22.1223
21.0474
19.9180
18.7624
17.6045
16.4633
15.3538
14.2867
13.2697
12.3071
11.4014
10.5529
9.7604
9.0213
8.3307
7.6814
7.0624
6.4597
5.8574
5.2417
4.6067
3.9592
3.3210
2.7245
2.2037
1.7835
1.4726
1.2628
1.1341
1.0625
1.0266
1.0102
1.0036
1.0011
1.0003
1.0004
1.0014
1.0045
1.0128
1.0327
1.0759
1.1603
1.3092
1.5474
1.8929
2.3502
2.9050
3.5278
4.1823
4.8376
5.4760
6.0958
6.7073
7.3266
7.9707
8.6535
9.3856
10.1742
11.0244
11.9397
12.9226
13.9740
15.0929
16.2757
17.5150
18.7994
20.1125
21.4327
22.7330
23.9803
25.1359
26.1566
26.9977
27.6168
27.9797
28.0648
27.8669
27.3979
26.6850
25.7661
24.6850
23.4862
22.2117
20.8981
19.5767
18.2725
17.0051
15.7887
14.6325
13.5420
12.5193
11.5645
10.6760
9.8511
9.0854
8.3728
7.7042
7.0669
6.4450
5.8212
5.1819
4.5236
3.8573
3.2092
2.6142
2.1059
1.7055
1.4167
1.2268
1.1132
1.0517
1.0215
1.0081
1.0028
1.0008
1.0002
1.0000
1.0000
1.0000
1.0000
1.0000
1.0000
1.0000
1.0000
1.0000
1.0000
1.0000
1.0000
1.0000
1.0000
1.0000
1.0000
1.0000
1.0000
1.0000
1.0000
1.0000
1.0000
1.0000
1.0000
1.0000
1.0000
1.0000
1.0000
1.0000
1.0000
1.0000
1.0000
1.0000
1.0000
1.0000
1.0000
1.0000
1.0000
1.0002
1.0008
1.0028
1.0081
1.0215
1.0517
1.1132
1.2268
1.4167
1.7055
2.1059
2.6142
3.2092
3.8573
4.5236
5.1819
5.8212
6.4450
7.0669
7.7042
8.3728
9.0854
9.8511
10.6760
11.5645
12.5193
13.5420
14.6325
15.7887
17.0051
18.2725
19.5767
20.8981
22.2117
23.4862
24.6850
25.7661
26.6850
27.3979
27.8669
28.0648
27.9797
27.6168
26.9977
26.1566
25.1359
23.9803
22.7330
21.4327
20.1125
18.7994
17.5150
16.2757
15.0929
13.9740
12.9226
11.9397
11.0244
10.1742
9.3856
8.6535
7.9707
7.3266
6.7073
6.0958
5.4760
4.8376
4.1823
3.5278
2.9050
2.3502
1.8929
1.5474
1.3092
1.1603
1.0759
1.0327
1.0128
1.0045
1.0014
1.0004
1.0006
1.0018
1.0055
1.0154
1.0390
1.0893
1.1861
1.3542
1.6185
1.9953
2.4850
3.0685
3.7126
4.3799
5.0414
5.6837
6.3094
6.9322
7.5701
8.2405
8.9574
9.7309
10.5688
11.4771
12.4609
13.5248
14.6721
15.9040
17.2181
18.6070
20.0578
21.5514
23.0632
24.5621
26.0102
27.3620
28.5654
29.5641
30.3038
30.7392
30.8414
30.6035
30.0414
29.1910
28.1018
26.8295
25.4292
23.9510
22.4383
20.9273
19.4474
18.0213
16.6648
15.3878
14.1942
13.0841
12.0552
11.1036
10.2247
9.4132
8.6625
7.9637
7.3043
6.6685
6.0384
5.3978
4.7385
4.0666
3.4040
2.7844
2.2437
1.8079
1.4861
1.2695
1.1371
1.0637
1.0270
1.0104
1.0036
1.0011
1.0003
1.0000
1.0000
1.0000
1.0000
1.0000
1.0000
1.0000
1.0000
1.0000
1.0000
1.0000
1.0000
1.0000
1.0000
1.0000
1.0000
1.0000
1.0000
1.0000
1.0000
1.0000
1.0000
1.0000
1.0000
1.0000
1.0000
1.0000
1.0000
1.0000
1.0000
1.0000
1.0000
1.0000
1.0000
1.0000
1.0000
1.0000
1.0000
1.0003
1.0011
1.0036
1.0104
1.0270
1.0637
1.1371
1.2695
1.4861
1.8079
2.2437
2.7844
3.4040
4.0666
4.7385
5.3978
6.0384
6.6685
7.3043
7.9637
8.6625
9.4132
10.2247
11.1036
12.0552
13.0841
14.1942
15.3878
16.6648
18.0213
19.4474
20.9273
22.4383
23.9510
25.4292
26.8295
28.1018
29.1910
30.0414
30.6035
30.8414
30.7392
30.3038
29.5641
28.5654
27.3620
26.0102
24.5621
23.0632
21.5514
20.0578
18.6070
17.2181
15.9040
14.6721
13.5248
12.4609
11.4771
10.5688
9.7309
8.9574
8.2405
7.5701
6.9322
6.3094
5.6837
5.0414
4.3799
3.7126
3.0685
2.4850
1.9953
1.6185
1.3542
1.1861
1.0893
1.0390
1.0154
1.0055
1.0018
1.0006
1.0007
1.0021
1.0065
1.0181
1.0452
1.1023
1.2106
1.3963
1.6840
2.0880
2.6052
3.2125
3.8736
4.5512
5.2183
5.8653
6.4984
7.1340
7.7914
8.4882
9.2383
10.0522
10.9386
11.9051
12.9599
14.1112
15.3666
16.7308
18.2031
19.7749
21.4295
23.1426
24.8839
26.6175
28.3006
29.8813
31.2981
32.4821
33.3643
33.8858
34.0085
33.7228
33.0499
32.0366
30.7465
29.2490
27.6105
25.8899
24.1374
22.3958
20.7009
19.0812
17.5570
16.1390
14.8297
13.6257
12.5200
11.5051
10.5733
9.7174
8.9298
8.2012
7.5196
6.8694
6.2321
5.5897
4.9306
4.2557
3.5826
2.9432
2.3745
1.9069
1.5544
1.3123
1.1613
1.0761
1.0327
1.0127
1.0045
1.0014
1.0004
1.0001
1.0000
1.0000
1.0000
1.0000
1.0000
1.0000
1.0000
1.0000
1.0000
1.0000
1.0000
1.0000
1.0000
1.0000
1.0000
1.0000
1.0000
1.0000
1.0000
1.0000
1.0000
1.0000
1.0000
1.0000
1.0000
1.0000
1.0000
1.0000
1.0000
1.0000
1.0000
1.0000
1.0000
1.0000
1.0000
1.0000
1.0001
1.0004
1.0014
1.0045
1.0127
1.0327
1.0761
1.1613
1.3123
1.5544
1.9069
2.3745
2.9432
3.5826
4.2557
4.9306
5.5897
6.2321
6.8694
7.5196
8.2012
8.9298
9.7174
10.5733
11.5051
12.5200
13.6257
14.8297
16.1390
17.5570
19.0812
20.7009
22.3958
24.1374
25.8899
27.6105
29.2490
30.7465
32.0366
33.0499
33.7228
34.0085
33.8858
33.3643
32.4821
31.2981
29.8813
28.3006
26.6175
24.8839
23.1426
21.4295
19.7749
18.2031
16.7308
15.3666
14.1112
12.9599
11.9051
10.9386
10.0522
9.2383
8.4882
7.7914
7.1340
6.4984
5.8653
5.2183
4.5512
3.8736
3.2125
2.6052
2.0880
1.6840
1.3963
1.2106
1.1023
1.0452
1.0181
1.0065
1.0021
1.0007
1.0009
1.0025
1.0076
1.0208
1.0513
1.1147
1.2338
1.4352
1.7433
2.1704
2.7103
3.3367
4.0113
4.6971
5.3693
6.0215
6.6630
7.3119
7.9886
8.7107
9.4923
10.3447
11.2781
12.3035
13.4338
14.6840
16.0689
17.5992
19.2760
21.0872
23.0073
25.0010
27.0277
29.0445
31.0040
32.8495
34.5114
35.9082
36.9547
37.5758
37.7221
37.3808
36.5793
35.3772
33.8540
32.0934
30.1726
28.1582
26.1075
24.0720
22.0989
20.2283
18.4892
16.8961
15.4495
14.1399
12.9530
11.8743
10.8912
9.9932
9.1707
8.4140
7.7109
7.0462
6.4011
5.7564
5.0973
4.4206
3.7399
3.0846
2.4926
1.9974
1.6176
1.3524
1.1843
1.0880
1.0382
1.0150
1.0053
1.0017
1.0005
1.0001
1.0000
1.0000
1.0000
1.0000
1.0000
1.0000
1.0000
1.0000
1.0000
1.0000
1.0000
1.0000
1.0000
1.0000
1.0000
1.0000
1.0000
1.0000
1.0000
1.0000
1.0000
1.0000
1.0000
1.0000
1.0000
1.0000
1.0000
1.0000
1.0000
1.0000
1.0000
1.0000
1.0000
1.0000
1.0000
1.0000
1.0001
1.0005
1.0017
1.0053
1.0150
1.0382
1.0880
1.1843
1.3524
1.6176
1.9974
2.4926
3.0846
3.7399
4.4206
5.0973
5.7564
6.4011
7.0462
7.7109
8.4140
9.1707
9.9932
10.8912
11.8743
12.9530
14.1399
15.4495
16.8961
18.4892
20.2283
22.0989
24.0720
26.1075
28.1582
30.1726
32.0934
33.8540
35.3772
36.5793
37.3808
37.7221
37.5758
36.9547
35.9082
34.5114
32.8495
31.0040
29.0445
27.0277
25.0010
23.0073
21.0872
19.2760
17.5992
16.0689
14.6840
13.4338
12.3035
11.2781
10.3447
9.4923
8.7107
7.9886
7.3119
6.6630
6.0215
5.3693
4.6971
4.0113
3.3367
2.7103
2.1704
1.7433
1.4352
1.2338
1.1147
1.0513
1.0208
1.0076
1.0025
1.0009
1.0010
1.0029
1.0087
1.0235
1.0573
1.1269
1.2558
1.4713
1.7970
2.2436
2.8018
3.4430
4.1278
4.8195
5.4960
6.1534
6.8031
7.4649
8.1595
8.9047
9.7152
10.6035
11.5825
12.6683
13.8823
15.2504
16.7997
18.5501
20.5049
22.6439
24.9244
27.2898
29.6815
32.0453
34.3297
36.4769
38.4129
40.0457
41.2741
42.0055
42.1777
41.7744
40.8293
39.4160
37.6298
35.5669
33.3125
30.9379
28.5074
26.0853
23.7381
21.5276
19.5000
17.6778
16.0592
14.6252
13.3493
12.2055
11.1729
10.2357
9.3814
8.5990
7.8761
7.1975
6.5444
5.8964
5.2366
4.5584
3.8718
3.2040
2.5930
2.0750
1.6724
1.3873
1.2045
1.0985
1.0432
1.0171
1.0061
1.0020
1.0005
1.0001
1.0000
1.0000
1.0000
1.0000
1.0000
1.0000
1.0000
1.0000
1.0000
1.0000
1.0000
1.0000
1.0000
1.0000
1.0000
1.0000
1.0000
1.0000
1.0000
1.0000
1.0000
1.0000
1.0000
1.0000
1.0000
1.0000
1.0000
1.0000
1.0000
1.0000
1.0000
1.0000
1.0000
1.0000
1.0000
1.0000
1.0001
1.0005
1.0020
1.0061
1.0171
1.0432
1.0985
1.2045
1.3873
1.6724
2.0750
2.5930
3.2040
3.8718
4.5584
5.2366
5.8964
6.5444
7.1975
7.8761
8.5990
9.3814
10.2357
11.1729
12.2055
13.3493
14.6252
16.0592
17.6778
19.5000
21.5276
23.7381
26.0853
28.5074
30.9379
33.3125
35.5669
37.6298
39.4160
40.8293
41.7744
42.1777
42.0055
41.2741
40.0457
38.4129
36.4769
34.3297
32.0453
29.6815
27.2898
24.9244
22.6439
20.5049
18.5501
16.7997
15.2504
13.8823
12.6683
11.5825
10.6035
9.7152
8.9047
8.1595
7.4649
6.8031
6.1534
5.4960
4.8195
4.1278
3.4430
2.8018
2.2436
1.7970
1.4713
1.2558
1.1269
1.0573
1.0235
1.0087
1.0029
1.0010
1.0012
1.0034
1.0099
1.0263
1.0634
1.1388
1.2769
1.5051
1.8462
2.3088
2.8815
3.5337
4.2253
4.9208
5.6001
6.2616
6.9187
7.5917
8.3019
9.0673
9.9033
10.8242
11.8472
12.9965
14.3061
15.8193
17.5821
19.6285
21.9639
24.5530
27.3235
30.1829
33.0421
35.8299
38.4915
40.9730
43.2029
45.0843
46.5026
47.3489
47.5480
47.0794
45.9830
44.3452
42.2743
39.8745
37.2323
34.4189
31.5049
28.5735
25.7225
23.0499
20.6318
18.5051
16.6661
15.0811
13.7046
12.4934
11.4132
10.4404
9.5582
8.7534
8.0131
7.3219
6.6608
6.0089
5.3476
4.6675
3.9760
3.2984
2.6727
2.1369
1.7162
1.4155
1.2208
1.1071
1.0472
1.0188
1.0068
1.0022
1.0006
1.0001
1.0000
1.0000
1.0000
1.0000
1.0000
1.0000
1.0000
1.0000
1.0000
1.0000
1.0000
1.0000
1.0000
1.0000
1.0000
1.0000
1.0000
1.0000
1.0000
1.0000
1.0000
1.0000
1.0000
1.0000
1.0000
1.0000
1.0000
1.0000
1.0000
1.0000
1.0000
1.0000
1.0000
1.0000
1.0000
1.0000
1.0001
1.0006
1.0022
1.0068
1.0188
1.0472
1.1071
1.2208
1.4155
1.7162
2.1369
2.6727
3.2984
3.9760
4.6675
5.3476
6.0089
6.6608
7.3219
8.0131
8.7534
9.5582
10.4404
11.4132
12.4934
13.7046
15.0811
16.6661
18.5051
20.6318
23.0499
25.7225
28.5735
31.5049
34.4189
37.2323
39.8745
42.2743
44.3452
45.9830
47.0794
47.5480
47.3489
46.5026
45.0843
43.2029
40.9730
38.4915
35.8299
33.0421
30.1829
27.3235
24.5530
21.9639
19.6285
17.5821
15.8193
14.3061
12.9965
11.8472
10.8242
9.9033
9.0673
8.3019
7.5917
6.9187
6.2616
5.6001
4.9208
4.2253
3.5337
2.8815
2.3088
1.8462
1.5051
1.2769
1.1388
1.0634
1.0263
1.0099
1.0034
1.0012
1.0014
1.0038
1.0110
1.0291
1.0693
1.1502
1.2967
1.5360
1.8902
2.3660
2.9497
3.6094
4.3049
5.0019
5.6824
6.3465
7.0091
7.6910
8.4138
9.1957
10.0529
11.0027
12.0680
13.2843
14.7037
16.3944
18.4291
20.8618
23.6991
26.8826
30.2946
33.7884
37.2289
40.5204
43.6055
46.4411
48.9678
51.0922
52.6931
53.6490
53.8732
53.3414
52.0981
50.2387
47.8783
45.1203
42.0434
38.7117
35.2009
31.6209
28.1159
24.8383
21.9093
19.3892
17.2722
15.5048
14.0144
12.7328
11.6075
10.6034
9.6978
8.8747
8.1200
7.4182
6.7500
6.0940
5.4304
4.7481
4.0524
3.3674
2.7308
2.1820
1.7482
1.4361
1.2328
1.1134
1.0502
1.0201
1.0073
1.0023
1.0007
1.0001
1.0000
1.0000
1.0000
1.0000
1.0000
1.0000
1.0000
1.0000
1.0000
1.0000
1.0000
1.0000
1.0000
1.0000
1.0000
1.0000
1.0000
1.0000
1.0000
1.0000
1.0000
1.0000
1.0000
1.0000
1.0000
1.0000
1.0000
1.0000
1.0000
1.0000
1.0000
1.0000
1.0000
1.0000
1.0000
1.0000
1.0001
1.0007
1.0023
1.0073
1.0201
1.0502
1.1134
1.2328
1.4361
1.7482
2.1820
2.7308
3.3674
4.0524
4.7481
5.4304
6.0940
6.7500
7.4182
8.1200
8.8747
9.6978
10.6034
11.6075
12.7328
14.0144
15.5048
17.2722
19.3892
21.9093
24.8383
28.1159
31.6209
35.2009
38.7117
42.0434
45.1203
47.8783
50.2387
52.0981
53.3414
53.8732
53.6490
52.6931
51.0922
48.9678
46.4411
43.6055
40.5204
37.2289
33.7884
30.2946
26.8826
23.6991
20.8618
18.4291
16.3944
14.7037
13.2843
12.0680
11.0027
10.0529
9.1957
8.4138
7.6910
7.0091
6.3465
5.6824
5.0019
4.3049
3.6094
2.9497
2.3660
1.8902
1.5360
1.2967
1.1502
1.0693
1.0291
1.0110
1.0038
1.0014
1.0016
1.0042
1.0121
1.0315
1.0745
1.1600
1.3134
1.5619
1.9264
2.4121
3.0036
3.6679
4.3651
5.0620
5.7421
6.4074
7.0734
7.7615
8.4933
9.2873
10.1611
11.1352
12.2401
13.5257
15.0675
16.9658
19.3281
22.2332
25.6888
29.6043
33.8006
38.0579
42.1798
46.0376
49.5719
52.7580
55.5594
57.8976
59.6540
60.7015
60.9462
60.3605
58.9902
56.9338
54.3038
51.1911
47.6550
43.7446
39.5399
35.1848
30.8855
26.8676
23.3135
20.3154
17.8663
15.8876
14.2717
12.9183
11.7514
10.7212
9.7975
8.9608
8.1955
7.4856
6.8118
6.1522
5.4861
4.8017
4.1027
3.4124
2.7686
2.2112
1.7689
1.4494
1.2406
1.1174
1.0521
1.0209
1.0076
1.0024
1.0007
1.0001
1.0000
1.0000
1.0000
1.0000
1.0000
1.0000
1.0000
1.0000
1.0000
1.0000
1.0000
1.0000
1.0000
1.0000
1.0000
1.0000
1.0000
1.0000
1.0000
1.0000
1.0000
1.0000
1.0000
1.0000
1.0000
1.0000
1.0000
1.0000
1.0000
1.0000
1.0000
1.0000
1.0000
1.0000
1.0000
1.0000
1.0001
1.0007
1.0024
1.0076
1.0209
1.0521
1.1174
1.2406
1.4494
1.7689
2.2112
2.7686
3.4124
4.1027
4.8017
5.4861
6.1522
6.8118
7.4856
8.1955
8.9608
9.7975
10.7212
11.7514
12.9183
14.2717
15.8876
17.8663
20.3154
23.3135
26.8676
30.8855
35.1848
39.5399
43.7446
47.6550
51.1911
54.3038
56.9338
58.9902
60.3605
60.9462
60.7015
59.6540
57.8976
55.5594
52.7580
49.5719
46.0376
42.1798
38.0579
33.8006
29.6043
25.6888
22.2332
19.3281
16.9658
15.0675
13.5257
12.2401
11.1352
10.1611
9.2873
8.4933
7.7615
7.0734
6.4074
5.7421
5.0620
4.3651
3.6679
3.0036
2.4121
1.9264
1.5619
1.3134
1.1600
1.0745
1.0315
1.0121
1.0042
1.0016
1.0017
1.0045
1.0128
1.0332
1.0781
1.1667
1.3248
1.5793
1.9504
2.4423
3.0384
3.7050
4.4023
5.0983
5.7775
6.4428
7.1105
7.8019
8.5389
9.3405
10.2254
11.2182
12.3581
13.7115
15.3814
17.5054
20.2312
23.6663
27.8187
32.5585
37.6326
42.7335
47.5911
52.0369
56.0102
59.5111
62.5359
65.0328
66.8974
68.0061
68.2637
67.6402
66.1796
63.9747
61.1240
57.6936
53.7120
49.2056
44.2573
39.0513
33.8681
29.0209
24.7659
21.2343
18.4191
16.2125
14.4668
13.0441
11.8409
10.7910
9.8552
9.0100
8.2384
7.5238
6.8463
6.1842
5.5163
4.8301
4.1289
3.4356
2.7878
2.2260
1.7792
1.4560
1.2444
1.1194
1.0530
1.0213
1.0077
1.0025
1.0007
1.0001
1.0000
1.0000
1.0000
1.0000
1.0000
1.0000
1.0000
1.0000
1.0000
1.0000
1.0000
1.0000
1.0000
1.0000
1.0000
1.0000
1.0000
1.0000
1.0000
1.0000
1.0000
1.0000
1.0000
1.0000
1.0000
1.0000
1.0000
1.0000
1.0000
1.0000
1.0000
1.0000
1.0000
1.0000
1.0000
1.0000
1.0001
1.0007
1.0025
1.0077
1.0213
1.0530
1.1194
1.2444
1.4560
1.7792
2.2260
2.7878
3.4356
4.1289
4.8301
5.5163
6.1842
6.8463
7.5238
8.2384
9.0100
9.8552
10.7910
11.8409
13.0441
14.4668
16.2125
18.4191
21.2343
24.7659
29.0209
33.8681
39.0513
44.2573
49.2056
53.7120
57.6936
61.1240
63.9747
66.1796
67.6402
68.2637
68.0061
66.8974
65.0328
62.5359
59.5111
56.0102
52.0369
47.5911
42.7335
37.6326
32.5585
27.8187
23.6663
20.2312
17.5054
15.3814
13.7115
12.3581
11.2182
10.2254
9.3405
8.5389
7.8019
7.1105
6.4428
5.7775
5.0983
4.4023
3.7050
3.0384
2.4423
1.9504
1.5793
1.3248
1.1667
1.0781
1.0332
1.0128
1.0045
1.0017
1.0018
1.0046
1.0131
1.0338
1.0793
1.1690
1.3285
1.5850
1.9581
2.4517
3.0488
3.7157
4.4127
5.1080
5.7865
6.4515
7.1193
7.8114
8.5498
9.3539
10.2440
11.2487
12.4163
13.8305
15.6226
17.9694
21.0606
25.0334
29.8949
35.4728
41.4343
47.3779
52.9539
57.9513
62.3082
66.0535
69.2237
71.8033
73.7131
74.8434
75.1040
74.4647
72.9632
70.6780
67.6826
64.0070
59.6403
54.5803
48.9116
42.8612
36.7891
31.1026
26.1375
22.0675
18.8862
16.4563
14.5879
13.1041
11.8730
10.8109
9.8696
9.0216
8.2482
7.5323
6.8538
6.1906
5.5218
4.8347
4.1327
3.4385
2.7899
2.2275
1.7802
1.4566
1.2447
1.1196
1.0531
1.0213
1.0077
1.0025
1.0007
1.0001
1.0000
1.0000
1.0000
1.0000
1.0000
1.0000
1.0000
1.0000
1.0000
1.0000
1.0000
1.0000
1.0000
1.0000
1.0000
1.0000
1.0000
1.0000
1.0000
1.0000
1.0000
1.0000
1.0000
1.0000
1.0000
1.0000
1.0000
1.0000
1.0000
1.0000
1.0000
1.0000
1.0000
1.0000
1.0000
1.0000
1.0001
1.0007
1.0025
1.0077
1.0213
1.0531
1.1196
1.2447
1.4566
1.7802
2.2275
2.7899
3.4385
4.1327
4.8347
5.5218
6.1906
6.8538
7.5323
8.2482
9.0216
9.8696
10.8109
11.8730
13.1041
14.5879
16.4563
18.8862
22.0675
26.1375
31.1026
36.7891
42.8612
48.9116
54.5803
59.6403
64.0070
67.6826
70.6780
72.9632
74.4647
75.1040
74.8434
73.7131
71.8033
69.2237
66.0535
62.3082
57.9513
52.9539
47.3779
41.4343
35.4728
29.8949
25.0334
21.0606
17.9694
15.6226
13.8305
12.4163
11.2487
10.2440
9.3539
8.5498
7.8114
7.1193
6.4515
5.7865
5.1080
4.4127
3.7157
3.0488
2.4517
1.9581
1.5850
1.3285
1.1690
1.0793
1.0338
1.0131
1.0046
1.0018
1.0017
1.0045
1.0128
1.0331
1.0778
1.1661
1.3236
1.5773
1.9473
2.4378
3.0325
3.6979
4.3943
5.0895
5.7680
6.4327
7.0994
7.7896
8.5255
9.3271
10.2162
11.2249
12.4100
13.8713
15.7669
18.3100
21.7293
26.1896
31.6963
38.0356
44.7986
51.4930
57.6927
63.1454
67.7885
71.6805
74.9010
77.4772
79.3633
80.4723
80.7258
80.0947
78.6071
76.3196
73.2723
69.4518
64.8025
59.2917
53.0037
46.2066
39.3364
32.8912
27.2831
22.7275
19.2195
16.5946
14.6237
13.0936
11.8456
10.7800
9.8403
8.9953
8.2247
7.5111
6.8341
6.1716
5.5029
4.8159
4.1143
3.4215
2.7752
2.2158
1.7717
1.4511
1.2414
1.1178
1.0523
1.0210
1.0076
1.0025
1.0007
1.0001
1.0000
1.0000
1.0000
1.0000
1.0000
1.0000
1.0000
1.0000
1.0000
1.0000
1.0000
1.0000
1.0000
1.0000
1.0000
1.0000
1.0000
1.0000
1.0000
1.0000
1.0000
1.0000
1.0000
1.0000
1.0000
1.0000
1.0000
1.0000
1.0000
1.0000
1.0000
1.0000
1.0000
1.0000
1.0000
1.0000
1.0001
1.0007
1.0025
1.0076
1.0210
1.0523
1.1178
1.2414
1.4511
1.7717
2.2158
2.7752
3.4215
4.1143
4.8159
5.5029
6.1716
6.8341
7.5111
8.2247
8.9953
9.8403
10.7800
11.8456
13.0936
14.6237
16.5946
19.2195
22.7275
27.2831
32.8912
39.3364
46.2066
53.0037
59.2917
64.8025
69.4518
73.2723
76.3196
78.6071
80.0947
80.7258
80.4723
79.3633
77.4772
74.9010
71.6805
67.7885
63.1454
57.6927
51.4930
44.7986
38.0356
31.6963
26.1896
21.7293
18.3100
15.7669
13.8713
12.4100
11.2249
10.2162
9.3271
8.5255
7.7896
7.0994
6.4327
5.7680
5.0895
4.3943
3.6979
3.0325
2.4378
1.9473
1.5773
1.3236
1.1661
1.0778
1.0331
1.0128
1.0045
1.0017
1.0016
1.0042
1.0120
1.0312
1.0738
1.1586
1.3107
1.5573
1.9193
2.4020
2.9906
3.6524
4.3476
5.0432
5.7223
6.3865
7.0510
7.7368
8.4666
9.2606
10.1421
11.1462
12.3367
13.8267
15.7965
18.4897
22.1678
27.0178
33.0429
39.9935
47.3943
54.6752
61.3440
67.1129
71.9190
75.8485
79.0228
81.5132
83.3119
84.3609
84.5982
83.9974
82.5745
80.3600
77.3552
73.5008
68.6965
62.8795
56.1324
48.7579
41.2577
34.2077
28.0865
23.1454
19.3822
16.6099
14.5672
13.0102
11.7585
10.6988
9.7679
8.9315
8.1683
7.4605
6.7872
6.1267
5.4590
4.7727
4.0728
3.3835
2.7427
2.1902
1.7534
1.4391
1.2344
1.1141
1.0505
1.0202
1.0073
1.0024
1.0007
1.0001
1.0000
1.0000
1.0000
1.0000
1.0000
1.0000
1.0000
1.0000
1.0000
1.0000
1.0000
1.0000
1.0000
1.0000
1.0000
1.0000
1.0000
1.0000
1.0000
1.0000
1.0000
1.0000
1.0000
1.0000
1.0000
1.0000
1.0000
1.0000
1.0000
1.0000
1.0000
1.0000
1.0000
1.0000
1.0000
1.0000
1.0001
1.0007
1.0024
1.0073
1.0202
1.0505
1.1141
1.2344
1.4391
1.7534
2.1902
2.7427
3.3835
4.0728
4.7727
5.4590
6.1267
6.7872
7.4605
8.1683
8.9315
9.7679
10.6988
11.7585
13.0102
14.5672
16.6099
19.3822
23.1454
28.0865
34.2077
41.2577
48.7579
56.1324
62.8795
68.6965
73.5008
77.3552
80.3600
82.5745
83.9974
84.5982
84.3609
83.3119
81.5132
79.0228
75.8485
71.9190
67.1129
61.3440
54.6752
47.3943
39.9935
33.0429
27.0178
22.1678
18.4897
15.7965
13.8267
12.3367
11.1462
10.1421
9.2606
8.4666
7.7368
7.0510
6.3865
5.7223
5.0432
4.3476
3.6524
2.9906
2.4020
1.9193
1.5573
1.3107
1.1586
1.0738
1.0312
1.0120
1.0042
1.0016
1.0014
1.0037
1.0108
1.0286
1.0681
1.1477
1.2918
1.5278
1.8775
2.3482
2.9269
3.5825
4.2753
4.9709
5.6506
6.3139
6.9748
7.6539
8.3739
9.1556
10.0232
11.0141
12.1971
13.6952
15.7050
18.4928
22.3440
27.4620
33.8474
41.2218
49.0591
56.7285
63.6869
69.6189
74.4624
78.3274
81.3729
83.7114
85.3742
86.3344
86.5490
85.9952
84.6763
82.5947
79.7129
75.9272
71.0962
65.1296
58.1070
50.3568
42.4313
34.9668
28.4931
23.2904
19.3592
16.4965
14.4172
12.8550
11.6132
10.5688
9.6537
8.8314
8.0799
7.3808
6.7132
6.0558
5.3893
4.7040
4.0067
3.3230
2.6912
2.1497
1.7243
1.4202
1.2233
1.1083
1.0477
1.0190
1.0068
1.0022
1.0006
1.0001
1.0000
1.0000
1.0000
1.0000
1.0000
1.0000
1.0000
1.0000
1.0000
1.0000
1.0000
1.0000
1.0000
1.0000
1.0000
1.0000
1.0000
1.0000
1.0000
1.0000
1.0000
1.0000
1.0000
1.0000
1.0000
1.0000
1.0000
1.0000
1.0000
1.0000
1.0000
1.0000
1.0000
1.0000
1.0000
1.0000
1.0001
1.0006
1.0022
1.0068
1.0190
1.0477
1.1083
1.2233
1.4202
1.7243
2.1497
2.6912
3.3230
4.0067
4.7040
5.3893
6.0558
6.7132
7.3808
8.0799
8.8314
9.6537
10.5688
11.6132
12.8550
14.4172
16.4965
19.3592
23.2904
28.4931
34.9668
42.4313
50.3568
58.1070
65.1296
71.0962
75.9272
79.7129
82.5947
84.6763
85.9952
86.5490
86.3344
85.3742
83.7114
81.3729
78.3274
74.4624
69.6189
63.6869
56.7285
49.0591
41.2218
33.8474
27.4620
22.3440
18.4928
15.7050
13.6952
12.1971
11.0141
10.0232
9.1556
8.3739
7.6539
6.9748
6.3139
5.6506
4.9709
4.2753
3.5825
2.9269
2.3482
1.8775
1.5278
1.2918
1.1477
1.0681
1.0286
1.0108
1.0037
1.0014
1.0012
1.0032
1.0096
1.0255
1.0615
1.1347
1.2692
1.4919
1.8258
2.2805
2.8457
3.4919
4.1800
4.8745
5.5539
6.2157
6.8718
7.5420
8.2491
9.0142
9.8621
10.8318
11.9952
13.4816
15.4985
18.3267
22.2672
27.5338
34.1240
41.7394
49.8176
57.6860
64.7658
70.7230
75.4975
79.2188
82.0770
84.2216
85.7199
86.5751
86.7635
86.2664
85.0747
83.1643
80.4616
76.8232
72.0725
66.0957
58.9674
51.0332
42.8799
35.1858
28.5166
23.1732
19.1591
16.2614
14.1795
12.6326
11.4136
10.3931
9.5001
8.6969
7.9607
7.2729
6.6125
5.9586
5.2933
4.6091
3.9155
3.2396
2.6200
2.0939
1.6845
1.3944
1.2082
1.1003
1.0439
1.0174
1.0062
1.0020
1.0005
1.0001
1.0000
1.0000
1.0000
1.0000
1.0000
1.0000
1.0000
1.0000
1.0000
1.0000
1.0000
1.0000
1.0000
1.0000
1.0000
1.0000
1.0000
1.0000
1.0000
1.0000
1.0000
1.0000
1.0000
1.0000
1.0000
1.0000
1.0000
1.0000
1.0000
1.0000
1.0000
1.0000
1.0000
1.0000
1.0000
1.0000
1.0001
1.0005
1.0020
1.0062
1.0174
1.0439
1.1003
1.2082
1.3944
1.6845
2.0939
2.6200
3.2396
3.9155
4.6091
5.2933
5.9586
6.6125
7.2729
7.9607
8.6969
9.5001
10.3931
11.4136
12.6326
14.1795
16.2614
19.1591
23.1732
28.5166
35.1858
42.8799
51.0332
58.9674
66.0957
72.0725
76.8232
80.4616
83.1643
85.0747
86.2664
86.7635
86.5751
85.7199
84.2216
82.0770
79.2188
75.4975
70.7230
64.7658
57.6860
49.8176
41.7394
34.1240
27.5338
22.2672
18.3267
15.4985
13.4816
11.9952
10.8318
9.8621
9.0142
8.2491
7.5420
6.8718
6.2157
5.5539
4.8745
4.1800
3.4919
2.8457
2.2805
1.8258
1.4919
1.2692
1.1347
1.0615
1.0255
1.0096
1.0032
1.0012
1.0010
1.0028
1.0082
1.0223
1.0545
1.1209
1.2444
1.4519
1.7672
2.2021
2.7494
3.3824
4.0630
4.7543
5.4327
6.0922
6.7426
7.4025
8.0941
8.8389
9.6622
10.6038
11.7374
13.1957
15.1922
18.0160
21.9768
27.2937
33.9617
41.6687
49.8296
57.7453
64.8150
70.6939
75.3246
78.8525
81.4932
83.4264
84.7510
85.4972
85.6589
85.2212
84.1643
82.4408
79.9456
76.5024
71.9055
66.0214
58.9190
50.9527
42.7305
34.9568
28.2202
22.8352
18.8080
15.9209
13.8645
12.3502
11.1646
10.1756
9.3102
8.5303
7.8125
7.1382
6.4860
5.8359
5.1717
4.4888
3.7998
3.1342
2.5307
2.0242
1.6349
1.3624
1.1896
1.0905
1.0393
1.0155
1.0055
1.0017
1.0005
1.0001
1.0000
1.0000
1.0000
1.0000
1.0000
1.0000
1.0000
1.0000
1.0000
1.0000
1.0000
1.0000
1.0000
1.0000
1.0000
1.0000
1.0000
1.0000
1.0000
1.0000
1.0000
1.0000
1.0000
1.0000
1.0000
1.0000
1.0000
1.0000
1.0000
1.0000
1.0000
1.0000
1.0000
1.0000
1.0000
1.0000
1.0001
1.0005
1.0017
1.0055
1.0155
1.0393
1.0905
1.1896
1.3624
1.6349
2.0242
2.5307
3.1342
3.7998
4.4888
5.1717
5.8359
6.4860
7.1382
7.8125
8.5303
9.3102
10.1756
11.1646
12.3502
13.8645
15.9209
18.8080
22.8352
28.2202
34.9568
42.7305
50.9527
58.9190
66.0214
71.9055
76.5024
79.9456
82.4408
84.1643
85.2212
85.6589
85.4972
84.7510
83.4264
81.4932
78.8525
75.3246
70.6939
64.8150
57.7453
49.8296
41.6687
33.9617
27.2937
21.9768
18.0160
15.1922
13.1957
11.7374
10.6038
9.6622
8.8389
8.0941
7.4025
6.7426
6.0922
5.4327
4.7543
4.0630
3.3824
2.7494
2.2021
1.7672
1.4519
1.2444
1.1209
1.0545
1.0223
1.0082
1.0028
1.0010
1.0008
1.0023
1.0070
1.0191
1.0474
1.1066
1.2184
1.4089
1.7027
2.1140
2.6390
3.2544
3.9238
4.6099
5.2861
5.9432
6.5878
7.2364
7.9110
8.6328
9.4276
10.3357
11.4315
12.8494
14.8054
17.5927
21.5249
26.8230
33.4796
41.1745
49.3092
57.1696
64.1429
69.8791
74.3250
77.6386
80.0555
81.7802
82.9374
83.5799
83.7164
83.3355
82.4087
80.8690
78.5861
75.3569
70.9523
65.2231
58.2313
50.3346
42.1520
34.4025
27.6877
22.3305
18.3398
15.4957
13.4854
12.0163
10.8727
9.9209
9.0877
8.3344
7.6376
6.9781
6.3349
5.6886
5.0255
4.3446
3.6621
3.0098
2.4260
1.9433
1.5779
1.3260
1.1685
1.0795
1.0341
1.0133
1.0047
1.0014
1.0004
1.0001
1.0000
1.0000
1.0000
1.0000
1.0000
1.0000
1.0000
1.0000
1.0000
1.0000
1.0000
1.0000
1.0000
1.0000
1.0000
1.0000
1.0000
1.0000
1.0000
1.0000
1.0000
1.0000
1.0000
1.0000
1.0000
1.0000
1.0000
1.0000
1.0000
1.0000
1.0000
1.0000
1.0000
1.0000
1.0000
1.0000
1.0001
1.0004
1.0014
1.0047
1.0133
1.0341
1.0795
1.1685
1.3260
1.5779
1.9433
2.4260
3.0098
3.6621
4.3446
5.0255
5.6886
6.3349
6.9781
7.6376
8.3344
9.0877
9.9209
10.8727
12.0163
13.4854
15.4957
18.3398
22.3305
27.6877
34.4025
42.1520
50.3346
58.2313
65.2231
70.9523
75.3569
78.5861
80.8690
82.4087
83.3355
83.7164
83.5799
82.9374
81.7802
80.0555
77.6386
74.3250
69.8791
64.1429
57.1696
49.3092
41.1745
33.4796
26.8230
21.5249
17.5927
14.8054
12.8494
11.4315
10.3357
9.4276
8.6328
7.9110
7.2364
6.5878
5.9432
5.2861
4.6099
3.9238
3.2544
2.6390
2.1140
1.7027
1.4089
1.2184
1.1066
1.0474
1.0191
1.0070
1.0023
1.0008
1.0006
1.0019
1.0058
1.0161
1.0405
1.0922
1.1915
1.3635
1.6330
2.0166
2.5144
3.1073
3.7616
4.4400
5.1132
5.7681
6.4074
7.0451
7.7019
8.3991
9.1627
10.0334
11.0858
12.4549
14.3576
17.0882
20.9615
26.1986
32.7903
40.4114
48.4564
56.2035
63.0344
68.5980
72.8457
75.9460
78.1503
79.6826
80.6880
81.2376
81.3517
81.0220
80.2126
78.8418
76.7592
73.7409
69.5394
63.9922
57.1545
49.3836
41.3030
33.6384
26.9987
21.7113
17.7872
15.0066
13.0554
11.6401
10.5443
9.6342
8.8364
8.1122
7.4379
6.7942
6.1601
5.5178
4.8564
4.1789
3.5055
2.8700
2.3100
1.8549
1.5163
1.2871
1.1463
1.0681
1.0288
1.0111
1.0038
1.0012
1.0003
1.0000
1.0000
1.0000
1.0000
1.0000
1.0000
1.0000
1.0000
1.0000
1.0000
1.0000
1.0000
1.0000
1.0000
1.0000
1.0000
1.0000
1.0000
1.0000
1.0000
1.0000
1.0000
1.0000
1.0000
1.0000
1.0000
1.0000
1.0000
1.0000
1.0000
1.0000
1.0000
1.0000
1.0000
1.0000
1.0000
1.0000
1.0000
1.0003
1.0012
1.0038
1.0111
1.0288
1.0681
1.1463
1.2871
1.5163
1.8549
2.3100
2.8700
3.5055
4.1789
4.8564
5.5178
6.1601
6.7942
7.4379
8.1122
8.8364
9.6342
10.5443
11.6401
13.0554
15.0066
17.7872
21.7113
26.9987
33.6384
41.3030
49.3836
57.1545
63.9922
69.5394
73.7409
76.7592
78.8418
80.2126
81.0220
81.3517
81.2376
80.6880
79.6826
78.1503
75.9460
72.8457
68.5980
63.0344
56.2035
48.4564
40.4114
32.7903
26.1986
20.9615
17.0882
14.3576
12.4549
11.0858
10.0334
9.1627
8.3991
7.7019
7.0451
6.4074
5.7681
5.1132
4.4400
3.7616
3.1073
2.5144
2.0166
1.6330
1.3635
1.1915
1.0922
1.0405
1.0161
1.0058
1.0019
1.0006
1.0005
1.0015
1.0047
1.0132
1.0337
1.0779
1.1642
1.3162
1.5590
1.9110
2.3767
2.9419
3.5765
4.2441
4.9133
5.5664
6.2016
6.8294
7.4689
8.1409
8.8718
9.7026
10.7083
12.0237
13.8657
16.5286
20.3270
25.4814
31.9810
39.4979
47.4232
55.0317
61.7036
67.0887
71.1433
74.0449
76.0574
77.4200
78.2937
78.7633
78.8583
78.5725
77.8649
76.6422
74.7389
71.9150
67.9088
62.5466
55.8772
48.2552
40.3047
32.7544
26.2161
21.0197
17.1780
14.4716
12.5869
11.2304
10.1862
9.3205
8.5602
7.8666
7.2156
6.5877
5.9625
5.3242
4.6654
3.9937
3.3329
2.7185
2.1866
1.7625
1.4532
1.2479
1.1242
1.0569
1.0237
1.0089
1.0030
1.0009
1.0002
1.0000
1.0000
1.0000
1.0000
1.0000
1.0000
1.0000
1.0000
1.0000
1.0000
1.0000
1.0000
1.0000
1.0000
1.0000
1.0000
1.0000
1.0000
1.0000
1.0000
1.0000
1.0000
1.0000
1.0000
1.0000
1.0000
1.0000
1.0000
1.0000
1.0000
1.0000
1.0000
1.0000
1.0000
1.0000
1.0000
1.0000
1.0000
1.0002
1.0009
1.0030
1.0089
1.0237
1.0569
1.1242
1.2479
1.4532
1.7625
2.1866
2.7185
3.3329
3.9937
4.6654
5.3242
5.9625
6.5877
7.2156
7.8666
8.5602
9.3205
10.1862
11.2304
12.5869
14.4716
17.1780
21.0197
26.2161
32.7544
40.3047
48.2552
55.8772
62.5466
67.9088
71.9150
74.7389
76.6422
77.8649
78.5725
78.8583
78.7633
78.2937
77.4200
76.0574
74.0449
71.1433
67.0887
61.7036
55.0317
47.4232
39.4979
31.9810
25.4814
20.3270
16.5286
13.8657
12.0237
10.7083
9.7026
8.8718
8.1409
7.4689
6.8294
6.2016
5.5664
4.9133
4.2441
3.5765
2.9419
2.3767
1.9110
1.5590
1.3162
1.1642
1.0779
1.0337
1.0132
1.0047
1.0015
1.0005
1.0003
1.0011
1.0037
1.0105
1.0272
1.0639
1.1370
1.2683
1.4824
1.7996
2.2284
2.7604
3.3702
4.0233
4.6866
5.3381
5.9706
6.5903
7.2139
7.8613
8.5592
9.3492
10.3065
11.5657
13.3436
15.9340
19.6508
24.7139
31.1111
38.5131
46.3096
53.7746
60.2884
65.5032
69.3801
72.1041
73.9491
75.1663
75.9286
76.3311
76.4102
76.1612
75.5394
74.4429
72.6948
70.0430
66.2145
61.0267
54.5220
47.0516
39.2386
31.8117
25.3840
20.2867
16.5334
13.9058
12.0907
10.7955
9.8047
8.9848
8.2630
7.6002
6.9720
6.3591
5.7421
5.1078
4.4532
3.7904
3.1469
2.5585
2.0591
1.6691
1.3907
1.2098
1.1033
1.0464
1.0190
1.0070
1.0023
1.0007
1.0002
1.0000
1.0000
1.0000
1.0000
1.0000
1.0000
1.0000
1.0000
1.0000
1.0000
1.0000
1.0000
1.0000
1.0000
1.0000
1.0000
1.0000
1.0000
1.0000
1.0000
1.0000
1.0000
1.0000
1.0000
1.0000
1.0000
1.0000
1.0000
1.0000
1.0000
1.0000
1.0000
1.0000
1.0000
1.0000
1.0000
1.0000
1.0000
1.0002
1.0007
1.0023
1.0070
1.0190
1.0464
1.1033
1.2098
1.3907
1.6691
2.0591
2.5585
3.1469
3.7904
4.4532
5.1078
5.7421
6.3591
6.9720
7.6002
8.2630
8.9848
9.8047
10.7955
12.0907
13.9058
16.5334
20.2867
25.3840
31.8117
39.2386
47.0516
54.5220
61.0267
66.2145
70.0430
72.6948
74.4429
75.5394
76.1612
76.4102
76.3311
75.9286
75.1663
73.9491
72.1041
69.3801
65.5032
60.2884
53.7746
46.3096
38.5131
31.1111
24.7139
19.6508
15.9340
13.3436
11.5657
10.3065
9.3492
8.5592
7.8613
7.2139
6.5903
5.9706
5.3381
4.6866
4.0233
3.3702
2.7604
2.2284
1.7996
1.4824
1.2683
1.1370
1.0639
1.0272
1.0105
1.0037
1.0011
1.0003
1.0002
1.0008
1.0027
1.0080
1.0212
1.0508
1.1109
1.2215
1.4058
1.6858
2.0738
2.5672
3.1464
3.7801
4.4346
5.0836
5.7146
6.3284
6.9383
7.5629
8.2289
8.9783
9.8869
11.0895
12.8026
15.3195
18.9537
23.9241
30.2179
37.5053
45.1754
52.5025
58.8683
63.9277
67.6463
70.2155
71.9173
73.0118
73.6812
74.0283
74.0943
73.8757
73.3250
72.3342
70.7180
68.2149
64.5431
59.5127
53.1605
45.8340
38.1543
30.8493
24.5320
19.5340
15.8697
13.3213
11.5764
10.3429
9.4057
8.6317
7.9479
7.3148
6.7079
6.1082
5.4981
4.8679
4.2196
3.5699
2.9490
2.3924
1.9299
1.5768
1.3304
1.1741
1.0840
1.0370
1.0148
1.0054
1.0017
1.0005
1.0001
1.0000
1.0000
1.0000
1.0000
1.0000
1.0000
1.0000
1.0000
1.0000
1.0000
1.0000
1.0000
1.0000
1.0000
1.0000
1.0000
1.0000
1.0000
1.0000
1.0000
1.0000
1.0000
1.0000
1.0000
1.0000
1.0000
1.0000
1.0000
1.0000
1.0000
1.0000
1.0000
1.0000
1.0000
1.0000
1.0000
1.0000
1.0000
1.0001
1.0005
1.0017
1.0054
1.0148
1.0370
1.0840
1.1741
1.3304
1.5768
1.9299
2.3924
2.9490
3.5699
4.2196
4.8679
5.4981
6.1082
6.7079
7.3148
7.9479
8.6317
9.4057
10.3429
11.5764
13.3213
15.8697
19.5340
24.5320
30.8493
38.1543
45.8340
53.1605
59.5127
64.5431
68.2149
70.7180
72.3342
73.3250
73.8757
74.0943
74.0283
73.6812
73.0118
71.9173
70.2155
67.6463
63.9277
58.8683
52.5025
45.1754
37.5053
30.2179
23.9241
18.9537
15.3195
12.8026
11.0895
9.8869
8.9783
8.2289
7.5629
6.9383
6.3284
5.7146
5.0836
4.4346
3.7801
3.1464
2.5672
2.0738
1.6858
1.4058
1.2215
1.1109
1.0508
1.0212
1.0080
1.0027
1.0008
1.0002
1.0002
1.0006
1.0020
1.0059
1.0160
1.0391
1.0871
1.1775
1.3324
1.5739
1.9181
2.3680
2.9104
3.5187
4.1599
4.8045
5.4342
6.0442
6.6433
7.2478
7.8840
8.5945
9.4554
10.6024
12.2518
14.6967
18.2501
23.1306
29.3249
36.5031
44.0545
51.2543
57.4858
62.4069
65.9870
68.4231
70.0036
70.9957
71.5882
71.8897
71.9449
71.7513
71.2592
70.3563
68.8509
66.4745
62.9386
58.0470
51.8319
44.6371
37.0813
29.8913
23.6794
18.7773
15.1992
12.7281
11.0519
9.8790
8.9944
8.2650
7.6173
7.0116
6.4231
5.8339
5.2291
4.6036
3.9646
3.3333
2.7413
2.2222
1.8011
1.4872
1.2736
1.1412
1.0667
1.0288
1.0113
1.0040
1.0013
1.0003
1.0001
1.0000
1.0000
1.0000
1.0000
1.0000
1.0000
1.0000
1.0000
1.0000
1.0000
1.0000
1.0000
1.0000
1.0000
1.0000
1.0000
1.0000
1.0000
1.0000
1.0000
1.0000
1.0000
1.0000
1.0000
1.0000
1.0000
1.0000
1.0000
1.0000
1.0000
1.0000
1.0000
1.0000
1.0000
1.0000
1.0000
1.0000
1.0000
1.0001
1.0003
1.0013
1.0040
1.0113
1.0288
1.0667
1.1412
1.2736
1.4872
1.8011
2.2222
2.7413
3.3333
3.9646
4.6036
5.2291
5.8339
6.4231
7.0116
7.6173
8.2650
8.9944
9.8790
11.0519
12.7281
15.1992
18.7773
23.6794
29.8913
37.0813
44.6371
51.8319
58.0470
62.9386
66.4745
68.8509
70.3563
71.2592
71.7513
71.9449
71.8897
71.5882
70.9957
70.0036
68.4231
65.9870
62.4069
57.4858
51.2543
44.0545
36.5031
29.3249
23.1306
18.2501
14.6967
12.2518
10.6024
9.4554
8.5945
7.8840
7.2478
6.6433
6.0442
5.4342
4.8045
4.1599
3.5187
2.9104
2.3680
1.9181
1.5739
1.3324
1.1775
1.0871
1.0391
1.0160
1.0059
1.0020
1.0006
1.0002
1.0001
1.0004
1.0014
1.0042
1.0116
1.0290
1.0661
1.1380
1.2646
1.4681
1.7667
2.1691
2.6688
3.2448
3.8666
4.5029
5.1304
5.7381
6.3293
6.9173
7.5271
8.2013
9.0171
10.1106
11.6987
14.0744
17.5508
22.3460
28.4470
35.5238
42.9663
50.0510
56.1628
60.9623
64.4226
66.7451
68.2234
69.1301
69.6590
69.9230
69.9694
69.7962
69.3525
68.5225
67.1099
64.8409
61.4216
56.6510
50.5570
43.4803
36.0374
28.9534
22.8397
18.0277
14.5316
12.1343
10.5241
9.4093
8.5749
7.8874
7.2726
6.6905
6.1165
5.5347
4.9339
4.3145
3.6891
3.0824
2.5264
2.0508
1.6749
1.4020
1.2210
1.1117
1.0517
1.0218
1.0084
1.0029
1.0009
1.0002
1.0000
1.0000
1.0000
1.0000
1.0000
1.0000
1.0000
1.0000
1.0000
1.0000
1.0000
1.0000
1.0000
1.0000
1.0000
1.0000
1.0000
1.0000
1.0000
1.0000
1.0000
1.0000
1.0000
1.0000
1.0000
1.0000
1.0000
1.0000
1.0000
1.0000
1.0000
1.0000
1.0000
1.0000
1.0000
1.0000
1.0000
1.0000
1.0000
1.0000
1.0002
1.0009
1.0029
1.0084
1.0218
1.0517
1.1117
1.2210
1.4020
1.6749
2.0508
2.5264
3.0824
3.6891
4.3145
4.9339
5.5347
6.1165
6.6905
7.2726
7.8874
8.5749
9.4093
10.5241
12.1343
14.5316
18.0277
22.8397
28.9534
36.0374
43.4803
50.5570
56.6510
61.4216
64.8409
67.1099
68.5225
69.3525
69.7962
69.9694
69.9230
69.6590
69.1301
68.2234
66.7451
64.4226
60.9623
56.1628
50.0510
42.9663
35.5238
28.4470
22.3460
17.5508
14.0744
11.6987
10.1106
9.0171
8.2013
7.5271
6.9173
6.3293
5.7381
5.1304
4.5029
3.8666
3.2448
2.6688
2.1691
1.7667
1.4681
1.2646
1.1380
1.0661
1.0290
1.0116
1.0042
1.0014
1.0004
1.0001
1.0001
1.0002
1.0009
1.0029
1.0081
1.0208
1.0486
1.1040
1.2047
1.3716
1.6246
1.9768
2.4284
2.9648
3.5598
4.1822
4.8047
5.4103
5.9964
6.5719
7.1594
7.8015
8.5757
9.6191
11.1493
13.4598
16.8637
21.5795
27.5941
34.5780
41.9220
48.9036
54.9097
59.6032
62.9603
65.1862
66.5784
67.4137
67.8900
68.1231
68.1623
68.0059
67.6022
66.8326
65.4977
63.3195
59.9999
55.3341
49.3463
42.3746
35.0331
28.0455
22.0221
17.2937
13.8742
11.5464
9.9983
8.9380
8.1501
7.5003
6.9139
6.3504
5.7865
5.2091
4.6122
4.0018
3.3957
2.8211
2.3082
1.8818
1.5541
1.3228
1.1735
1.0857
1.0388
1.0160
1.0060
1.0020
1.0006
1.0001
1.0000
1.0000
1.0000
1.0000
1.0000
1.0000
1.0000
1.0000
1.0000
1.0000
1.0000
1.0000
1.0000
1.0000
1.0000
1.0000
1.0000
1.0000
1.0000
1.0000
1.0000
1.0000
1.0000
1.0000
1.0000
1.0000
1.0000
1.0000
1.0000
1.0000
1.0000
1.0000
1.0000
1.0000
1.0000
1.0000
1.0000
1.0000
1.0000
1.0000
1.0001
1.0006
1.0020
1.0060
1.0160
1.0388
1.0857
1.1735
1.3228
1.5541
1.8818
2.3082
2.8211
3.3957
4.0018
4.6122
5.2091
5.7865
6.3504
6.9139
7.5003
8.1501
8.9380
9.9983
11.5464
13.8742
17.2937
22.0221
28.0455
35.0331
42.3746
49.3463
55.3341
59.9999
63.3195
65.4977
66.8326
67.6022
68.0059
68.1623
68.1231
67.8900
67.4137
66.5784
65.1862
62.9603
59.6032
54.9097
48.9036
41.9220
34.5780
27.5941
21.5795
16.8637
13.4598
11.1493
9.6191
8.5757
7.8015
7.1594
6.5719
5.9964
5.4103
4.8047
4.1822
3.5598
2.9648
2.4284
1.9768
1.6246
1.3716
1.2047
1.1040
1.0486
1.0208
1.0081
1.0029
1.0009
1.0002
1.0001
1.0000
1.0001
1.0006
1.0019
1.0054
1.0143
1.0345
1.0759
1.1536
1.2868
1.4958
1.7967
2.1959
2.6858
3.2457
3.8466
4.4592
5.0613
5.6440
6.2108
6.7811
7.3960
8.1335
9.1313
10.6081
12.8581
16.1950
20.8376
26.7733
33.6732
40.9289
47.8190
53.7323
58.3338
61.6024
63.7460
65.0658
65.8415
66.2741
66.4816
66.5147
66.3724
66.0016
65.2825
64.0127
61.9113
58.6768
54.1013
48.2061
41.3269
34.0757
27.1748
21.2336
16.5817
13.2329
10.9693
9.4785
8.4679
7.7213
7.1037
6.5396
5.9892
5.4313
4.8567
4.2652
3.6689
3.0897
2.5554
2.0925
1.7194
1.4415
1.2512
1.1319
1.0637
1.0281
1.0113
1.0042
1.0014
1.0004
1.0001
1.0000
1.0000
1.0000
1.0000
1.0000
1.0000
1.0000
1.0000
1.0000
1.0000
1.0000
1.0000
1.0000
1.0000
1.0000
1.0000
1.0000
1.0000
1.0000
1.0000
1.0000
1.0000
1.0000
1.0000
1.0000
1.0000
1.0000
1.0000
1.0000
1.0000
1.0000
1.0000
1.0000
1.0000
1.0000
1.0000
1.0000
1.0000
1.0000
1.0000
1.0001
1.0004
1.0014
1.0042
1.0113
1.0281
1.0637
1.1319
1.2512
1.4415
1.7194
2.0925
2.5554
3.0897
3.6689
4.2652
4.8567
5.4313
5.9892
6.5396
7.1037
7.7213
8.4679
9.4785
10.9693
13.2329
16.5817
21.2336
27.1748
34.0757
41.3269
48.2061
54.1013
58.6768
61.9113
64.0127
65.2825
66.0016
66.3724
66.5147
66.4816
66.2741
65.8415
65.0658
63.7460
61.6024
58.3338
53.7323
47.8190
40.9289
33.6732
26.7733
20.8376
16.1950
12.8581
10.6081
9.1313
8.1335
7.3960
6.7811
6.2108
5.6440
5.0613
4.4592
3.8466
3.2457
2.6858
2.1959
1.7967
1.4958
1.2868
1.1536
1.0759
1.0345
1.0143
1.0054
1.0019
1.0006
1.0001
1.0000
1.0000
1.0001
1.0003
1.0012
1.0035
1.0095
1.0236
1.0536
1.1117
1.2150
1.3828
1.6333
1.9775
2.4149
2.9312
3.5018
4.0974
4.6923
5.2716
5.8329
6.3909
6.9845
7.6910
8.6489
10.0778
12.2729
15.5488
20.1249
25.9892
32.8135
39.9905
46.8000
52.6321
57.1539
60.3465
62.4202
63.6788
64.4046
64.8006
64.9869
65.0151
64.8843
64.5411
63.8640
62.6490
60.6125
57.4507
52.9530
47.1383
40.3402
33.1691
26.3458
20.4785
15.8961
12.6114
10.4060
8.9666
7.9996
7.2879
6.6955
6.1473
5.6047
5.0498
4.4786
3.8971
3.3224
2.7790
2.2931
1.8860
1.5687
1.3402
1.1887
1.0966
1.0455
1.0196
1.0077
1.0028
1.0009
1.0002
1.0001
1.0000
1.0000
1.0000
1.0000
1.0000
1.0000
1.0000
1.0000
1.0000
1.0000
1.0000
1.0000
1.0000
1.0000
1.0000
1.0000
1.0000
1.0000
1.0000
1.0000
1.0000
1.0000
1.0000
1.0000
1.0000
1.0000
1.0000
1.0000
1.0000
1.0000
1.0000
1.0000
1.0000
1.0000
1.0000
1.0000
1.0000
1.0000
1.0000
1.0000
1.0001
1.0002
1.0009
1.0028
1.0077
1.0196
1.0455
1.0966
1.1887
1.3402
1.5687
1.8860
2.2931
2.7790
3.3224
3.8971
4.4786
5.0498
5.6047
6.1473
6.6955
7.2879
7.9996
8.9666
10.4060
12.6114
15.8961
20.4785
26.3458
33.1691
40.3402
47.1383
52.9530
57.4507
60.6125
62.6490
63.8640
64.5411
64.8843
65.0151
64.9869
64.8006
64.4046
63.6788
62.4202
60.3465
57.1539
52.6321
46.8000
39.9905
32.8135
25.9892
20.1249
15.5488
12.2729
10.0778
8.6489
7.6910
6.9845
6.3909
5.8329
5.2716
4.6923
4.0974
3.5018
2.9312
2.4149
1.9775
1.6333
1.3828
1.2150
1.1117
1.0536
1.0236
1.0095
1.0035
1.0012
1.0003
1.0001
1.0000
1.0000
1.0000
1.0002
1.0007
1.0022
1.0061
1.0156
1.0366
1.0787
1.1563
1.2871
1.4896
1.7783
2.1587
2.6238
3.1545
3.7242
4.3055
4.8790
5.4360
5.9860
6.5643
7.2466
8.1714
9.5590
11.7059
14.9273
19.4438
25.2443
32.0013
39.1086
45.8471
51.6085
56.0614
59.1887
61.2030
62.4098
63.0936
63.4591
63.6276
63.6516
63.5304
63.2102
62.5685
61.3996
59.4183
56.3185
51.8877
46.1429
39.4158
32.3153
25.5609
19.7596
15.2393
12.0119
9.8579
8.4628
7.5320
6.8473
6.2726
5.7336
5.1947
4.6424
4.0785
3.5145
2.9713
2.4734
2.0432
1.6955
1.4343
1.2527
1.1364
1.0680
1.0312
1.0131
1.0050
1.0017
1.0005
1.0001
1.0000
1.0000
1.0000
1.0000
1.0000
1.0000
1.0000
1.0000
1.0000
1.0000
1.0000
1.0000
1.0000
1.0000
1.0000
1.0000
1.0000
1.0000
1.0000
1.0000
1.0000
1.0000
1.0000
1.0000
1.0000
1.0000
1.0000
1.0000
1.0000
1.0000
1.0000
1.0000
1.0000
1.0000
1.0000
1.0000
1.0000
1.0000
1.0000
1.0000
1.0000
1.0000
1.0001
1.0005
1.0017
1.0050
1.0131
1.0312
1.0680
1.1364
1.2527
1.4343
1.6955
2.0432
2.4734
2.9713
3.5145
4.0785
4.6424
5.1947
5.7336
6.2726
6.8473
7.5320
8.4628
9.8579
12.0119
15.2393
19.7596
25.5609
32.3153
39.4158
46.1429
51.8877
56.3185
59.4183
61.3996
62.5685
63.2102
63.5304
63.6516
63.6276
63.4591
63.0936
62.4098
61.2030
59.1887
56.0614
51.6085
45.8471
39.1086
32.0013
25.2443
19.4438
14.9273
11.7059
9.5590
8.1714
7.2466
6.5643
5.9860
5.4360
4.8790
4.3055
3.7242
3.1545
2.6238
2.1587
1.7783
1.4896
1.2871
1.1563
1.0787
1.0366
1.0156
1.0061
1.0022
1.0007
1.0002
1.0000
1.0000
1.0000
1.0000
1.0001
1.0004
1.0013
1.0038
1.0100
1.0241
1.0536
1.1100
1.2086
1.3673
1.6022
1.9235
2.3310
2.8126
3.3461
3.9050
4.4669
5.0182
5.5626
6.1309
6.7961
7.6956
9.0500
11.1562
14.3307
18.7951
24.5393
31.2371
38.2831
44.9596
50.6595
55.0529
58.1242
60.0878
61.2507
61.8990
62.2389
62.3925
62.4130
62.2999
61.9990
61.3871
60.2571
58.3226
55.2759
50.9026
45.2184
38.5532
31.5146
24.8208
19.0776
14.6119
11.4342
9.3238
7.9648
7.0616
6.3954
5.8309
5.2960
4.7591
4.2124
3.6632
3.1272
2.6265
2.1832
1.8142
1.5270
1.3194
1.1804
1.0945
1.0458
1.0204
1.0084
1.0031
1.0010
1.0003
1.0001
1.0000
1.0000
1.0000
1.0000
1.0000
1.0000
1.0000
1.0000
1.0000
1.0000
1.0000
1.0000
1.0000
1.0000
1.0000
1.0000
1.0000
1.0000
1.0000
1.0000
1.0000
1.0000
1.0000
1.0000
1.0000
1.0000
1.0000
1.0000
1.0000
1.0000
1.0000
1.0000
1.0000
1.0000
1.0000
1.0000
1.0000
1.0000
1.0000
1.0000
1.0000
1.0000
1.0001
1.0003
1.0010
1.0031
1.0084
1.0204
1.0458
1.0945
1.1804
1.3194
1.5270
1.8142
2.1832
2.6265
3.1272
3.6632
4.2124
4.7591
5.2960
5.8309
6.3954
7.0616
7.9648
9.3238
11.4342
14.6119
19.0776
24.8208
31.5146
38.5532
45.2184
50.9026
55.2759
58.3226
60.2571
61.3871
61.9990
62.2999
62.4130
62.3925
62.2389
61.8990
61.2507
60.0878
58.1242
55.0529
50.6595
44.9596
38.2831
31.2371
24.5393
18.7951
14.3307
11.1562
9.0500
7.6956
6.7961
6.1309
5.5626
5.0182
4.4669
3.9050
3.3461
2.8126
2.3310
1.9235
1.6022
1.3673
1.2086
1.1100
1.0536
1.0241
1.0100
1.0038
1.0013
1.0004
1.0001
1.0000
1.0000
1.0000
1.0000
1.0000
1.0002
1.0007
1.0022
1.0061
1.0153
1.0353
1.0748
1.1466
1.2666
1.4514
1.7142
2.0604
2.4847
2.9712
3.4966
4.0382
4.5786
5.1170
5.6788
6.3334
7.2160
8.5459
10.6204
13.7566
18.1771
23.8731
30.5195
37.5123
44.1350
49.7817
54.1239
57.1473
59.0676
60.1932
60.8116
61.1298
61.2709
61.2885
61.1822
60.8976
60.3107
59.2138
57.3191
54.3177
49.9939
44.3618
37.7503
30.7655
24.1243
18.4313
14.0121
10.8758
8.8002
7.4683
6.5835
5.9277
5.3673
4.8340
4.3014
3.7671
3.2431
2.7471
2.2996
1.9182
1.6127
1.3844
1.2257
1.1235
1.0627
1.0295
1.0128
1.0051
1.0018
1.0006
1.0002
1.0000
1.0000
1.0000
1.0000
1.0000
1.0000
1.0000
1.0000
1.0000
1.0000
1.0000
1.0000
1.0000
1.0000
1.0000
1.0000
1.0000
1.0000
1.0000
1.0000
1.0000
1.0000
1.0000
1.0000
1.0000
1.0000
1.0000
1.0000
1.0000
1.0000
1.0000
1.0000
1.0000
1.0000
1.0000
1.0000
1.0000
1.0000
1.0000
1.0000
1.0000
1.0000
1.0000
1.0000
1.0002
1.0006
1.0018
1.0051
1.0128
1.0295
1.0627
1.1235
1.2257
1.3844
1.6127
1.9182
2.2996
2.7471
3.2431
3.7671
4.3014
4.8340
5.3673
5.9277
6.5835
7.4683
8.8002
10.8758
14.0121
18.4313
24.1243
30.7655
37.7503
44.3618
49.9939
54.3177
57.3191
59.2138
60.3107
60.8976
61.1822
61.2885
61.2709
61.1298
60.8116
60.1932
59.0676
57.1473
54.1239
49.7817
44.1350
37.5123
30.5195
23.8731
18.1771
13.7566
10.6204
8.5459
7.2160
6.3334
5.6788
5.1170
4.5786
4.0382
3.4966
2.9712
2.4847
2.0604
1.7142
1.4514
1.2666
1.1466
1.0748
1.0353
1.0153
1.0061
1.0022
1.0007
1.0002
1.0000
1.0000
1.0000
1.0000
1.0000
1.0000
1.0001
1.0004
1.0013
1.0036
1.0094
1.0223
1.0490
1.0993
1.1868
1.3269
1.5342
1.8181
2.1795
2.6092
3.0890
3.5985
4.1194
4.6473
5.2032
5.8519
6.7249
8.0396
10.0921
13.1996
17.5853
23.2417
29.8451
36.7927
43.3695
48.9707
53.2691
56.2517
58.1351
59.2292
59.8222
60.1222
60.2527
60.2679
60.1673
59.8963
59.3306
58.2617
56.4008
53.4380
49.1565
43.5691
37.0036
30.0647
23.4680
17.8170
13.4355
10.3313
8.2810
6.9667
6.0921
5.4405
4.8814
4.3515
3.8296
3.3181
2.8318
2.3874
2.0018
1.6860
1.4433
1.2691
1.1528
1.0809
1.0398
1.0181
1.0076
1.0029
1.0010
1.0003
1.0001
1.0000
1.0000
1.0000
1.0000
1.0000
1.0000
1.0000
1.0000
1.0000
1.0000
1.0000
1.0000
1.0000
1.0000
1.0000
1.0000
1.0000
1.0000
1.0000
1.0000
1.0000
1.0000
1.0000
1.0000
1.0000
1.0000
1.0000
1.0000
1.0000
1.0000
1.0000
1.0000
1.0000
1.0000
1.0000
1.0000
1.0000
1.0000
1.0000
1.0000
1.0000
1.0000
1.0000
1.0000
1.0001
1.0003
1.0010
1.0029
1.0076
1.0181
1.0398
1.0809
1.1528
1.2691
1.4433
1.6860
2.0018
2.3874
2.8318
3.3181
3.8296
4.3515
4.8814
5.4405
6.0921
6.9667
8.2810
10.3313
13.4355
17.8170
23.4680
30.0647
37.0036
43.5691
49.1565
53.4380
56.4008
58.2617
59.3306
59.8963
60.1673
60.2679
60.2527
60.1222
59.8222
59.2292
58.1351
56.2517
53.2691
48.9707
43.3695
36.7927
29.8451
23.2417
17.5853
13.1996
10.0921
8.0396
6.7249
5.8519
5.2032
4.6473
4.1194
3.5985
3.0890
2.6092
2.1795
1.8181
1.5342
1.3269
1.1868
1.0993
1.0490
1.0223
1.0094
1.0036
1.0013
1.0004
1.0001
1.0000
1.0000
1.0000
1.0000
1.0000
1.0000
1.0001
1.0002
1.0007
1.0020
1.0055
1.0136
1.0308
1.0647
1.1260
1.2280
1.3850
1.6088
1.9049
2.2703
2.6932
3.1576
3.6472
4.1563
4.7026
5.3465
6.2154
7.5228
9.5627
12.6514
17.0122
22.6383
29.2075
36.1182
42.6569
48.2202
52.4818
55.4300
57.2826
58.3501
58.9218
59.2063
59.3280
59.3410
59.2452
58.9858
58.4379
57.3925
55.5601
52.6298
48.3840
42.8343
36.3072
29.4063
22.8458
17.2277
12.8745
9.7927
7.7582
6.4533
5.5827
4.9327
4.3769
3.8570
3.3565
2.8807
2.4443
2.0610
1.7420
1.4916
1.3072
1.1802
1.0989
1.0506
1.0240
1.0106
1.0043
1.0016
1.0005
1.0002
1.0000
1.0000
1.0000
1.0000
1.0000
1.0000
1.0000
1.0000
1.0000
1.0000
1.0000
1.0000
1.0000
1.0000
1.0000
1.0000
1.0000
1.0000
1.0000
1.0000
1.0000
1.0000
1.0000
1.0000
1.0000
1.0000
1.0000
1.0000
1.0000
1.0000
1.0000
1.0000
1.0000
1.0000
1.0000
1.0000
1.0000
1.0000
1.0000
1.0000
1.0000
1.0000
1.0000
1.0000
1.0000
1.0000
1.0002
1.0005
1.0016
1.0043
1.0106
1.0240
1.0506
1.0989
1.1802
1.3072
1.4916
1.7420
2.0610
2.4443
2.8807
3.3565
3.8570
4.3769
4.9327
5.5827
6.4533
7.7582
9.7927
12.8745
17.2277
22.8458
29.4063
36.3072
42.8343
48.3840
52.6298
55.5601
57.3925
58.4379
58.9858
59.2452
59.3410
59.3280
59.2063
58.9218
58.3501
57.2826
55.4300
52.4818
48.2202
42.6569
36.1182
29.2075
22.6383
17.0122
12.6514
9.5627
7.5228
6.2154
5.3465
4.7026
4.1563
3.6472
3.1576
2.6932
2.2703
1.9049
1.6088
1.3850
1.2280
1.1260
1.0647
1.0308
1.0136
1.0055
1.0020
1.0007
1.0002
1.0001
1.0000
1.0000
1.0000
1.0000
1.0000
1.0000
1.0000
1.0001
1.0004
1.0011
1.0031
1.0079
1.0186
1.0404
1.0815
1.1526
1.2664
1.4351
1.6671
1.9645
2.3219
2.7294
3.1746
3.6533
4.1819
4.8176
5.6831
6.9880
9.0227
12.1015
16.4469
22.0524
28.5966
35.4794
41.9884
47.5213
51.7533
54.6735
56.5007
57.5463
58.1002
58.3720
58.4862
58.4975
58.4057
58.1557
57.6226
56.5967
54.7878
51.8844
47.6677
42.1486
35.6523
28.7812
22.2481
16.6535
12.3189
9.2503
7.2235
5.9222
5.0538
4.4080
3.8629
3.3644
2.8987
2.4716
2.0953
1.7785
1.5262
1.3367
1.2032
1.1151
1.0610
1.0301
1.0138
1.0059
1.0023
1.0008
1.0003
1.0001
1.0000
1.0000
1.0000
1.0000
1.0000
1.0000
1.0000
1.0000
1.0000
1.0000
1.0000
1.0000
1.0000
1.0000
1.0000
1.0000
1.0000
1.0000
1.0000
1.0000
1.0000
1.0000
1.0000
1.0000
1.0000
1.0000
1.0000
1.0000
1.0000
1.0000
1.0000
1.0000
1.0000
1.0000
1.0000
1.0000
1.0000
1.0000
1.0000
1.0000
1.0000
1.0000
1.0000
1.0000
1.0000
1.0000
1.0001
1.0003
1.0008
1.0023
1.0059
1.0138
1.0301
1.0610
1.1151
1.2032
1.3367
1.5262
1.7785
2.0953
2.4716
2.8987
3.3644
3.8629
4.4080
5.0538
5.9222
7.2235
9.2503
12.3189
16.6535
22.2481
28.7812
35.6523
42.1486
47.6677
51.8844
54.7878
56.5967
57.6226
58.1557
58.4057
58.4975
58.4862
58.3720
58.1002
57.5463
56.5007
54.6735
51.7533
47.5213
41.9884
35.4794
28.5966
22.0524
16.4469
12.1015
9.0227
6.9880
5.6831
4.8176
4.1819
3.6533
3.1746
2.7294
2.3219
1.9645
1.6671
1.4351
1.2664
1.1526
1.0815
1.0404
1.0186
1.0079
1.0031
1.0011
1.0004
1.0001
1.0000
1.0000
1.0000
1.0000
1.0000
1.0000
1.0000
1.0000
1.0000
1.0002
1.0006
1.0016
1.0044
1.0107
1.0241
1.0503
1.0976
1.1761
1.2971
1.4700
1.7005
1.9885
2.3304
2.7193
3.1547
3.6540
4.2726
5.1301
6.4319
8.4646
11.5393
15.8772
21.4709
27.9993
34.8632
41.3511
46.8620
51.0717
53.9705
55.7779
56.8062
57.3460
57.6074
57.7155
57.7253
57.6366
57.3943
56.8730
55.8625
54.0722
51.1897
46.9956
41.4998
35.0264
28.1765
21.6618
16.0817
11.7572
8.6945
6.6708
5.3721
4.5093
3.8759
3.3537
2.8908
2.4739
2.1063
1.7961
1.5463
1.3562
1.2198
1.1279
1.0699
1.0357
1.0170
1.0075
1.0031
1.0012
1.0004
1.0001
1.0000
1.0000
1.0000
1.0000
1.0000
1.0000
1.0000
1.0000
1.0000
1.0000
1.0000
1.0000
1.0000
1.0000
1.0000
1.0000
1.0000
1.0000
1.0000
1.0000
1.0000
1.0000
1.0000
1.0000
1.0000
1.0000
1.0000
1.0000
1.0000
1.0000
1.0000
1.0000
1.0000
1.0000
1.0000
1.0000
1.0000
1.0000
1.0000
1.0000
1.0000
1.0000
1.0000
1.0000
1.0000
1.0000
1.0000
1.0000
1.0001
1.0004
1.0012
1.0031
1.0075
1.0170
1.0357
1.0699
1.1279
1.2198
1.3562
1.5463
1.7961
2.1063
2.4739
2.8908
3.3537
3.8759
4.5093
5.3721
6.6708
8.6945
11.7572
16.0817
21.6618
28.1765
35.0264
41.4998
46.9956
51.1897
54.0722
55.8625
56.8730
57.3943
57.6366
57.7253
57.7155
57.6074
57.3460
56.8062
55.7779
53.9705
51.0717
46.8620
41.3511
34.8632
27.9993
21.4709
15.8772
11.5393
8.4646
6.4319
5.1301
4.2726
3.6540
3.1547
2.7193
2.3304
1.9885
1.7005
1.4700
1.2971
1.1761
1.0976
1.0503
1.0241
1.0107
1.0044
1.0016
1.0006
1.0002
1.0000
1.0000
1.0000
1.0000
1.0000
1.0000
1.0000
1.0000
1.0000
1.0000
1.0001
1.0003
1.0008
1.0023
1.0059
1.0137
1.0296
1.0594
1.1107
1.1929
1.3149
1.4841
1.7041
1.9769
2.3013
2.6817
3.1384
3.7273
4.5664
5.8582
7.8859
10.9576
15.2918
20.8799
27.4003
34.2537
40.7292
46.2262
50.4215
53.3058
55.0993
56.1150
56.6442
56.8975
57.0009
57.0094
56.9230
56.6865
56.1739
55.1747
53.3978
50.5302
46.3519
40.8719
34.4134
27.5767
21.0725
15.4998
11.1798
8.1199
6.0997
4.8083
3.9601
3.3519
2.8674
2.4544
2.0975
1.7961
1.5528
1.3655
1.2295
1.1363
1.0764
1.0402
1.0198
1.0091
1.0039
1.0015
1.0006
1.0002
1.0001
1.0000
1.0000
1.0000
1.0000
1.0000
1.0000
1.0000
1.0000
1.0000
1.0000
1.0000
1.0000
1.0000
1.0000
1.0000
1.0000
1.0000
1.0000
1.0000
1.0000
1.0000
1.0000
1.0000
1.0000
1.0000
1.0000
1.0000
1.0000
1.0000
1.0000
1.0000
1.0000
1.0000
1.0000
1.0000
1.0000
1.0000
1.0000
1.0000
1.0000
1.0000
1.0000
1.0000
1.0000
1.0000
1.0000
1.0000
1.0000
1.0001
1.0002
1.0006
1.0015
1.0039
1.0091
1.0198
1.0402
1.0764
1.1363
1.2295
1.3655
1.5528
1.7961
2.0975
2.4544
2.8674
3.3519
3.9601
4.8083
6.0997
8.1199
11.1798
15.4998
21.0725
27.5767
34.4134
40.8719
46.3519
50.5302
53.3978
55.1747
56.1739
56.6865
56.9230
57.0094
57.0009
56.8975
56.6442
56.1150
55.0993
53.3058
50.4215
46.2262
40.7292
34.2537
27.4003
20.8799
15.2918
10.9576
7.8859
5.8582
4.5664
3.7273
3.1384
2.6817
2.3013
1.9769
1.7041
1.4841
1.3149
1.1929
1.1107
1.0594
1.0296
1.0137
1.0059
1.0023
1.0008
1.0003
1.0001
1.0000
1.0000
1.0000
1.0000
1.0000
1.0000
1.0000
1.0000
1.0000
1.0000
1.0000
1.0001
1.0004
1.0012
1.0031
1.0074
1.0165
1.0342
1.0659
1.1184
1.1996
1.3166
1.4754
1.6814
1.9387
2.2563
2.6585
3.2036
4.0102
5.2796
7.2931
10.3563
14.6853
20.2697
26.7863
33.6353
40.1054
45.5961
49.7842
52.6608
54.4462
55.4539
55.9760
56.2237
56.3235
56.3309
56.2460
56.0132
55.5063
54.5144
52.7457
49.8870
45.7178
40.2467
33.7964
26.9666
20.4678
14.8991
10.5829
7.5284
5.5181
4.2443
3.4241
2.8558
2.4230
2.0711
1.7807
1.5463
1.3655
1.2326
1.1404
1.0802
1.0432
1.0219
1.0104
1.0046
1.0019
1.0007
1.0002
1.0001
1.0000
1.0000
1.0000
1.0000
1.0000
1.0000
1.0000
1.0000
1.0000
1.0000
1.0000
1.0000
1.0000
1.0000
1.0000
1.0000
1.0000
1.0000
1.0000
1.0000
1.0000
1.0000
1.0000
1.0000
1.0000
1.0000
1.0000
1.0000
1.0000
1.0000
1.0000
1.0000
1.0000
1.0000
1.0000
1.0000
1.0000
1.0000
1.0000
1.0000
1.0000
1.0000
1.0000
1.0000
1.0000
1.0000
1.0000
1.0000
1.0000
1.0000
1.0001
1.0002
1.0007
1.0019
1.0046
1.0104
1.0219
1.0432
1.0802
1.1404
1.2326
1.3655
1.5463
1.7807
2.0711
2.4230
2.8558
3.4241
4.2443
5.5181
7.5284
10.5829
14.8991
20.4678
26.9666
33.7964
40.2467
45.7178
49.8870
52.7457
54.5144
55.5063
56.0132
56.2460
56.3309
56.3235
56.2237
55.9760
55.4539
54.4462
52.6608
49.7842
45.5961
40.1054
33.6353
26.7863
20.2697
14.6853
10.3563
7.2931
5.2796
4.0102
3.2036
2.6585
2.2563
1.9387
1.6814
1.4754
1.3166
1.1996
1.1184
1.0659
1.0342
1.0165
1.0074
1.0031
1.0012
1.0004
1.0001
1.0000
1.0000
1.0000
1.0000
1.0000
1.0000
1.0000
1.0000
1.0000
1.0000
1.0000
1.0000
1.0001
1.0002
1.0005
1.0015
1.0037
1.0087
1.0185
1.0369
1.0685
1.1191
1.1952
1.3029
1.4498
1.6430
1.8956
2.2358
2.7253
3.4849
4.7170
6.7027
9.7465
14.0628
19.6394
26.1514
32.9977
39.4661
44.9554
49.1419
52.0161
53.7982
54.8021
55.3200
55.5640
55.6613
55.6677
55.5835
55.3527
54.8489
53.8605
52.0955
49.2407
45.0754
39.6084
33.1621
26.3365
19.8423
14.2797
9.9725
6.9321
4.9435
3.7011
2.9234
2.4084
2.0373
1.7521
1.5284
1.3562
1.2295
1.1404
1.0814
1.0446
1.0231
1.0112
1.0051
1.0022
1.0009
1.0003
1.0001
1.0000
1.0000
1.0000
1.0000
1.0000
1.0000
1.0000
1.0000
1.0000
1.0000
1.0000
1.0000
1.0000
1.0000
1.0000
1.0000
1.0000
1.0000
1.0000
1.0000
1.0000
1.0000
1.0000
1.0000
1.0000
1.0000
1.0000
1.0000
1.0000
1.0000
1.0000
1.0000
1.0000
1.0000
1.0000
1.0000
1.0000
1.0000
1.0000
1.0000
1.0000
1.0000
1.0000
1.0000
1.0000
1.0000
1.0000
1.0000
1.0000
1.0000
1.0000
1.0000
1.0001
1.0003
1.0009
1.0022
1.0051
1.0112
1.0231
1.0446
1.0814
1.1404
1.2295
1.3562
1.5284
1.7521
2.0373
2.4084
2.9234
3.7011
4.9435
6.9321
9.9725
14.2797
19.8423
26.3365
33.1621
39.6084
45.0754
49.2407
52.0955
53.8605
54.8489
55.3527
55.5835
55.6677
55.6613
55.5640
55.3200
54.8021
53.7982
52.0161
49.1419
44.9554
39.4661
32.9977
26.1514
19.6394
14.0628
9.7465
6.7027
4.7170
3.4849
2.7253
2.2358
1.8956
1.6430
1.4498
1.3029
1.1952
1.1191
1.0685
1.0369
1.0185
1.0087
1.0037
1.0015
1.0005
1.0002
1.0001
1.0000
1.0000
1.0000
1.0000
1.0000
1.0000
1.0000
1.0000
1.0000
1.0000
1.0000
1.0000
1.0000
1.0001
1.0002
1.0007
1.0018
1.0043
1.0094
1.0194
1.0371
1.0667
1.1130
1.1816
1.2802
1.4175
1.6089
1.8857
2.3130
3.0147
4.1960
6.1395
9.1501
13.4419
19.0014
25.5025
32.3424
38.8078
44.2962
48.4827
51.3569
53.1384
54.1407
54.6564
54.8980
54.9934
54.9989
54.9148
54.6850
54.1824
53.1951
51.4313
48.5776
44.4140
38.9496
32.5075
25.6881
19.2033
13.6542
9.3664
6.3529
4.4001
3.2032
2.4801
2.0269
1.7216
1.5017
1.3390
1.2198
1.1363
1.0802
1.0446
1.0234
1.0116
1.0054
1.0024
1.0010
1.0004
1.0001
1.0000
1.0000
1.0000
1.0000
1.0000
1.0000
1.0000
1.0000
1.0000
1.0000
1.0000
1.0000
1.0000
1.0000
1.0000
1.0000
1.0000
1.0000
1.0000
1.0000
1.0000
1.0000
1.0000
1.0000
1.0000
1.0000
1.0000
1.0000
1.0000
1.0000
1.0000
1.0000
1.0000
1.0000
1.0000
1.0000
1.0000
1.0000
1.0000
1.0000
1.0000
1.0000
1.0000
1.0000
1.0000
1.0000
1.0000
1.0000
1.0000
1.0000
1.0000
1.0000
1.0000
1.0000
1.0001
1.0004
1.0010
1.0024
1.0054
1.0116
1.0234
1.0446
1.0802
1.1363
1.2198
1.3390
1.5017
1.7216
2.0269
2.4801
3.2032
4.4001
6.3529
9.3664
13.6542
19.2033
25.6881
32.5075
38.9496
44.4140
48.5776
51.4313
53.1951
54.1824
54.6850
54.9148
54.9989
54.9934
54.8980
54.6564
54.1407
53.1384
51.3569
48.4827
44.2962
38.8078
32.3424
25.5025
19.0014
13.4419
9.1501
6.1395
4.1960
3.0147
2.3130
1.8857
1.6089
1.4175
1.2802
1.1816
1.1130
1.0667
1.0371
1.0194
1.0094
1.0043
1.0018
1.0007
1.0002
1.0001
1.0000
1.0000
1.0000
1.0000
1.0000
1.0000
1.0000
1.0000
1.0000
1.0000
1.0000
1.0000
1.0000
1.0000
1.0000
1.0001
1.0003
1.0008
1.0020
1.0045
1.0095
1.0188
1.0349
1.0613
1.1021
1.1645
1.2569
1.3957
1.6141
1.9795
2.6192
3.7414
5.6316
8.5964
12.8508
18.3812
24.8607
31.6858
38.1415
43.6243
47.8078
50.6802
52.4602
53.4607
53.9741
54.2136
54.3072
54.3119
54.2278
53.9986
53.4971
52.5110
50.7484
47.8968
43.7366
38.2779
31.8447
25.0385
18.5719
13.0476
8.7918
5.8186
3.9142
2.7730
2.1110
1.7215
1.4789
1.3173
1.2054
1.1279
1.0764
1.0432
1.0231
1.0116
1.0055
1.0025
1.0010
1.0004
1.0001
1.0000
1.0000
1.0000
1.0000
1.0000
1.0000
1.0000
1.0000
1.0000
1.0000
1.0000
1.0000
1.0000
1.0000
1.0000
1.0000
1.0000
1.0000
1.0000
1.0000
1.0000
1.0000
1.0000
1.0000
1.0000
1.0000
1.0000
1.0000
1.0000
1.0000
1.0000
1.0000
1.0000
1.0000
1.0000
1.0000
1.0000
1.0000
1.0000
1.0000
1.0000
1.0000
1.0000
1.0000
1.0000
1.0000
1.0000
1.0000
1.0000
1.0000
1.0000
1.0000
1.0000
1.0000
1.0000
1.0000
1.0001
1.0004
1.0010
1.0025
1.0055
1.0116
1.0231
1.0432
1.0764
1.1279
1.2054
1.3173
1.4789
1.7215
2.1110
2.7730
3.9142
5.8186
8.7918
13.0476
18.5719
25.0385
31.8447
38.2779
43.7366
47.8968
50.7484
52.5110
53.4971
53.9986
54.2278
54.3119
54.3072
54.2136
53.9741
53.4607
52.4602
50.6802
47.8078
43.6243
38.1415
31.6858
24.8607
18.3812
12.8508
8.5964
5.6316
3.7414
2.6192
1.9795
1.6141
1.3957
1.2569
1.1645
1.1021
1.0613
1.0349
1.0188
1.0095
1.0045
1.0020
1.0008
1.0003
1.0001
1.0000
1.0000
1.0000
1.0000
1.0000
1.0000
1.0000
1.0000
1.0000
1.0000
1.0000
1.0000
1.0000
1.0000
1.0000
1.0000
1.0000
1.0001
1.0003
1.0008
1.0020
1.0044
1.0089
1.0172
1.0313
1.0542
1.0916
1.1514
1.2493
1.4190
1.7295
2.3104
3.3728
5.2051
8.1165
12.3236
17.8138
24.2604
31.0595
37.4956
42.9639
47.1369
50.0017
51.7758
52.7713
53.2806
53.5168
53.6082
53.6120
53.5284
53.3010
52.8020
51.8195
50.0617
47.2165
43.0654
37.6194
31.2034
24.4198
17.9822
12.4938
8.2812
5.3580
3.5093
2.4275
1.8261
1.4954
1.3069
1.1926
1.1195
1.0721
1.0424
1.0241
1.0134
1.0076
1.0047
1.0033
1.0026
1.0024
1.0023
1.0022
1.0022
1.0022
1.0022
1.0022
1.0022
1.0022
1.0022
1.0022
1.0022
1.0022
1.0022
1.0022
1.0022
1.0022
1.0022
1.0022
1.0022
1.0022
1.0022
1.0022
1.0022
1.0022
1.0022
1.0022
1.0022
1.0022
1.0022
1.0022
1.0022
1.0022
1.0022
1.0022
1.0022
1.0022
1.0022
1.0022
1.0022
1.0022
1.0022
1.0022
1.0022
1.0022
1.0022
1.0022
1.0022
1.0022
1.0022
1.0022
1.0022
1.0022
1.0022
1.0022
1.0022
1.0022
1.0022
1.0023
1.0024
1.0026
1.0033
1.0047
1.0076
1.0134
1.0241
1.0424
1.0721
1.1195
1.1926
1.3069
1.4954
1.8261
2.4275
3.5093
5.3580
8.2812
12.4938
17.9822
24.4198
31.2034
37.6194
43.0654
47.2165
50.0617
51.8195
52.8020
53.3010
53.5284
53.6120
53.6082
53.5168
53.2806
52.7713
51.7758
50.0017
47.1369
42.9639
37.4956
31.0595
24.2604
17.8138
12.3236
8.1165
5.2051
3.3728
2.3104
1.7295
1.4190
1.2493
1.1514
1.0916
1.0542
1.0313
1.0172
1.0089
1.0044
1.0020
1.0008
1.0003
1.0001
1.0000
1.0000
1.0000
1.0000
1.0000
1.0000
1.0000
1.0000
1.0000
1.0000
1.0000
1.0000
1.0000
1.0000
1.0000
1.0000
1.0000
1.0000
1.0000
1.0001
1.0004
1.0009
1.0020
1.0042
1.0084
1.0159
1.0285
1.0507
1.0891
1.1585
1.2921
1.5592
2.0907
3.0997
4.8770
7.7344
11.8903
17.3338
23.7390
30.5024
36.9085
42.3523
46.5054
49.3544
51.1160
52.1017
52.6035
52.8344
52.9228
52.9258
52.8435
52.6196
52.1263
51.1515
49.4040
46.5720
42.4378
37.0129
30.6230
23.8710
17.4710
12.0262
7.8626
4.9928
3.1999
2.1742
1.6264
1.3446
1.1986
1.1192
1.0733
1.0458
1.0299
1.0205
1.0152
1.0125
1.0112
1.0106
1.0103
1.0102
1.0102
1.0101
1.0101
1.0101
1.0101
1.0101
1.0101
1.0101
1.0101
1.0101
1.0101
1.0101
1.0101
1.0101
1.0101
1.0101
1.0101
1.0101
1.0101
1.0101
1.0101
1.0101
1.0101
1.0101
1.0101
1.0101
1.0101
1.0101
1.0101
1.0101
1.0101
1.0101
1.0101
1.0101
1.0101
1.0101
1.0101
1.0101
1.0101
1.0101
1.0101
1.0101
1.0101
1.0101
1.0101
1.0101
1.0101
1.0101
1.0101
1.0101
1.0101
1.0101
1.0101
1.0101
1.0101
1.0101
1.0101
1.0102
1.0102
1.0103
1.0106
1.0112
1.0125
1.0152
1.0205
1.0299
1.0458
1.0733
1.1192
1.1986
1.3446
1.6264
2.1742
3.1999
4.9928
7.8626
12.0262
17.4710
23.8710
30.6230
37.0129
42.4378
46.5720
49.4040
51.1515
52.1263
52.6196
52.8435
52.9258
52.9228
52.8344
52.6035
52.1017
51.1160
49.3544
46.5054
42.3523
36.9085
30.5024
23.7390
17.3338
11.8903
7.7344
4.8770
3.0997
2.0907
1.5592
1.2921
1.1585
1.0891
1.0507
1.0285
1.0159
1.0084
1.0042
1.0020
1.0009
1.0004
1.0001
1.0000
1.0000
1.0000
1.0000
1.0000
1.0000
1.0000
1.0000
1.0000
1.0000
1.0000
1.0000
1.0000
1.0000
1.0000
1.0000
1.0000
1.0000
1.0000
1.0000
1.0001
1.0002
1.0005
1.0012
1.0027
1.0056
1.0107
1.0193
1.0348
1.0625
1.1160
1.2272
1.4650
1.9603
2.9275
4.6590
7.4684
11.5762
16.9728
23.3338
30.0564
36.4257
41.8370
45.9622
48.7878
50.5305
51.5014
51.9924
52.2161
52.3005
52.3027
52.2227
52.0043
51.5199
50.5575
48.8259
46.0137
41.9033
36.5064
30.1490
23.4340
17.0753
11.6757
7.5604
4.7403
2.9968
2.0180
1.5129
1.2679
1.1521
1.0963
1.0679
1.0526
1.0447
1.0402
1.0378
1.0366
1.0360
1.0358
1.0357
1.0356
1.0356
1.0356
1.0356
1.0356
1.0356
1.0356
1.0356
1.0356
1.0356
1.0356
1.0356
1.0356
1.0356
1.0356
1.0356
1.0356
1.0356
1.0356
1.0356
1.0356
1.0356
1.0356
1.0356
1.0356
1.0356
1.0356
1.0356
1.0356
1.0356
1.0356
1.0356
1.0356
1.0356
1.0356
1.0356
1.0356
1.0356
1.0356
1.0356
1.0356
1.0356
1.0356
1.0356
1.0356
1.0356
1.0356
1.0356
1.0356
1.0356
1.0356
1.0356
1.0356
1.0356
1.0356
1.0356
1.0356
1.0356
1.0356
1.0356
1.0357
1.0358
1.0360
1.0366
1.0378
1.0402
1.0447
1.0526
1.0679
1.0963
1.1521
1.2679
1.5129
2.0180
2.9968
4.7403
7.5604
11.6757
17.0753
23.4340
30.1490
36.5064
41.9033
46.0137
48.8259
50.5575
51.5199
52.0043
52.2227
52.3027
52.3005
52.2161
51.9924
51.5014
50.5305
48.7878
45.9622
41.8370
36.4257
30.0564
23.3338
16.9728
11.5762
7.4684
4.6590
2.9275
1.9603
1.4650
1.2272
1.1160
1.0625
1.0348
1.0193
1.0107
1.0056
1.0027
1.0012
1.0005
1.0002
1.0001
1.0000
1.0000
1.0000
1.0000
1.0000
1.0000
1.0000
1.0000
1.0000
1.0000
1.0000
1.0000
1.0000
1.0000
1.0000
1.0000
1.0000
1.0000
1.0000
1.0000
1.0001
1.0003
1.0008
1.0019
1.0041
1.0084
1.0157
1.0270
1.0453
1.0743
1.1260
1.2303
1.4548
1.9299
2.8700
4.5687
7.3410
11.4091
16.7647
23.0847
29.7673
36.0985
41.4744
45.5678
48.3658
50.0856
51.0388
51.5168
51.7319
51.8119
51.8134
51.7365
51.5250
51.0516
50.1045
48.3926
45.6042
41.5213
36.1555
29.8321
23.1541
16.8347
11.4760
7.4023
4.6232
2.9185
1.9749
1.5002
1.2803
1.1841
1.1429
1.1248
1.1163
1.1126
1.1106
1.1096
1.1091
1.1089
1.1088
1.1088
1.1088
1.1088
1.1088
1.1088
1.1088
1.1088
1.1088
1.1088
1.1088
1.1088
1.1088
1.1088
1.1088
1.1088
1.1088
1.1088
1.1088
1.1088
1.1088
1.1088
1.1088
1.1088
1.1088
1.1088
1.1088
1.1088
1.1088
1.1088
1.1088
1.1088
1.1088
1.1088
1.1088
1.1088
1.1088
1.1088
1.1088
1.1088
1.1088
1.1088
1.1088
1.1088
1.1088
1.1088
1.1088
1.1088
1.1088
1.1088
1.1088
1.1088
1.1088
1.1088
1.1088
1.1088
1.1088
1.1088
1.1088
1.1088
1.1088
1.1088
1.1088
1.1088
1.1089
1.1091
1.1096
1.1106
1.1126
1.1163
1.1248
1.1429
1.1841
1.2803
1.5002
1.9749
2.9185
4.6232
7.4023
11.4760
16.8347
23.1541
29.8321
36.1555
41.5213
45.6042
48.3926
50.1045
51.0516
51.5250
51.7365
51.8134
51.8119
51.7319
51.5168
51.0388
50.0856
48.3658
45.5678
41.4744
36.0985
29.7673
23.0847
16.7647
11.4091
7.3410
4.5687
2.8700
1.9299
1.4548
1.2303
1.1260
1.0743
1.0453
1.0270
1.0157
1.0084
1.0041
1.0019
1.0008
1.0003
1.0001
1.0000
1.0000
1.0000
1.0000
1.0000
1.0000
1.0000
1.0000
1.0000
1.0000
1.0000
1.0000
1.0000
1.0000
1.0000
1.0000
1.0000
1.0000
1.0000
1.0001
1.0002
1.0007
1.0018
1.0045
1.0099
1.0200
1.0368
1.0618
1.0975
1.1461
1.2165
1.3354
1.5674
2.0414
2.9717
4.6528
7.4014
11.4412
16.7655
23.0522
29.7007
35.9978
41.3407
45.4034
48.1742
49.8711
50.8062
51.2711
51.4776
51.5533
51.5542
51.4805
51.2762
50.8143
49.8832
48.1914
45.4269
41.3709
36.0343
29.7419
23.0959
16.8091
11.4831
7.4411
4.6920
3.0146
2.0946
1.6396
1.4351
1.3506
1.3176
1.3050
1.3000
1.2984
1.2976
1.2972
1.2970
1.2969
1.2969
1.2969
1.2969
1.2969
1.2969
1.2969
1.2969
1.2969
1.2969
1.2969
1.2969
1.2969
1.2969
1.2969
1.2969
1.2969
1.2969
1.2969
1.2969
1.2969
1.2969
1.2969
1.2969
1.2969
1.2969
1.2969
1.2969
1.2969
1.2969
1.2969
1.2969
1.2969
1.2969
1.2969
1.2969
1.2969
1.2969
1.2969
1.2969
1.2969
1.2969
1.2969
1.2969
1.2969
1.2969
1.2969
1.2969
1.2969
1.2969
1.2969
1.2969
1.2969
1.2969
1.2969
1.2969
1.2969
1.2969
1.2969
1.2969
1.2969
1.2969
1.2969
1.2969
1.2969
1.2969
1.2970
1.2972
1.2976
1.2984
1.3000
1.3050
1.3176
1.3506
1.4351
1.6396
2.0946
3.0146
4.6920
7.4411
11.4831
16.8091
23.0959
29.7419
36.0343
41.3709
45.4269
48.1914
49.8832
50.8143
51.2762
51.4805
51.5542
51.5533
51.4776
51.2711
50.8062
49.8711
48.1742
45.4034
41.3407
35.9978
29.7007
23.0522
16.7655
11.4412
7.4014
4.6528
2.9717
2.0414
1.5674
1.3354
1.2165
1.1461
1.0975
1.0618
1.0368
1.0200
1.0099
1.0045
1.0018
1.0007
1.0002
1.0001
1.0000
1.0000
1.0000
1.0000
1.0000
1.0000
1.0000
1.0000
1.0000
1.0000
1.0000
1.0000
1.0000
1.0000
1.0000
1.0000
1.0000
1.0000
1.0001
1.0005
1.0016
1.0044
1.0108
1.0239
1.0482
1.0883
1.1476
1.2283
1.3293
1.4542
1.6228
1.8942
2.3940
3.3363
5.0172
7.7564
11.7802
17.0840
23.3472
29.9702
36.2407
41.5570
45.5942
48.3418
50.0189
50.9383
51.3918
51.5910
51.6629
51.6635
51.5927
51.3948
50.9431
50.0260
48.3518
45.6079
41.5745
36.2618
29.9939
23.3724
17.1096
11.8066
7.7862
5.0566
3.3963
2.4907
2.0471
1.8513
1.7729
1.7442
1.7343
1.7309
1.7303
1.7300
1.7299
1.7298
1.7298
1.7298
1.7298
1.7298
1.7298
1.7298
1.7298
1.7298
1.7298
1.7298
1.7298
1.7298
1.7298
1.7298
1.7298
1.7298
1.7298
1.7298
1.7298
1.7298
1.7298
1.7298
1.7298
1.7298
1.7298
1.7298
1.7298
1.7298
1.7298
1.7298
1.7298
1.7298
1.7298
1.7298
1.7298
1.7298
1.7298
1.7298
1.7298
1.7298
1.7298
1.7298
1.7298
1.7298
1.7298
1.7298
1.7298
1.7298
1.7298
1.7298
1.7298
1.7298
1.7298
1.7298
1.7298
1.7298
1.7298
1.7298
1.7298
1.7298
1.7298
1.7298
1.7298
1.7298
1.7298
1.7298
1.7298
1.7299
1.7300
1.7303
1.7309
1.7343
1.7442
1.7729
1.8513
2.0471
2.4907
3.3963
5.0566
7.7862
11.8066
17.1096
23.3724
29.9939
36.2618
41.5745
45.6079
48.3518
50.0260
50.9431
51.3948
51.5927
51.6635
51.6629
51.5910
51.3918
50.9383
50.0189
48.3418
45.5942
41.5570
36.2407
29.9702
23.3472
17.0840
11.7802
7.7564
5.0172
3.3363
2.3940
1.8942
1.6228
1.4542
1.3293
1.2283
1.1476
1.0883
1.0482
1.0239
1.0108
1.0044
1.0016
1.0005
1.0001
1.0000
1.0000
1.0000
1.0000
1.0000
1.0000
1.0000
1.0000
1.0000
1.0000
1.0000
1.0000
1.0000
1.0000
1.0000
1.0000
1.0000
1.0001
1.0003
1.0012
1.0036
1.0097
1.0239
1.0531
1.1069
1.1955
1.3264
1.5015
1.7139
1.9558
2.2344
2.5974
3.1645
4.1493
5.8519
8.5974
12.6172
17.9108
24.1598
30.7661
37.0184
42.3158
46.3345
49.0650
50.7274
51.6350
52.0798
52.2735
52.3426
52.3429
52.2744
52.0814
51.6375
50.7311
49.0703
46.3417
42.3250
37.0295
30.7786
24.1736
17.9265
12.6379
8.6306
5.9124
4.2617
3.3639
2.9263
2.7349
2.6596
2.6328
2.6241
2.6214
2.6212
2.6211
2.6211
2.6211
2.6210
2.6210
2.6210
2.6210
2.6210
2.6210
2.6210
2.6210
2.6210
2.6210
2.6210
2.6210
2.6210
2.6210
2.6210
2.6210
2.6210
2.6210
2.6210
2.6210
2.6210
2.6210
2.6210
2.6210
2.6210
2.6210
2.6210
2.6210
2.6210
2.6210
2.6210
2.6210
2.6210
2.6210
2.6210
2.6210
2.6210
2.6210
2.6210
2.6210
2.6210
2.6210
2.6210
2.6210
2.6210
2.6210
2.6210
2.6210
2.6210
2.6210
2.6210
2.6210
2.6210
2.6210
2.6210
2.6210
2.6210
2.6210
2.6210
2.6210
2.6210
2.6210
2.6210
2.6210
2.6210
2.6210
2.6211
2.6211
2.6211
2.6212
2.6214
2.6241
2.6328
2.6596
2.7349
2.9263
3.3639
4.2617
5.9124
8.6306
12.6379
17.9265
24.1736
30.7786
37.0295
42.3250
46.3417
49.0703
50.7311
51.6375
52.0814
52.2744
52.3429
52.3426
52.2735
52.0798
51.6350
50.7274
49.0650
46.3345
42.3158
37.0184
30.7661
24.1598
17.9108
12.6172
8.5974
5.8519
4.1493
3.1645
2.5974
2.2344
1.9558
1.7139
1.5015
1.3264
1.1955
1.1069
1.0531
1.0239
1.0097
1.0036
1.0012
1.0003
1.0001
1.0000
1.0000
1.0000
1.0000
1.0000
1.0000
1.0000
1.0000
1.0000
1.0000
1.0000
1.0000
1.0000
1.0000
1.0000
1.0000
1.0001
1.0007
1.0023
1.0072
1.0196
1.0481
1.1068
1.2150
1.3935
1.6567
2.0065
2.4251
2.8848
3.3690
3.9055
4.6029
5.6746
7.4278
10.1978
14.2257
19.5180
25.7606
32.3576
38.5990
43.8846
47.8915
50.6109
52.2636
53.1634
53.6026
53.7925
53.8598
53.8599
53.7930
53.6033
53.1646
52.2653
50.6134
47.8949
43.8890
38.6043
32.3639
25.7688
19.5307
14.2502
10.2500
7.5378
5.8920
4.9980
4.5632
4.3738
4.2998
4.2739
4.2657
4.2633
4.2633
4.2632
4.2632
4.2632
4.2632
4.2632
4.2632
4.2632
4.2632
4.2632
4.2632
4.2632
4.2632
4.2632
4.2632
4.2632
4.2632
4.2632
4.2632
4.2632
4.2632
4.2632
4.2632
4.2632
4.2632
4.2632
4.2632
4.2632
4.2632
4.2632
4.2632
4.2632
4.2632
4.2632
4.2632
4.2632
4.2632
4.2632
4.2632
4.2632
4.2632
4.2632
4.2632
4.2632
4.2632
4.2632
4.2632
4.2632
4.2632
4.2632
4.2632
4.2632
4.2632
4.2632
4.2632
4.2632
4.2632
4.2632
4.2632
4.2632
4.2632
4.2632
4.2632
4.2632
4.2632
4.2632
4.2632
4.2632
4.2632
4.2632
4.2632
4.2632
4.2632
4.2633
4.2633
4.2657
4.2739
4.2998
4.3738
4.5632
4.9980
5.8920
7.5378
10.2500
14.2502
19.5307
25.7688
32.3639
38.6043
43.8890
47.8949
50.6134
52.2653
53.1646
53.6033
53.7930
53.8599
53.8598
53.7925
53.6026
53.1634
52.2636
50.6109
47.8915
43.8846
38.5990
32.3576
25.7606
19.5180
14.2257
10.1978
7.4278
5.6746
4.6029
3.9055
3.3690
2.8848
2.4251
2.0065
1.6567
1.3935
1.2150
1.1068
1.0481
1.0196
1.0072
1.0023
1.0007
1.0001
1.0000
1.0000
1.0000
1.0000
1.0000
1.0000
1.0000
1.0000
1.0000
1.0000
1.0000
1.0000
1.0000
1.0000
1.0000
1.0000
1.0003
1.0012
1.0043
1.0131
1.0358
1.0880
1.1954
1.3934
1.7199
2.2015
2.8395
3.5986
4.4182
5.2426
6.0668
6.9818
8.2002
10.0414
12.8578
16.9065
22.2053
28.4474
35.0404
41.2761
46.5554
50.5555
53.2686
54.9157
55.8110
56.2469
56.4347
56.5009
56.5009
56.4349
56.2472
55.8115
54.9165
53.2697
50.5570
46.5572
41.2786
35.0440
28.4541
22.2207
16.9443
12.9474
10.2381
8.5945
7.7022
7.2687
7.0801
7.0066
6.9810
6.9730
6.9707
6.9707
6.9707
6.9707
6.9707
6.9707
6.9707
6.9707
6.9707
6.9707
6.9707
6.9707
6.9707
6.9707
6.9707
6.9707
6.9707
6.9707
6.9707
6.9707
6.9707
6.9707
6.9707
6.9707
6.9707
6.9707
6.9707
6.9707
6.9707
6.9707
6.9707
6.9707
6.9707
6.9707
6.9707
6.9707
6.9707
6.9707
6.9707
6.9707
6.9707
6.9707
6.9707
6.9707
6.9707
6.9707
6.9707
6.9707
6.9707
6.9707
6.9707
6.9707
6.9707
6.9707
6.9707
6.9707
6.9707
6.9707
6.9707
6.9707
6.9707
6.9707
6.9707
6.9707
6.9707
6.9707
6.9707
6.9707
6.9707
6.9707
6.9707
6.9707
6.9707
6.9707
6.9707
6.9707
6.9730
6.9810
7.0066
7.0801
7.2687
7.7022
8.5945
10.2381
12.9474
16.9443
22.2207
28.4541
35.0440
41.2786
46.5572
50.5570
53.2697
54.9165
55.8115
56.2472
56.4349
56.5009
56.5009
56.4347
56.2469
55.8110
54.9157
53.2686
50.5555
46.5554
41.2761
35.0404
28.4474
22.2053
16.9065
12.8578
10.0414
8.2002
6.9818
6.0668
5.2426
4.4182
3.5986
2.8395
2.2015
1.7199
1.3934
1.1954
1.0880
1.0358
1.0131
1.0043
1.0012
1.0003
1.0000
1.0000
1.0000
1.0000
1.0000
1.0000
1.0000
1.0000
1.0000
1.0000
1.0000
1.0000
1.0000
1.0000
1.0000
1.0000
1.0004
1.0020
1.0072
1.0219
1.0597
1.1468
1.3262
1.6566
2.2015
3.0052
4.0686
5.3301
6.6809
8.0077
9.2570
10.4938
11.9302
13.9031
16.7905
20.8728
26.1851
32.4310
39.0236
45.2571
50.5332
54.5301
57.2399
58.8841
59.7771
60.2113
60.3980
60.4636
60.4637
60.3981
60.2114
59.7773
58.8844
57.2403
54.5306
50.5339
45.2583
39.0265
32.4391
26.2079
20.9333
16.9379
14.2298
12.5871
11.6955
11.2624
11.0741
11.0009
10.9754
10.9674
10.9652
10.9652
10.9652
10.9652
10.9652
10.9652
10.9652
10.9652
10.9652
10.9652
10.9652
10.9652
10.9652
10.9652
10.9652
10.9652
10.9652
10.9652
10.9652
10.9652
10.9652
10.9652
10.9652
10.9652
10.9652
10.9652
10.9652
10.9652
10.9652
10.9652
10.9652
10.9652
10.9652
10.9652
10.9652
10.9652
10.9652
10.9652
10.9652
10.9652
10.9652
10.9652
10.9652
10.9652
10.9652
10.9652
10.9652
10.9652
10.9652
10.9652
10.9652
10.9652
10.9652
10.9652
10.9652
10.9652
10.9652
10.9652
10.9652
10.9652
10.9652
10.9652
10.9652
10.9652
10.9652
10.9652
10.9652
10.9652
10.9652
10.9652
10.9652
10.9652
10.9652
10.9652
10.9652
10.9652
10.9674
10.9754
11.0009
11.0741
11.2624
11.6955
12.5871
14.2298
16.9379
20.9333
26.2079
32.4391
39.0265
45.2583
50.5339
54.5306
57.2403
58.8844
59.7773
60.2114
60.3981
60.4637
60.4636
60.3980
60.2113
59.7771
58.8841
57.2399
54.5301
50.5332
45.2571
39.0236
32.4310
26.1851
20.8728
16.7905
13.9031
11.9302
10.4938
9.2570
8.0077
6.6809
5.3301
4.0686
3.0052
2.2015
1.6566
1.3262
1.1468
1.0597
1.0219
1.0072
1.0020
1.0004
1.0000
1.0000
1.0000
1.0000
1.0000
1.0000
1.0000
1.0000
1.0000
1.0000
1.0000
1.0000
1.0000
1.0000
1.0000
1.0000
1.0007
1.0031
1.0110
1.0335
1.0914
1.2246
1.4988
2.0041
2.8372
4.0664
5.6913
7.6162
9.6682
11.6584
13.4692
15.1313
16.8557
19.0033
21.9852
26.1132
31.4449
37.6977
44.2919
50.5249
55.7999
59.7953
62.5036
64.1466
65.0386
65.4719
65.6581
65.7235
65.7235
65.6582
65.4720
65.0386
64.1467
62.5038
59.7955
55.8002
50.5259
44.2953
37.7090
31.4786
26.2048
22.2100
19.5023
17.8600
16.9686
16.5356
16.3475
16.2743
16.2488
16.2409
16.2387
16.2387
16.2387
16.2387
16.2387
16.2387
16.2387
16.2387
16.2387
16.2387
16.2387
16.2387
16.2387
16.2387
16.2387
16.2387
16.2387
16.2387
16.2387
16.2387
16.2387
16.2387
16.2387
16.2387
16.2387
16.2387
16.2387
16.2387
16.2387
16.2387
16.2387
16.2387
16.2387
16.2387
16.2387
16.2387
16.2387
16.2387
16.2387
16.2387
16.2387
16.2387
16.2387
16.2387
16.2387
16.2387
16.2387
16.2387
16.2387
16.2387
16.2387
16.2387
16.2387
16.2387
16.2387
16.2387
16.2387
16.2387
16.2387
16.2387
16.2387
16.2387
16.2387
16.2387
16.2387
16.2387
16.2387
16.2387
16.2387
16.2387
16.2387
16.2387
16.2387
16.2387
16.2387
16.2387
16.2409
16.2488
16.2743
16.3475
16.5356
16.9686
17.8600
19.5023
22.2100
26.2048
31.4786
37.7090
44.2953
50.5259
55.8002
59.7955
62.5038
64.1467
65.0386
65.4720
65.6582
65.7235
65.7235
65.6581
65.4719
65.0386
64.1466
62.5036
59.7953
55.7999
50.5249
44.2919
37.6977
31.4449
26.1132
21.9852
19.0033
16.8557
15.1313
13.4692
11.6584
9.6682
7.6162
5.6913
4.0664
2.8372
2.0041
1.4988
1.2246
1.0914
1.0335
1.0110
1.0031
1.0007
1.0000
1.0000
1.0000
1.0000
1.0000
1.0000
1.0000
1.0000
1.0000
1.0000
1.0000
1.0000
1.0000
1.0000
1.0000
1.0000
1.0010
1.0044
1.0154
1.0471
1.1287
1.3164
1.7027
2.4146
3.5884
5.3200
7.6083
10.3169
13.1974
15.9712
18.4454
20.6100
22.6750
25.0291
28.1230
32.3052
37.6603
43.9221
50.5191
56.7526
62.0273
66.0221
68.7299
70.3723
71.2638
71.6969
71.8829
71.9482
71.9482
71.8829
71.6969
71.2638
70.3724
68.7299
66.0221
62.0274
56.7537
50.5235
43.9376
37.7076
32.4340
28.4394
25.7319
24.0896
23.1983
22.7654
22.5773
22.5041
22.4787
22.4708
22.4685
22.4685
22.4685
22.4685
22.4685
22.4685
22.4685
22.4685
22.4685
22.4685
22.4685
22.4685
22.4685
22.4685
22.4685
22.4685
22.4685
22.4685
22.4685
22.4685
22.4685
22.4685
22.4685
22.4685
22.4685
22.4685
22.4685
22.4685
22.4685
22.4685
22.4685
22.4685
22.4685
22.4685
22.4685
22.4685
22.4685
22.4685
22.4685
22.4685
22.4685
22.4685
22.4685
22.4685
22.4685
22.4685
22.4685
22.4685
22.4685
22.4685
22.4685
22.4685
22.4685
22.4685
22.4685
22.4685
22.4685
22.4685
22.4685
22.4685
22.4685
22.4685
22.4685
22.4685
22.4685
22.4685
22.4685
22.4685
22.4685
22.4685
22.4685
22.4685
22.4685
22.4685
22.4685
22.4685
22.4708
22.4787
22.5041
22.5773
22.7654
23.1983
24.0896
25.7319
28.4394
32.4340
37.7076
43.9376
50.5235
56.7537
62.0274
66.0221
68.7299
70.3724
71.2638
71.6969
71.8829
71.9482
71.9482
71.8829
71.6969
71.2638
70.3723
68.7299
66.0221
62.0273
56.7526
50.5191
43.9221
37.6603
32.3052
28.1230
25.0291
22.6750
20.6100
18.4454
15.9712
13.1974
10.3169
7.6083
5.3200
3.5884
2.4146
1.7027
1.3164
1.1287
1.0471
1.0154
1.0044
1.0010
1.0000
1.0000
1.0000
1.0000
1.0000
1.0000
1.0000
1.0000
1.0000
1.0000
1.0000
1.0000
1.0000
1.0000
1.0000
1.0000
1.0013
1.0057
1.0202
1.0616
1.1682
1.4134
1.9183
2.8486
4.3824
6.6452
9.6348
13.1719
16.9282
20.5305
23.7060
26.4017
28.8268
31.3992
34.6116
38.8514
44.2314
50.5028
57.1030
63.3375
68.6123
72.6068
75.3144
76.9567
77.8480
78.2810
78.4669
78.5322
78.5322
78.4669
78.2810
77.8480
76.9567
75.3144
72.6069
68.6123
63.3387
57.1088
50.5230
44.2931
39.0196
35.0251
32.3176
30.6754
29.7841
29.3512
29.1631
29.0899
29.0645
29.0565
29.0543
29.0543
29.0543
29.0543
29.0543
29.0543
29.0543
29.0543
29.0543
29.0543
29.0543
29.0543
29.0543
29.0543
29.0543
29.0543
29.0543
29.0543
29.0543
29.0543
29.0543
29.0543
29.0543
29.0543
29.0543
29.0543
29.0543
29.0543
29.0543
29.0543
29.0543
29.0543
29.0543
29.0543
29.0543
29.0543
29.0543
29.0543
29.0543
29.0543
29.0543
29.0543
29.0543
29.0543
29.0543
29.0543
29.0543
29.0543
29.0543
29.0543
29.0543
29.0543
29.0543
29.0543
29.0543
29.0543
29.0543
29.0543
29.0543
29.0543
29.0543
29.0543
29.0543
29.0543
29.0543
29.0543
29.0543
29.0543
29.0543
29.0543
29.0543
29.0543
29.0543
29.0543
29.0543
29.0543
29.0565
29.0645
29.0899
29.1631
29.3512
29.7841
30.6754
32.3176
35.0251
39.0196
44.2931
50.5230
57.1088
63.3387
68.6123
72.6069
75.3144
76.9567
77.8480
78.2810
78.4669
78.5322
78.5322
78.4669
78.2810
77.8480
76.9567
75.3144
72.6068
68.6123
63.3375
57.1030
50.5028
44.2314
38.8514
34.6116
31.3992
28.8268
26.4017
23.7060
20.5305
16.9282
13.1719
9.6348
6.6452
4.3824
2.8486
1.9183
1.4134
1.1682
1.0616
1.0202
1.0057
1.0013
1.0000
1.0000
1.0000
1.0000
1.0000
1.0000
1.0000
1.0000
1.0000
1.0000
1.0000
1.0000
1.0000
1.0000
1.0000
1.0000
1.0015
1.0070
1.0246
1.0753
1.2055
1.5052
2.1222
3.2591
5.1335
7.8988
11.5518
15.8726
20.4573
24.8434
28.6823
31.8805
34.6461
37.4252
40.7497
45.0439
50.4476
56.7281
63.3315
69.5669
74.8419
78.8364
81.5439
83.1861
84.0774
84.5103
84.6962
84.7615
84.7615
84.6962
84.5103
84.0774
83.1861
81.5439
78.8364
74.8419
69.5684
63.3385
56.7528
50.5229
45.2494
41.2549
38.5474
36.9052
36.0140
35.5811
35.3930
35.3198
35.2943
35.2864
35.2842
35.2842
35.2842
35.2842
35.2842
35.2842
35.2842
35.2842
35.2842
35.2842
35.2842
35.2842
35.2842
35.2842
35.2842
35.2842
35.2842
35.2842
35.2842
35.2842
35.2842
35.2842
35.2842
35.2842
35.2842
35.2842
35.2842
35.2842
35.2842
35.2842
35.2842
35.2842
35.2842
35.2842
35.2842
35.2842
35.2842
35.2842
35.2842
35.2842
35.2842
35.2842
35.2842
35.2842
35.2842
35.2842
35.2842
35.2842
35.2842
35.2842
35.2842
35.2842
35.2842
35.2842
35.2842
35.2842
35.2842
35.2842
35.2842
35.2842
35.2842
35.2842
35.2842
35.2842
35.2842
35.2842
35.2842
35.2842
35.2842
35.2842
35.2842
35.2842
35.2842
35.2842
35.2842
35.2842
35.2864
35.2943
35.3198
35.3930
35.5811
36.0140
36.9052
38.5474
41.2549
45.2494
50.5229
56.7528
63.3385
69.5684
74.8419
78.8364
81.5439
83.1861
84.0774
84.5103
84.6962
84.7615
84.7615
84.6962
84.5103
84.0774
83.1861
81.5439
78.8364
74.8419
69.5669
63.3315
56.7281
50.4476
45.0439
40.7497
37.4252
34.6461
31.8805
28.6823
24.8434
20.4573
15.8726
11.5518
7.8988
5.1335
3.2591
2.1222
1.5052
1.2055
1.0753
1.0246
1.0070
1.0015
1.0000
1.0000
1.0000
1.0000
1.0000
1.0000
1.0000
1.0000
1.0000
1.0000
1.0000
1.0000
1.0000
1.0000
1.0000
1.0000
1.0018
1.0081
1.0284
1.0869
1.2371
1.5829
2.2949
3.6066
5.7693
8.9600
13.1745
18.1587
23.4447
28.4942
32.8946
36.5182
39.5721
42.5260
45.9455
50.2857
55.7095
61.9978
68.6039
74.8401
80.1154
84.1098
86.8173
88.4595
89.3508
89.7837
89.9696
90.0348
90.0348
89.9696
89.7837
89.3508
88.4595
86.8173
84.1098
80.1154
74.8419
68.6120
62.0262
55.7963
50.5229
46.5284
43.8209
42.1787
41.2874
40.8546
40.6664
40.5933
40.5678
40.5599
40.5577
40.5577
40.5577
40.5577
40.5577
40.5577
40.5577
40.5577
40.5577
40.5577
40.5577
40.5577
40.5577
40.5577
40.5577
40.5577
40.5577
40.5577
40.5577
40.5577
40.5577
40.5577
40.5577
40.5577
40.5577
40.5577
40.5577
40.5577
40.5577
40.5577
40.5577
40.5577
40.5577
40.5577
40.5577
40.5577
40.5577
40.5577
40.5577
40.5577
40.5577
40.5577
40.5577
40.5577
40.5577
40.5577
40.5577
40.5577
40.5577
40.5577
40.5577
40.5577
40.5577
40.5577
40.5577
40.5577
40.5577
40.5577
40.5577
40.5577
40.5577
40.5577
40.5577
40.5577
40.5577
40.5577
40.5577
40.5577
40.5577
40.5577
40.5577
40.5577
40.5577
40.5577
40.5577
40.5577
40.5599
40.5678
40.5933
40.6664
40.8546
41.2874
42.1787
43.8209
46.5284
50.5229
55.7963
62.0262
68.6120
74.8419
80.1154
84.1098
86.8173
88.4595
89.3508
89.7837
89.9696
90.0348
90.0348
89.9696
89.7837
89.3508
88.4595
86.8173
84.1098
80.1154
74.8401
68.6039
61.9978
55.7095
50.2857
45.9455
42.5260
39.5721
36.5182
32.8946
28.4942
23.4447
18.1587
13.1745
8.9600
5.7693
3.6066
2.2949
1.5829
1.2371
1.0869
1.0284
1.0081
1.0018
1.0000
1.0000
1.0000
1.0000
1.0000
1.0000
1.0000
1.0000
1.0000
1.0000
1.0000
1.0000
1.0000
1.0000
1.0000
1.0000
1.0019
1.0089
1.0313
1.0956
1.2611
1.6418
2.4256
3.8698
6.2509
9.7637
14.4036
19.8903
25.7076
31.2595
36.0853
40.0311
43.3034
46.3898
49.8811
54.2563
59.6952
65.9894
72.5976
78.8344
84.1098
88.1043
90.8118
92.4540
93.3453
93.7781
93.9640
94.0293
94.0293
93.9640
93.7781
93.3453
92.4540
90.8118
88.1043
84.1098
78.8363
72.6065
66.0207
59.7908
54.5173
50.5229
47.8154
46.1732
45.2819
44.8490
44.6609
44.5877
44.5623
44.5544
44.5522
44.5522
44.5522
44.5522
44.5522
44.5522
44.5522
44.5522
44.5522
44.5522
44.5522
44.5522
44.5522
44.5522
44.5522
44.5522
44.5522
44.5522
44.5522
44.5522
44.5522
44.5522
44.5522
44.5522
44.5522
44.5522
44.5522
44.5522
44.5522
44.5522
44.5522
44.5522
44.5522
44.5522
44.5522
44.5522
44.5522
44.5522
44.5522
44.5522
44.5522
44.5522
44.5522
44.5522
44.5522
44.5522
44.5522
44.5522
44.5522
44.5522
44.5522
44.5522
44.5522
44.5522
44.5522
44.5522
44.5522
44.5522
44.5522
44.5522
44.5522
44.5522
44.5522
44.5522
44.5522
44.5522
44.5522
44.5522
44.5522
44.5522
44.5522
44.5522
44.5522
44.5522
44.5522
44.5522
44.5544
44.5623
44.5877
44.6609
44.8490
45.2819
46.1732
47.8154
50.5229
54.5173
59.7908
66.0207
72.6065
78.8363
84.1098
88.1043
90.8118
92.4540
93.3453
93.7781
93.9640
94.0293
94.0293
93.9640
93.7781
93.3453
92.4540
90.8118
88.1043
84.1098
78.8344
72.5976
65.9894
59.6952
54.2563
49.8811
46.3898
43.3034
40.0311
36.0853
31.2595
25.7076
19.8903
14.4036
9.7637
6.2509
3.8698
2.4256
1.6418
1.2611
1.0956
1.0313
1.0089
1.0019
1.0000
1.0000
1.0000
1.0000
1.0000
1.0000
1.0000
1.0000
1.0000
1.0000
1.0000
1.0000
1.0000
1.0000
1.0000
1.0000
1.0021
1.0095
1.0333
1.1016
1.2773
1.6817
2.5142
4.0482
6.5773
10.3086
15.2368
21.0641
27.2413
33.1339
38.2480
42.4121
45.8325
49.0086
52.5487
56.9475
62.3967
68.6949
75.3045
81.5418
86.8173
90.8118
93.5193
95.1615
96.0528
96.4856
96.6715
96.7368
96.7368
96.6715
96.4856
96.0528
95.1615
93.5193
90.8118
86.8173
81.5438
75.3140
68.7282
62.4983
57.2248
53.2304
50.5229
48.8807
47.9894
47.5565
47.3684
47.2952
47.2698
47.2619
47.2596
47.2596
47.2596
47.2596
47.2596
47.2596
47.2596
47.2596
47.2596
47.2596
47.2596
47.2596
47.2596
47.2596
47.2596
47.2596
47.2596
47.2596
47.2596
47.2596
47.2596
47.2596
47.2596
47.2596
47.2596
47.2596
47.2596
47.2596
47.2596
47.2596
47.2596
47.2596
47.2596
47.2596
47.2596
47.2596
47.2596
47.2596
47.2596
47.2596
47.2596
47.2596
47.2596
47.2596
47.2596
47.2596
47.2596
47.2596
47.2596
47.2596
47.2596
47.2596
47.2596
47.2596
47.2596
47.2596
47.2596
47.2596
47.2596
47.2596
47.2596
47.2596
47.2596
47.2596
47.2596
47.2596
47.2596
47.2596
47.2596
47.2596
47.2596
47.2596
47.2596
47.2596
47.2596
47.2596
47.2619
47.2698
47.2952
47.3684
47.5565
47.9894
48.8807
50.5229
53.2304
57.2248
62.4983
68.7282
75.3140
81.5438
86.8173
90.8118
93.5193
95.1615
96.0528
96.4856
96.6715
96.7368
96.7368
96.6715
96.4856
96.0528
95.1615
93.5193
90.8118
86.8173
81.5418
75.3045
68.6949
62.3967
56.9475
52.5487
49.0086
45.8325
42.4121
38.2480
33.1339
27.2413
21.0641
15.2368
10.3086
6.5773
4.0482
2.5142
1.6817
1.2773
1.1016
1.0333
1.0095
1.0021
1.0000
1.0000
1.0000
1.0000
1.0000
1.0000
1.0000
1.0000
1.0000
1.0000
1.0000
1.0000
1.0000
1.0000
1.0000
1.0000
1.0021
1.0098
1.0344
1.1052
1.2872
1.7059
2.5680
4.1564
6.7753
10.6390
15.7421
21.7759
28.1716
34.2707
39.5597
43.8563
47.3665
50.5971
54.1667
58.5798
64.0353
70.3359
76.9463
83.1839
88.4595
92.4540
95.1615
96.8036
97.6949
98.1278
98.3137
98.3790
98.3790
98.3137
98.1278
97.6949
96.8036
95.1615
92.4540
88.4595
83.1860
76.9561
70.3704
64.1405
58.8670
54.8725
52.1650
50.5229
49.6316
49.1987
49.0106
48.9374
48.9120
48.9040
48.9018
48.9018
48.9018
48.9018
48.9018
48.9018
48.9018
48.9018
48.9018
48.9018
48.9018
48.9018
48.9018
48.9018
48.9018
48.9018
48.9018
48.9018
48.9018
48.9018
48.9018
48.9018
48.9018
48.9018
48.9018
48.9018
48.9018
48.9018
48.9018
48.9018
48.9018
48.9018
48.9018
48.9018
48.9018
48.9018
48.9018
48.9018
48.9018
48.9018
48.9018
48.9018
48.9018
48.9018
48.9018
48.9018
48.9018
48.9018
48.9018
48.9018
48.9018
48.9018
48.9018
48.9018
48.9018
48.9018
48.9018
48.9018
48.9018
48.9018
48.9018
48.9018
48.9018
48.9018
48.9018
48.9018
48.9018
48.9018
48.9018
48.9018
48.9018
48.9018
48.9018
48.9018
48.9018
48.9018
48.9040
48.9120
48.9374
49.0106
49.1987
49.6316
50.5229
52.1650
54.8725
58.8670
64.1405
70.3704
76.9561
83.1860
88.4595
92.4540
95.1615
96.8036
97.6949
98.1278
98.3137
98.3790
98.3790
98.3137
98.1278
97.6949
96.8036
95.1615
92.4540
88.4595
83.1839
76.9463
70.3359
64.0353
58.5798
54.1667
50.5971
47.3665
43.8563
39.5597
34.2707
28.1716
21.7759
15.7421
10.6390
6.7753
4.1564
2.5680
1.7059
1.2872
1.1052
1.0344
1.0098
1.0021
1.0000
1.0000
1.0000
1.0000
1.0000
1.0000
1.0000
1.0000
1.0000
1.0000
1.0000
1.0000
1.0000
1.0000
1.0000
1.0000
1.0022
1.0100
1.0351
1.1072
1.2925
1.7190
2.5972
4.2151
6.8827
10.8183
16.0163
22.1623
28.6765
34.8878
40.2716
44.6401
48.1990
51.4592
55.0448
59.4658
64.9246
71.2266
77.8374
84.0751
89.3508
93.3453
96.0528
97.6949
98.5862
99.0191
99.2050
99.2702
99.2702
99.2050
99.0191
98.5862
97.6949
96.0528
93.3453
89.3508
84.0773
77.8474
71.2617
65.0318
59.7583
55.7638
53.0563
51.4142
50.5229
50.0900
49.9019
49.8287
49.8032
49.7953
49.7931
49.7931
49.7931
49.7931
49.7931
49.7931
49.7931
49.7931
49.7931
49.7931
49.7931
49.7931
49.7931
49.7931
49.7931
49.7931
49.7931
49.7931
49.7931
49.7931
49.7931
49.7931
49.7931
49.7931
49.7931
49.7931
49.7931
49.7931
49.7931
49.7931
49.7931
49.7931
49.7931
49.7931
49.7931
49.7931
49.7931
49.7931
49.7931
49.7931
49.7931
49.7931
49.7931
49.7931
49.7931
49.7931
49.7931
49.7931
49.7931
49.7931
49.7931
49.7931
49.7931
49.7931
49.7931
49.7931
49.7931
49.7931
49.7931
49.7931
49.7931
49.7931
49.7931
49.7931
49.7931
49.7931
49.7931
49.7931
49.7931
49.7931
49.7931
49.7931
49.7931
49.7931
49.7931
49.7931
49.7953
49.8032
49.8287
49.9019
50.0900
50.5229
51.4142
53.0563
55.7638
59.7583
65.0318
71.2617
77.8474
84.0773
89.3508
93.3453
96.0528
97.6949
98.5862
99.0191
99.2050
99.2702
99.2702
99.2050
99.0191
98.5862
97.6949
96.0528
93.3453
89.3508
84.0751
77.8374
71.2266
64.9246
59.4658
55.0448
51.4592
48.1990
44.6401
40.2716
34.8878
28.6765
22.1623
16.0163
10.8183
6.8827
4.2151
2.5972
1.7190
1.2925
1.1072
1.0351
1.0100
1.0022
1.0000
1.0000
1.0000
1.0000
1.0000
1.0000
1.0000
1.0000
1.0000
1.0000
1.0000
1.0000
1.0000
1.0000
1.0000
1.0000
1.0022
1.0101
1.0354
1.1081
1.2951
1.7254
2.6113
4.2437
6.9349
10.9055
16.1495
22.3500
28.9217
35.1874
40.6174
45.0208
48.6034
51.8779
55.4713
59.8961
65.3565
71.6591
78.2702
84.5080
89.7837
93.7781
96.4856
98.1278
99.0191
99.4520
99.6379
99.7031
99.7031
99.6379
99.4520
99.0191
98.1278
96.4856
93.7781
89.7837
84.5102
78.2803
71.6945
65.4647
60.1912
56.1967
53.4892
51.8470
50.9557
50.5229
50.3347
50.2616
50.2361
50.2282
50.2260
50.2260
50.2260
50.2260
50.2260
50.2260
50.2260
50.2260
50.2260
50.2260
50.2260
50.2260
50.2260
50.2260
50.2260
50.2260
50.2260
50.2260
50.2260
50.2260
50.2260
50.2260
50.2260
50.2260
50.2260
50.2260
50.2260
50.2260
50.2260
50.2260
50.2260
50.2260
50.2260
50.2260
50.2260
50.2260
50.2260
50.2260
50.2260
50.2260
50.2260
50.2260
50.2260
50.2260
50.2260
50.2260
50.2260
50.2260
50.2260
50.2260
50.2260
50.2260
50.2260
50.2260
50.2260
50.2260
50.2260
50.2260
50.2260
50.2260
50.2260
50.2260
50.2260
50.2260
50.2260
50.2260
50.2260
50.2260
50.2260
50.2260
50.2260
50.2260
50.2260
50.2260
50.2260
50.2260
50.2282
50.2361
50.2616
50.3347
50.5229
50.9557
51.8470
53.4892
56.1967
60.1912
65.4647
71.6945
78.2803
84.5102
89.7837
93.7781
96.4856
98.1278
99.0191
99.4520
99.6379
99.7031
99.7031
99.6379
99.4520
99.0191
98.1278
96.4856
93.7781
89.7837
84.5080
78.2702
71.6591
65.3565
59.8961
55.4713
51.8779
48.6034
45.0208
40.6174
35.1874
28.9217
22.3500
16.1495
10.9055
6.9349
4.2437
2.6113
1.7254
1.2951
1.1081
1.0354
1.0101
1.0022
1.0000
1.0000
1.0000
1.0000
1.0000
1.0000
1.0000
1.0000
1.0000
1.0000
1.0000
1.0000
1.0000
1.0000
1.0000
1.0000
1.0022
1.0101
1.0355
1.1085
1.2962
1.7282
2.6175
4.2561
6.9576
10.9433
16.2074
22.4315
29.0283
35.3177
40.7677
45.1863
48.7791
52.0598
55.6567
60.0831
65.5443
71.8471
78.4583
84.6961
89.9718
93.9663
96.6738
98.3159
99.2072
99.6401
99.8260
99.8912
99.8912
99.8260
99.6401
99.2072
98.3159
96.6738
93.9663
89.9718
84.6983
78.4684
71.8827
65.6528
60.3793
56.3848
53.6773
52.0352
51.1439
50.7110
50.5229
50.4497
50.4242
50.4163
50.4141
50.4141
50.4141
50.4141
50.4141
50.4141
50.4141
50.4141
50.4141
50.4141
50.4141
50.4141
50.4141
50.4141
50.4141
50.4141
50.4141
50.4141
50.4141
50.4141
50.4141
50.4141
50.4141
50.4141
50.4141
50.4141
50.4141
50.4141
50.4141
50.4141
50.4141
50.4141
50.4141
50.4141
50.4141
50.4141
50.4141
50.4141
50.4141
50.4141
50.4141
50.4141
50.4141
50.4141
50.4141
50.4141
50.4141
50.4141
50.4141
50.4141
50.4141
50.4141
50.4141
50.4141
50.4141
50.4141
50.4141
50.4141
50.4141
50.4141
50.4141
50.4141
50.4141
50.4141
50.4141
50.4141
50.4141
50.4141
50.4141
50.4141
50.4141
50.4141
50.4141
50.4141
50.4141
50.4141
50.4163
50.4242
50.4497
50.5229
50.7110
51.1439
52.0352
53.6773
56.3848
60.3793
65.6528
71.8827
78.4684
84.6983
89.9718
93.9663
96.6738
98.3159
99.2072
99.6401
99.8260
99.8912
99.8912
99.8260
99.6401
99.2072
98.3159
96.6738
93.9663
89.9718
84.6961
78.4583
71.8471
65.5443
60.0831
55.6567
52.0598
48.7791
45.1863
40.7677
35.3177
29.0283
22.4315
16.2074
10.9433
6.9576
4.2561
2.6175
1.7282
1.2962
1.1085
1.0355
1.0101
1.0022
1.0000
1.0000
1.0000
1.0000
1.0000
1.0000
1.0000
1.0000
1.0000
1.0000
1.0000
1.0000
1.0000
1.0000
1.0000
1.0000
1.0022
1.0101
1.0356
1.1087
1.2967
1.7292
2.6199
4.2609
6.9664
10.9580
16.2299
22.4633
29.0698
35.3683
40.8261
45.2506
48.8474
52.1306
55.7288
60.1558
65.6173
71.9202
78.5315
84.7693
90.0449
94.0394
96.7469
98.3891
99.2804
99.7133
99.8992
99.9644
99.9644
99.8992
99.7133
99.2804
98.3891
96.7469
94.0394
90.0449
84.7715
78.5416
71.9558
65.7259
60.4525
56.4580
53.7505
52.1083
51.2170
50.7842
50.5960
50.5229
50.4974
50.4895
50.4873
50.4873
50.4873
50.4873
50.4873
50.4873
50.4873
50.4873
50.4873
50.4873
50.4873
50.4873
50.4873
50.4873
50.4873
50.4873
50.4873
50.4873
50.4873
50.4873
50.4873
50.4873
50.4873
50.4873
50.4873
50.4873
50.4873
50.4873
50.4873
50.4873
50.4873
50.4873
50.4873
50.4873
50.4873
50.4873
50.4873
50.4873
50.4873
50.4873
50.4873
50.4873
50.4873
50.4873
50.4873
50.4873
50.4873
50.4873
50.4873
50.4873
50.4873
50.4873
50.4873
50.4873
50.4873
50.4873
50.4873
50.4873
50.4873
50.4873
50.4873
50.4873
50.4873
50.4873
50.4873
50.4873
50.4873
50.4873
50.4873
50.4873
50.4873
50.4873
50.4873
50.4873
50.4873
50.4873
50.4895
50.4974
50.5229
50.5960
50.7842
51.2170
52.1083
53.7505
56.4580
60.4525
65.7259
71.9558
78.5416
84.7715
90.0449
94.0394
96.7469
98.3891
99.2804
99.7133
99.8992
99.9644
99.9644
99.8992
99.7133
99.2804
98.3891
96.7469
94.0394
90.0449
84.7693
78.5315
71.9202
65.6173
60.1558
55.7288
52.1306
48.8474
45.2506
40.8261
35.3683
29.0698
22.4633
16.2299
10.9580
6.9664
4.2609
2.6199
1.7292
1.2967
1.1087
1.0356
1.0101
1.0022
1.0000
1.0000
1.0000
1.0000
1.0000
1.0000
1.0000
1.0000
1.0000
1.0000
1.0000
1.0000
1.0000
1.0000
1.0000
1.0000
1.0022
1.0101
1.0356
1.1087
1.2968
1.7296
2.6207
4.2626
6.9695
10.9632
16.2378
22.4743
29.0842
35.3859
40.8465
45.2730
48.8712
52.1552
55.7538
60.1811
65.6427
71.9457
78.5569
84.7947
90.0704
94.0649
96.7724
98.4146
99.3058
99.7387
99.9246
99.9899
99.9899
99.9246
99.7387
99.3058
98.4146
96.7724
94.0649
90.0704
84.7969
78.5671
71.9813
65.7514
60.4779
56.4834
53.7760
52.1338
51.2425
50.8096
50.6215
50.5483
50.5229
50.5149
50.5127
50.5127
50.5127
50.5127
50.5127
50.5127
50.5127
50.5127
50.5127
50.5127
50.5127
50.5127
50.5127
50.5127
50.5127
50.5127
50.5127
50.5127
50.5127
50.5127
50.5127
50.5127
50.5127
50.5127
50.5127
50.5127
50.5127
50.5127
50.5127
50.5127
50.5127
50.5127
50.5127
50.5127
50.5127
50.5127
50.5127
50.5127
50.5127
50.5127
50.5127
50.5127
50.5127
50.5127
50.5127
50.5127
50.5127
50.5127
50.5127
50.5127
50.5127
50.5127
50.5127
50.5127
50.5127
50.5127
50.5127
50.5127
50.5127
50.5127
50.5127
50.5127
50.5127
50.5127
50.5127
50.5127
50.5127
50.5127
50.5127
50.5127
50.5127
50.5127
50.5127
50.5127
50.5127
50.5127
50.5149
50.5229
50.5483
50.6215
50.8096
51.2425
52.1338
53.7760
56.4834
60.4779
65.7514
71.9813
78.5671
84.7969
90.0704
94.0649
96.7724
98.4146
99.3058
99.7387
99.9246
99.9899
99.9899
99.9246
99.7387
99.3058
98.4146
96.7724
94.0649
90.0704
84.7947
78.5569
71.9457
65.6427
60.1811
55.7538
52.1552
48.8712
45.2730
40.8465
35.3859
29.0842
22.4743
16.2378
10.9632
6.9695
4.2626
2.6207
1.7296
1.2968
1.1087
1.0356
1.0101
1.0022
1.0000
1.0000
1.0000
1.0000
1.0000
1.0000
1.0000
1.0000
1.0000
1.0000
1.0000
1.0000
1.0000
1.0000
1.0000
1.0000
1.0022
1.0101
1.0356
1.1088
1.2969
1.7297
2.6210
4.2631
6.9705
10.9647
16.2402
22.4777
29.0887
35.3914
40.8528
45.2800
48.8786
52.1629
55.7616
60.1890
65.6506
71.9536
78.5648
84.8026
90.0783
94.0728
96.7803
98.4225
99.3138
99.7466
99.9326
99.9978
99.9978
99.9326
99.7466
99.3138
98.4225
96.7803
94.0728
90.0783
84.8049
78.5750
71.9892
65.7593
60.4859
56.4914
53.7839
52.1417
51.2504
50.8175
50.6294
50.5563
50.5308
50.5229
50.5207
50.5207
50.5207
50.5207
50.5207
50.5207
50.5207
50.5207
50.5207
50.5207
50.5207
50.5207
50.5207
50.5207
50.5207
50.5207
50.5207
50.5207
50.5207
50.5207
50.5207
50.5207
50.5207
50.5207
50.5207
50.5207
50.5207
50.5207
50.5207
50.5207
50.5207
50.5207
50.5207
50.5207
50.5207
50.5207
50.5207
50.5207
50.5207
50.5207
50.5207
50.5207
50.5207
50.5207
50.5207
50.5207
50.5207
50.5207
50.5207
50.5207
50.5207
50.5207
50.5207
50.5207
50.5207
50.5207
50.5207
50.5207
50.5207
50.5207
50.5207
50.5207
50.5207
50.5207
50.5207
50.5207
50.5207
50.5207
50.5207
50.5207
50.5207
50.5207
50.5207
50.5207
50.5207
50.5207
50.5229
50.5308
50.5563
50.6294
50.8175
51.2504
52.1417
53.7839
56.4914
60.4859
65.7593
71.9892
78.5750
84.8049
90.0783
94.0728
96.7803
98.4225
99.3138
99.7466
99.9326
99.9978
99.9978
99.9326
99.7466
99.3138
98.4225
96.7803
94.0728
90.0783
84.8026
78.5648
71.9536
65.6506
60.1890
55.7616
52.1629
48.8786
45.2800
40.8528
35.3914
29.0887
22.4777
16.2402
10.9647
6.9705
4.2631
2.6210
1.7297
1.2969
1.1088
1.0356
1.0101
1.0022
1.0000
1.0000
1.0000
1.0000
1.0000
1.0000
1.0000
1.0000
1.0000
1.0000
1.0000
1.0000
1.0000
1.0000
1.0000
1.0000
1.0022
1.0101
1.0356
1.1088
1.2969
1.7298
2.6210
4.2632
6.9707
10.9652
16.2409
22.4787
29.0899
35.3930
40.8546
45.2819
48.8807
52.1650
55.7638
60.1912
65.6528
71.9558
78.5671
84.8049
90.0805
94.0750
96.7825
98.4247
99.3160
99.7489
99.9348
100.0000
100.0000
99.9348
99.7489
99.3160
98.4247
96.7825
94.0750
90.0805
84.8071
78.5772
71.9914
65.7615
60.4881
56.4936
53.7861
52.1439
51.2526
50.8198
50.6316
50.5585
50.5330
50.5251
50.5229
50.5229
50.5229
50.5229
50.5229
50.5229
50.5229
50.5229
50.5229
50.5229
50.5229
50.5229
50.5229
50.5229
50.5229
50.5229
50.5229
50.5229
50.5229
50.5229
50.5229
50.5229
50.5229
50.5229
50.5229
50.5229
50.5229
50.5229
50.5229
50.5229
50.5229
50.5229
50.5229
50.5229
50.5229
50.5229
50.5229
50.5229
50.5229
50.5229
50.5229
50.5229
50.5229
50.5229
50.5229
50.5229
50.5229
50.5229
50.5229
50.5229
50.5229
50.5229
50.5229
50.5229
50.5229
50.5229
50.5229
50.5229
50.5229
50.5229
50.5229
50.5229
50.5229
50.5229
50.5229
50.5229
50.5229
50.5229
50.5229
50.5229
50.5229
50.5229
50.5229
50.5229
50.5229
50.5229
50.5251
50.5330
50.5585
50.6316
50.8198
51.2526
52.1439
53.7861
56.4936
60.4881
65.7615
71.9914
78.5772
84.8071
90.0805
94.0750
96.7825
98.4247
99.3160
99.7489
99.9348
100.0000
100.0000
99.9348
99.7489
99.3160
98.4247
96.7825
94.0750
90.0805
84.8049
78.5671
71.9558
65.6528
60.1912
55.7638
52.1650
48.8807
45.2819
40.8546
35.3930
29.0899
22.4787
16.2409
10.9652
6.9707
4.2632
2.6210
1.7298
1.2969
1.1088
1.0356
1.0101
1.0022
1.0000
1.0000
1.0000
1.0000
1.0000
1.0000
1.0000
1.0000
1.0000
1.0000
1.0000
1.0000
1.0000
1.0000
1.0000
1.0000
1.0022
1.0101
1.0356
1.1088
1.2969
1.7298
2.6210
4.2632
6.9707
10.9652
16.2409
22.4787
29.0899
35.3930
40.8546
45.2819
48.8807
52.1650
55.7638
60.1912
65.6528
71.9558
78.5671
84.8049
90.0805
94.0750
96.7825
98.4247
99.3160
99.7489
99.9348
100.0000
100.0000
99.9348
99.7489
99.3160
98.4247
96.7825
94.0750
90.0805
84.8071
78.5772
71.9914
65.7615
60.4881
56.4936
53.7861
52.1439
51.2526
50.8198
50.6316
50.5585
50.5330
50.5251
50.5229
50.5229
50.5229
50.5229
50.5229
50.5229
50.5229
50.5229
50.5229
50.5229
50.5229
50.5229
50.5229
50.5229
50.5229
50.5229
50.5229
50.5229
50.5229
50.5229
50.5229
50.5229
50.5229
50.5229
50.5229
50.5229
50.5229
50.5229
50.5229
50.5229
50.5229
50.5229
50.5229
50.5229
50.5229
50.5229
50.5229
50.5229
50.5229
50.5229
50.5229
50.5229
50.5229
50.5229
50.5229
50.5229
50.5229
50.5229
50.5229
50.5229
50.5229
50.5229
50.5229
50.5229
50.5229
50.5229
50.5229
50.5229
50.5229
50.5229
50.5229
50.5229
50.5229
50.5229
50.5229
50.5229
50.5229
50.5229
50.5229
50.5229
50.5229
50.5229
50.5229
50.5229
50.5229
50.5229
50.5251
50.5330
50.5585
50.6316
50.8198
51.2526
52.1439
53.7861
56.4936
60.4881
65.7615
71.9914
78.5772
84.8071
90.0805
94.0750
96.7825
98.4247
99.3160
99.7489
99.9348
100.0000
100.0000
99.9348
99.7489
99.3160
98.4247
96.7825
94.0750
90.0805
84.8049
78.5671
71.9558
65.6528
60.1912
55.7638
52.1650
48.8807
45.2819
40.8546
35.3930
29.0899
22.4787
16.2409
10.9652
6.9707
4.2632
2.6210
1.7298
1.2969
1.1088
1.0356
1.0101
1.0022
1.0000
1.0000
1.0000
1.0000
1.0000
1.0000
1.0000
1.0000
1.0000
1.0000
1.0000
1.0000
1.0000
1.0000
1.0000
1.0000
1.0022
1.0101
1.0356
1.1088
1.2969
1.7298
2.6210
4.2632
6.9707
10.9652
16.2409
22.4787
29.0899
35.3930
40.8546
45.2819
48.8807
52.1650
55.7638
60.1912
65.6528
71.9558
78.5671
84.8049
90.0805
94.0750
96.7825
98.4247
99.3160
99.7489
99.9348
100.0000
100.0000
99.9348
99.7489
99.3160
98.4247
96.7825
94.0750
90.0805
84.8071
78.5772
71.9914
65.7615
60.4881
56.4936
53.7861
52.1439
51.2526
50.8198
50.6316
50.5585
50.5330
50.5251
50.5229
50.5229
50.5229
50.5229
50.5229
50.5229
50.5229
50.5229
50.5229
50.5229
50.5229
50.5229
50.5229
50.5229
50.5229
50.5229
50.5229
50.5229
50.5229
50.5229
50.5229
50.5229
50.5229
50.5229
50.5229
50.5229
50.5229
50.5229
50.5229
50.5229
50.5229
50.5229
50.5229
50.5229
50.5229
50.5229
50.5229
50.5229
50.5229
50.5229
50.5229
50.5229
50.5229
50.5229
50.5229
50.5229
50.5229
50.5229
50.5229
50.5229
50.5229
50.5229
50.5229
50.5229
50.5229
50.5229
50.5229
50.5229
50.5229
50.5229
50.5229
50.5229
50.5229
50.5229
50.5229
50.5229
50.5229
50.5229
50.5229
50.5229
50.5229
50.5229
50.5229
50.5229
50.5229
50.5229
50.5251
50.5330
50.5585
50.6316
50.8198
51.2526
52.1439
53.7861
56.4936
60.4881
65.7615
71.9914
78.5772
84.8071
90.0805
94.0750
96.7825
98.4247
99.3160
99.7489
99.9348
100.0000
100.0000
99.9348
99.7489
99.3160
98.4247
96.7825
94.0750
90.0805
84.8049
78.5671
71.9558
65.6528
60.1912
55.7638
52.1650
48.8807
45.2819
40.8546
35.3930
29.0899
22.4787
16.2409
10.9652
6.9707
4.2632
2.6210
1.7298
1.2969
1.1088
1.0356
1.0101
1.0022
1.0000
1.0000
1.0000
1.0000
1.0000
1.0000
1.0000
1.0000
1.0000
1.0000
1.0000
1.0000
1.0000
1.0000
1.0000
1.0000
1.0022
1.0101
1.0356
1.1088
1.2969
1.7298
2.6210
4.2632
6.9707
10.9652
16.2409
22.4787
29.0899
35.3930
40.8546
45.2819
48.8807
52.1650
55.7638
60.1912
65.6528
71.9558
78.5671
84.8049
90.0805
94.0750
96.7825
98.4247
99.3160
99.7489
99.9348
100.0000
100.0000
99.9348
99.7489
99.3160
98.4247
96.7825
94.0750
90.0805
84.8071
78.5772
71.9914
65.7615
60.4881
56.4936
53.7861
52.1439
51.2526
50.8198
50.6316
50.5585
50.5330
50.5251
50.5229
50.5229
50.5229
50.5229
50.5229
50.5229
50.5229
50.5229
50.5229
50.5229
50.5229
50.5229
50.5229
50.5229
50.5229
50.5229
50.5229
50.5229
50.5229
50.5229
50.5229
50.5229
50.5229
50.5229
50.5229
50.5229
50.5229
50.5229
50.5229
50.5229
50.5229
50.5229
50.5229
50.5229
50.5229
50.5229
50.5229
50.5229
50.5229
50.5229
50.5229
50.5229
50.5229
50.5229
50.5229
50.5229
50.5229
50.5229
50.5229
50.5229
50.5229
50.5229
50.5229
50.5229
50.5229
50.5229
50.5229
50.5229
50.5229
50.5229
50.5229
50.5229
50.5229
50.5229
50.5229
50.5229
50.5229
50.5229
50.5229
50.5229
50.5229
50.5229
50.5229
50.5229
50.5229
50.5229
50.5251
50.5330
50.5585
50.6316
50.8198
51.2526
52.1439
53.7861
56.4936
60.4881
65.7615
71.9914
78.5772
84.8071
90.0805
94.0750
96.7825
98.4247
99.3160
99.7489
99.9348
100.0000
100.0000
99.9348
99.7489
99.3160
98.4247
96.7825
94.0750
90.0805
84.8049
78.5671
71.9558
65.6528
60.1912
55.7638
52.1650
48.8807
45.2819
40.8546
35.3930
29.0899
22.4787
16.2409
10.9652
6.9707
4.2632
2.6210
1.7298
1.2969
1.1088
1.0356
1.0101
1.0022
1.0000
1.0000
1.0000
1.0000
1.0000
1.0000
1.0000
1.0000
1.0000
1.0000
1.0000
1.0000
1.0000
1.0000
1.0000
1.0000
1.0022
1.0101
1.0356
1.1088
1.2969
1.7298
2.6210
4.2632
6.9707
10.9652
16.2409
22.4787
29.0899
35.3930
40.8546
45.2819
48.8807
52.1650
55.7638
60.1912
65.6528
71.9558
78.5671
84.8049
90.0805
94.0750
96.7825
98.4247
99.3160
99.7489
99.9348
100.0000
100.0000
99.9348
99.7489
99.3160
98.4247
96.7825
94.0750
90.0805
84.8071
78.5772
71.9914
65.7615
60.4881
56.4936
53.7861
52.1439
51.2526
50.8198
50.6316
50.5585
50.5330
50.5251
50.5229
50.5229
50.5229
50.5229
50.5229
50.5229
50.5229
50.5229
50.5229
50.5229
50.5229
50.5229
50.5229
50.5229
50.5229
50.5229
50.5229
50.5229
50.5229
50.5229
50.5229
50.5229
50.5229
50.5229
50.5229
50.5229
50.5229
50.5229
50.5229
50.5229
50.5229
50.5229
50.5229
50.5229
50.5229
50.5229
50.5229
50.5229
50.5229
50.5229
50.5229
50.5229
50.5229
50.5229
50.5229
50.5229
50.5229
50.5229
50.5229
50.5229
50.5229
50.5229
50.5229
50.5229
50.5229
50.5229
50.5229
50.5229
50.5229
50.5229
50.5229
50.5229
50.5229
50.5229
50.5229
50.5229
50.5229
50.5229
50.5229
50.5229
50.5229
50.5229
50.5229
50.5229
50.5229
50.5229
50.5251
50.5330
50.5585
50.6316
50.8198
51.2526
52.1439
53.7861
56.4936
60.4881
65.7615
71.9914
78.5772
84.8071
90.0805
94.0750
96.7825
98.4247
99.3160
99.7489
99.9348
100.0000
100.0000
99.9348
99.7489
99.3160
98.4247
96.7825
94.0750
90.0805
84.8049
78.5671
71.9558
65.6528
60.1912
55.7638
52.1650
48.8807
45.2819
40.8546
35.3930
29.0899
22.4787
16.2409
10.9652
6.9707
4.2632
2.6210
1.7298
1.2969
1.1088
1.0356
1.0101
1.0022
1.0000
1.0000
1.0000
1.0000
1.0000
1.0000
1.0000
1.0000
1.0000
1.0000
1.0000
1.0000
1.0000
1.0000
1.0000
1.0000
1.0022
1.0101
1.0356
1.1088
1.2969
1.7298
2.6210
4.2632
6.9707
10.9652
16.2409
22.4787
29.0899
35.3930
40.8546
45.2819
48.8807
52.1650
55.7638
60.1912
65.6528
71.9558
78.5671
84.8049
90.0805
94.0750
96.7825
98.4247
99.3160
99.7489
99.9348
100.0000
100.0000
99.9348
99.7489
99.3160
98.4247
96.7825
94.0750
90.0805
84.8071
78.5772
71.9914
65.7615
60.4881
56.4936
53.7861
52.1439
51.2526
50.8198
50.6316
50.5585
50.5330
50.5251
50.5229
50.5229
50.5229
50.5229
50.5229
50.5229
50.5229
50.5229
50.5229
50.5229
50.5229
50.5229
50.5229
50.5229
50.5229
50.5229
50.5229
50.5229
50.5229
50.5229
50.5229
50.5229
50.5229
50.5229
50.5229
50.5229
50.5229
50.5229
50.5229
50.5229
50.5229
50.5229
50.5229
50.5229
50.5229
50.5229
50.5229
50.5229
50.5229
50.5229
50.5229
50.5229
50.5229
50.5229
50.5229
50.5229
50.5229
50.5229
50.5229
50.5229
50.5229
50.5229
50.5229
50.5229
50.5229
50.5229
50.5229
50.5229
50.5229
50.5229
50.5229
50.5229
50.5229
50.5229
50.5229
50.5229
50.5229
50.5229
50.5229
50.5229
50.5229
50.5229
50.5229
50.5229
50.5229
50.5229
50.5251
50.5330
50.5585
50.6316
50.8198
51.2526
52.1439
53.7861
56.4936
60.4881
65.7615
71.9914
78.5772
84.8071
90.0805
94.0750
96.7825
98.4247
99.3160
99.7489
99.9348
100.0000
100.0000
99.9348
99.7489
99.3160
98.4247
96.7825
94.0750
90.0805
84.8049
78.5671
71.9558
65.6528
60.1912
55.7638
52.1650
48.8807
45.2819
40.8546
35.3930
29.0899
22.4787
16.2409
10.9652
6.9707
4.2632
2.6210
1.7298
1.2969
1.1088
1.0356
1.0101
1.0022
1.0000
1.0000
1.0000
1.0000
1.0000
1.0000
1.0000
1.0000
1.0000
1.0000
1.0000
1.0000
1.0000
1.0000
1.0000
1.0000
1.0022
1.0101
1.0356
1.1088
1.2969
1.7298
2.6210
4.2632
6.9707
10.9652
16.2409
22.4787
29.0899
35.3930
40.8546
45.2819
48.8807
52.1650
55.7638
60.1912
65.6528
71.9558
78.5671
84.8049
90.0805
94.0750
96.7825
98.4247
99.3160
99.7489
99.9348
100.0000
100.0000
99.9348
99.7489
99.3160
98.4247
96.7825
94.0750
90.0805
84.8071
78.5772
71.9914
65.7615
60.4881
56.4936
53.7861
52.1439
51.2526
50.8198
50.6316
50.5585
50.5330
50.5251
50.5229
50.5229
50.5229
50.5229
50.5229
50.5229
50.5229
50.5229
50.5229
50.5229
50.5229
50.5229
50.5229
50.5229
50.5229
50.5229
50.5229
50.5229
50.5229
50.5229
50.5229
50.5229
50.5229
50.5229
50.5229
50.5229
50.5229
50.5229
50.5229
50.5229
50.5229
50.5229
50.5229
50.5229
50.5229
50.5229
50.5229
50.5229
50.5229
50.5229
50.5229
50.5229
50.5229
50.5229
50.5229
50.5229
50.5229
50.5229
50.5229
50.5229
50.5229
50.5229
50.5229
50.5229
50.5229
50.5229
50.5229
50.5229
50.5229
50.5229
50.5229
50.5229
50.5229
50.5229
50.5229
50.5229
50.5229
50.5229
50.5229
50.5229
50.5229
50.5229
50.5229
50.5229
50.5229
50.5229
50.5251
50.5330
50.5585
50.6316
50.8198
51.2526
52.1439
53.7861
56.4936
60.4881
65.7615
71.9914
78.5772
84.8071
90.0805
94.0750
96.7825
98.4247
99.3160
99.7489
99.9348
100.0000
100.0000
99.9348
99.7489
99.3160
98.4247
96.7825
94.0750
90.0805
84.8049
78.5671
71.9558
65.6528
60.1912
55.7638
52.1650
48.8807
45.2819
40.8546
35.3930
29.0899
22.4787
16.2409
10.9652
6.9707
4.2632
2.6210
1.7298
1.2969
1.1088
1.0356
1.0101
1.0022
1.0000
1.0000
1.0000
1.0000
1.0000
1.0000
1.0000
1.0000
1.0000
1.0000
1.0000
1.0000
1.0000
1.0000
1.0000
1.0000
1.0022
1.0101
1.0356
1.1088
1.2969
1.7298
2.6210
4.2632
6.9707
10.9652
16.2409
22.4787
29.0899
35.3930
40.8546
45.2819
48.8807
52.1650
55.7638
60.1912
65.6528
71.9558
78.5671
84.8049
90.0805
94.0750
96.7825
98.4247
99.3160
99.7489
99.9348
100.0000
100.0000
99.9348
99.7489
99.3160
98.4247
96.7825
94.0750
90.0805
84.8071
78.5772
71.9914
65.7615
60.4881
56.4936
53.7861
52.1439
51.2526
50.8198
50.6316
50.5585
50.5330
50.5251
50.5229
50.5229
50.5229
50.5229
50.5229
50.5229
50.5229
50.5229
50.5229
50.5229
50.5229
50.5229
50.5229
50.5229
50.5229
50.5229
50.5229
50.5229
50.5229
50.5229
50.5229
50.5229
50.5229
50.5229
50.5229
50.5229
50.5229
50.5229
50.5229
50.5229
50.5229
50.5229
50.5229
50.5229
50.5229
50.5229
50.5229
50.5229
50.5229
50.5229
50.5229
50.5229
50.5229
50.5229
50.5229
50.5229
50.5229
50.5229
50.5229
50.5229
50.5229
50.5229
50.5229
50.5229
50.5229
50.5229
50.5229
50.5229
50.5229
50.5229
50.5229
50.5229
50.5229
50.5229
50.5229
50.5229
50.5229
50.5229
50.5229
50.5229
50.5229
50.5229
50.5229
50.5229
50.5229
50.5229
50.5251
50.5330
50.5585
50.6316
50.8198
51.2526
52.1439
53.7861
56.4936
60.4881
65.7615
71.9914
78.5772
84.8071
90.0805
94.0750
96.7825
98.4247
99.3160
99.7489
99.9348
100.0000
100.0000
99.9348
99.7489
99.3160
98.4247
96.7825
94.0750
90.0805
84.8049
78.5671
71.9558
65.6528
60.1912
55.7638
52.1650
48.8807
45.2819
40.8546
35.3930
29.0899
22.4787
16.2409
10.9652
6.9707
4.2632
2.6210
1.7298
1.2969
1.1088
1.0356
1.0101
1.0022
1.0000
1.0000
1.0000
1.0000
1.0000
1.0000
1.0000
1.0000
1.0000
1.0000
1.0000
1.0000
1.0000
1.0000
1.0000
1.0000
1.0022
1.0101
1.0356
1.1088
1.2969
1.7298
2.6210
4.2632
6.9707
10.9652
16.2409
22.4787
29.0899
35.3930
40.8546
45.2819
48.8807
52.1650
55.7638
60.1912
65.6528
71.9558
78.5671
84.8049
90.0805
94.0750
96.7825
98.4247
99.3160
99.7489
99.9348
100.0000
100.0000
99.9348
99.7489
99.3160
98.4247
96.7825
94.0750
90.0805
84.8071
78.5772
71.9914
65.7615
60.4881
56.4936
53.7861
52.1439
51.2526
50.8198
50.6316
50.5585
50.5330
50.5251
50.5229
50.5229
50.5229
50.5229
50.5229
50.5229
50.5229
50.5229
50.5229
50.5229
50.5229
50.5229
50.5229
50.5229
50.5229
50.5229
50.5229
50.5229
50.5229
50.5229
50.5229
50.5229
50.5229
50.5229
50.5229
50.5229
50.5229
50.5229
50.5229
50.5229
50.5229
50.5229
50.5229
50.5229
50.5229
50.5229
50.5229
50.5229
50.5229
50.5229
50.5229
50.5229
50.5229
50.5229
50.5229
50.5229
50.5229
50.5229
50.5229
50.5229
50.5229
50.5229
50.5229
50.5229
50.5229
50.5229
50.5229
50.5229
50.5229
50.5229
50.5229
50.5229
50.5229
50.5229
50.5229
50.5229
50.5229
50.5229
50.5229
50.5229
50.5229
50.5229
50.5229
50.5229
50.5229
50.5229
50.5251
50.5330
50.5585
50.6316
50.8198
51.2526
52.1439
53.7861
56.4936
60.4881
65.7615
71.9914
78.5772
84.8071
90.0805
94.0750
96.7825
98.4247
99.3160
99.7489
99.9348
100.0000
100.0000
99.9348
99.7489
99.3160
98.4247
96.7825
94.0750
90.0805
84.8049
78.5671
71.9558
65.6528
60.1912
55.7638
52.1650
48.8807
45.2819
40.8546
35.3930
29.0899
22.4787
16.2409
10.9652
6.9707
4.2632
2.6210
1.7298
1.2969
1.1088
1.0356
1.0101
1.0022
1.0000
1.0000
1.0000
1.0000
1.0000
1.0000
1.0000
1.0000
1.0000
1.0000
1.0000
1.0000
1.0000
1.0000
1.0000
1.0000
1.0022
1.0101
1.0356
1.1088
1.2969
1.7298
2.6210
4.2632
6.9707
10.9652
16.2409
22.4787
29.0899
35.3930
40.8546
45.2819
48.8807
52.1650
55.7638
60.1912
65.6528
71.9558
78.5671
84.8049
90.0805
94.0750
96.7825
98.4247
99.3160
99.7489
99.9348
100.0000
100.0000
99.9348
99.7489
99.3160
98.4247
96.7825
94.0750
90.0805
84.8071
78.5772
71.9914
65.7615
60.4881
56.4936
53.7861
52.1439
51.2526
50.8198
50.6316
50.5585
50.5330
50.5251
50.5229
50.5229
50.5229
50.5229
50.5229
50.5229
50.5229
50.5229
50.5229
50.5229
50.5229
50.5229
50.5229
50.5229
50.5229
50.5229
50.5229
50.5229
50.5229
50.5229
50.5229
50.5229
50.5229
50.5229
50.5229
50.5229
50.5229
50.5229
50.5229
50.5229
50.5229
50.5229
50.5229
50.5229
50.5229
50.5229
50.5229
50.5229
50.5229
50.5229
50.5229
50.5229
50.5229
50.5229
50.5229
50.5229
50.5229
50.5229
50.5229
50.5229
50.5229
50.5229
50.5229
50.5229
50.5229
50.5229
50.5229
50.5229
50.5229
50.5229
50.5229
50.5229
50.5229
50.5229
50.5229
50.5229
50.5229
50.5229
50.5229
50.5229
50.5229
50.5229
50.5229
50.5229
50.5229
50.5229
50.5251
50.5330
50.5585
50.6316
50.8198
51.2526
52.1439
53.7861
56.4936
60.4881
65.7615
71.9914
78.5772
84.8071
90.0805
94.0750
96.7825
98.4247
99.3160
99.7489
99.9348
100.0000
100.0000
99.9348
99.7489
99.3160
98.4247
96.7825
94.0750
90.0805
84.8049
78.5671
71.9558
65.6528
60.1912
55.7638
52.1650
48.8807
45.2819
40.8546
35.3930
29.0899
22.4787
16.2409
10.9652
6.9707
4.2632
2.6210
1.7298
1.2969
1.1088
1.0356
1.0101
1.0022
1.0000
1.0000
1.0000
1.0000
1.0000
1.0000
1.0000
1.0000
1.0000
1.0000
1.0000
1.0000
1.0000
1.0000
1.0000
1.0000
1.0022
1.0101
1.0356
1.1088
1.2969
1.7298
2.6210
4.2632
6.9707
10.9652
16.2409
22.4787
29.0899
35.3930
40.8546
45.2819
48.8807
52.1650
55.7638
60.1912
65.6528
71.9558
78.5671
84.8049
90.0805
94.0750
96.7825
98.4247
99.3160
99.7489
99.9348
100.0000
100.0000
99.9348
99.7489
99.3160
98.4247
96.7825
94.0750
90.0805
84.8071
78.5772
71.9914
65.7615
60.4881
56.4936
53.7861
52.1439
51.2526
50.8198
50.6316
50.5585
50.5330
50.5251
50.5229
50.5229
50.5229
50.5229
50.5229
50.5229
50.5229
50.5229
50.5229
50.5229
50.5229
50.5229
50.5229
50.5229
50.5229
50.5229
50.5229
50.5229
50.5229
50.5229
50.5229
50.5229
50.5229
50.5229
50.5229
50.5229
50.5229
50.5229
50.5229
50.5229
50.5229
50.5229
50.5229
50.5229
50.5229
50.5229
50.5229
50.5229
50.5229
50.5229
50.5229
50.5229
50.5229
50.5229
50.5229
50.5229
50.5229
50.5229
50.5229
50.5229
50.5229
50.5229
50.5229
50.5229
50.5229
50.5229
50.5229
50.5229
50.5229
50.5229
50.5229
50.5229
50.5229
50.5229
50.5229
50.5229
50.5229
50.5229
50.5229
50.5229
50.5229
50.5229
50.5229
50.5229
50.5229
50.5229
50.5251
50.5330
50.5585
50.6316
50.8198
51.2526
52.1439
53.7861
56.4936
60.4881
65.7615
71.9914
78.5772
84.8071
90.0805
94.0750
96.7825
98.4247
99.3160
99.7489
99.9348
100.0000
100.0000
99.9348
99.7489
99.3160
98.4247
96.7825
94.0750
90.0805
84.8049
78.5671
71.9558
65.6528
60.1912
55.7638
52.1650
48.8807
45.2819
40.8546
35.3930
29.0899
22.4787
16.2409
10.9652
6.9707
4.2632
2.6210
1.7298
1.2969
1.1088
1.0356
1.0101
1.0022
1.0000
1.0000
1.0000
1.0000
1.0000
1.0000
1.0000
1.0000
1.0000
1.0000
1.0000
1.0000
1.0000
1.0000
1.0000
1.0000
1.0022
1.0101
1.0356
1.1088
1.2969
1.7298
2.6210
4.2632
6.9707
10.9652
16.2409
22.4787
29.0899
35.3930
40.8546
45.2819
48.8807
52.1650
55.7638
60.1912
65.6528
71.9558
78.5671
84.8049
90.0805
94.0750
96.7825
98.4247
99.3160
99.7489
99.9348
100.0000
100.0000
99.9348
99.7489
99.3160
98.4247
96.7825
94.0750
90.0805
84.8071
78.5772
71.9914
65.7615
60.4881
56.4936
53.7861
52.1439
51.2526
50.8198
50.6316
50.5585
50.5330
50.5251
50.5229
50.5229
50.5229
50.5229
50.5229
50.5229
50.5229
50.5229
50.5229
50.5229
50.5229
50.5229
50.5229
50.5229
50.5229
50.5229
50.5229
50.5229
50.5229
50.5229
50.5229
50.5229
50.5229
50.5229
50.5229
50.5229
50.5229
50.5229
50.5229
50.5229
50.5229
50.5229
50.5229
50.5229
50.5229
50.5229
50.5229
50.5229
50.5229
50.5229
50.5229
50.5229
50.5229
50.5229
50.5229
50.5229
50.5229
50.5229
50.5229
50.5229
50.5229
50.5229
50.5229
50.5229
50.5229
50.5229
50.5229
50.5229
50.5229
50.5229
50.5229
50.5229
50.5229
50.5229
50.5229
50.5229
50.5229
50.5229
50.5229
50.5229
50.5229
50.5229
50.5229
50.5229
50.5229
50.5229
50.5251
50.5330
50.5585
50.6316
50.8198
51.2526
52.1439
53.7861
56.4936
60.4881
65.7615
71.9914
78.5772
84.8071
90.0805
94.0750
96.7825
98.4247
99.3160
99.7489
99.9348
100.0000
100.0000
99.9348
99.7489
99.3160
98.4247
96.7825
94.0750
90.0805
84.8049
78.5671
71.9558
65.6528
60.1912
55.7638
52.1650
48.8807
45.2819
40.8546
35.3930
29.0899
22.4787
16.2409
10.9652
6.9707
4.2632
2.6210
1.7298
1.2969
1.1088
1.0356
1.0101
1.0022
1.0000
1.0000
1.0000
1.0000
1.0000
1.0000
1.0000
1.0000
1.0000
1.0000
1.0000
1.0000
1.0000
1.0000
1.0000
1.0000
1.0022
1.0101
1.0356
1.1088
1.2969
1.7298
2.6210
4.2632
6.9707
10.9652
16.2409
22.4787
29.0899
35.3930
40.8546
45.2819
48.8807
52.1650
55.7638
60.1912
65.6528
71.9558
78.5671
84.8049
90.0805
94.0750
96.7825
98.4247
99.3160
99.7489
99.9348
100.0000
100.0000
99.9348
99.7489
99.3160
98.4247
96.7825
94.0750
90.0805
84.8071
78.5772
71.9914
65.7615
60.4881
56.4936
53.7861
52.1439
51.2526
50.8198
50.6316
50.5585
50.5330
50.5251
50.5229
50.5229
50.5229
50.5229
50.5229
50.5229
50.5229
50.5229
50.5229
50.5229
50.5229
50.5229
50.5229
50.5229
50.5229
50.5229
50.5229
50.5229
50.5229
50.5229
50.5229
50.5229
50.5229
50.5229
50.5229
50.5229
50.5229
50.5229
50.5229
50.5229
50.5229
50.5229
50.5229
50.5229
50.5229
50.5229
50.5229
50.5229
50.5229
50.5229
50.5229
50.5229
50.5229
50.5229
50.5229
50.5229
50.5229
50.5229
50.5229
50.5229
50.5229
50.5229
50.5229
50.5229
50.5229
50.5229
50.5229
50.5229
50.5229
50.5229
50.5229
50.5229
50.5229
50.5229
50.5229
50.5229
50.5229
50.5229
50.5229
50.5229
50.5229
50.5229
50.5229
50.5229
50.5229
50.5229
50.5251
50.5330
50.5585
50.6316
50.8198
51.2526
52.1439
53.7861
56.4936
60.4881
65.7615
71.9914
78.5772
84.8071
90.0805
94.0750
96.7825
98.4247
99.3160
99.7489
99.9348
100.0000
100.0000
99.9348
99.7489
99.3160
98.4247
96.7825
94.0750
90.0805
84.8049
78.5671
71.9558
65.6528
60.1912
55.7638
52.1650
48.8807
45.2819
40.8546
35.3930
29.0899
22.4787
16.2409
10.9652
6.9707
4.2632
2.6210
1.7298
1.2969
1.1088
1.0356
1.0101
1.0022
1.0000
1.0000
1.0000
1.0000
1.0000
1.0000
1.0000
1.0000
1.0000
1.0000
1.0000
1.0000
1.0000
1.0000
1.0000
1.0000
1.0022
1.0101
1.0356
1.1088
1.2969
1.7298
2.6210
4.2632
6.9707
10.9652
16.2409
22.4787
29.0899
35.3930
40.8546
45.2819
48.8807
52.1650
55.7638
60.1912
65.6528
71.9558
78.5671
84.8049
90.0805
94.0750
96.7825
98.4247
99.3160
99.7489
99.9348
100.0000
100.0000
99.9348
99.7489
99.3160
98.4247
96.7825
94.0750
90.0805
84.8071
78.5772
71.9914
65.7615
60.4881
56.4936
53.7861
52.1439
51.2526
50.8198
50.6316
50.5585
50.5330
50.5251
50.5229
50.5229
50.5229
50.5229
50.5229
50.5229
50.5229
50.5229
50.5229
50.5229
50.5229
50.5229
50.5229
50.5229
50.5229
50.5229
50.5229
50.5229
50.5229
50.5229
50.5229
50.5229
50.5229
50.5229
50.5229
50.5229
50.5229
50.5229
50.5229
50.5229
50.5229
50.5229
50.5229
50.5229
50.5229
50.5229
50.5229
50.5229
50.5229
50.5229
50.5229
50.5229
50.5229
50.5229
50.5229
50.5229
50.5229
50.5229
50.5229
50.5229
50.5229
50.5229
50.5229
50.5229
50.5229
50.5229
50.5229
50.5229
50.5229
50.5229
50.5229
50.5229
50.5229
50.5229
50.5229
50.5229
50.5229
50.5229
50.5229
50.5229
50.5229
50.5229
50.5229
50.5229
50.5229
50.5229
50.5251
50.5330
50.5585
50.6316
50.8198
51.2526
52.1439
53.7861
56.4936
60.4881
65.7615
71.9914
78.5772
84.8071
90.0805
94.0750
96.7825
98.4247
99.3160
99.7489
99.9348
100.0000
100.0000
99.9348
99.7489
99.3160
98.4247
96.7825
94.0750
90.0805
84.8049
78.5671
71.9558
65.6528
60.1912
55.7638
52.1650
48.8807
45.2819
40.8546
35.3930
29.0899
22.4787
16.2409
10.9652
6.9707
4.2632
2.6210
1.7298
1.2969
1.1088
1.0356
1.0101
1.0022
1.0000
1.0000
1.0000
1.0000
1.0000
1.0000
1.0000
1.0000
1.0000
1.0000
1.0000
1.0000
1.0000
1.0000
1.0000
1.0000
1.0022
1.0101
1.0356
1.1088
1.2969
1.7298
2.6210
4.2632
6.9707
10.9652
16.2409
22.4787
29.0899
35.3930
40.8546
45.2819
48.8807
52.1650
55.7638
60.1912
65.6528
71.9558
78.5671
84.8049
90.0805
94.0750
96.7825
98.4247
99.3160
99.7489
99.9348
100.0000
100.0000
99.9348
99.7489
99.3160
98.4247
96.7825
94.0750
90.0805
84.8071
78.5772
71.9914
65.7615
60.4881
56.4936
53.7861
52.1439
51.2526
50.8198
50.6316
50.5585
50.5330
50.5251
50.5229
50.5229
50.5229
50.5229
50.5229
50.5229
50.5229
50.5229
50.5229
50.5229
50.5229
50.5229
50.5229
50.5229
50.5229
50.5229
50.5229
50.5229
50.5229
50.5229
50.5229
50.5229
50.5229
50.5229
50.5229
50.5229
50.5229
50.5229
50.5229
50.5229
50.5229
50.5229
50.5229
50.5229
50.5229
50.5229
50.5229
50.5229
50.5229
50.5229
50.5229
50.5229
50.5229
50.5229
50.5229
50.5229
50.5229
50.5229
50.5229
50.5229
50.5229
50.5229
50.5229
50.5229
50.5229
50.5229
50.5229
50.5229
50.5229
50.5229
50.5229
50.5229
50.5229
50.5229
50.5229
50.5229
50.5229
50.5229
50.5229
50.5229
50.5229
50.5229
50.5229
50.5229
50.5229
50.5229
50.5251
50.5330
50.5585
50.6316
50.8198
51.2526
52.1439
53.7861
56.4936
60.4881
65.7615
71.9914
78.5772
84.8071
90.0805
94.0750
96.7825
98.4247
99.3160
99.7489
99.9348
100.0000
100.0000
99.9348
99.7489
99.3160
98.4247
96.7825
94.0750
90.0805
84.8049
78.5671
71.9558
65.6528
60.1912
55.7638
52.1650
48.8807
45.2819
40.8546
35.3930
29.0899
22.4787
16.2409
10.9652
6.9707
4.2632
2.6210
1.7298
1.2969
1.1088
1.0356
1.0101
1.0022
1.0000
1.0000
1.0000
1.0000
1.0000
1.0000
1.0000
1.0000
1.0000
1.0000
1.0000
1.0000
1.0000
1.0000
1.0000
1.0000
1.0022
1.0101
1.0356
1.1088
1.2969
1.7298
2.6210
4.2632
6.9707
10.9652
16.2409
22.4787
29.0899
35.3930
40.8546
45.2819
48.8807
52.1650
55.7638
60.1912
65.6528
71.9558
78.5671
84.8049
90.0805
94.0750
96.7825
98.4247
99.3160
99.7489
99.9348
100.0000
100.0000
99.9348
99.7489
99.3160
98.4247
96.7825
94.0750
90.0805
84.8071
78.5772
71.9914
65.7615
60.4881
56.4936
53.7861
52.1439
51.2526
50.8198
50.6316
50.5585
50.5330
50.5251
50.5229
50.5229
50.5229
50.5229
50.5229
50.5229
50.5229
50.5229
50.5229
50.5229
50.5229
50.5229
50.5229
50.5229
50.5229
50.5229
50.5229
50.5229
50.5229
50.5229
50.5229
50.5229
50.5229
50.5229
50.5229
50.5229
50.5229
50.5229
50.5229
50.5229
50.5229
50.5229
50.5229
50.5229
50.5229
50.5229
50.5229
50.5229
50.5229
50.5229
50.5229
50.5229
50.5229
50.5229
50.5229
50.5229
50.5229
50.5229
50.5229
50.5229
50.5229
50.5229
50.5229
50.5229
50.5229
50.5229
50.5229
50.5229
50.5229
50.5229
50.5229
50.5229
50.5229
50.5229
50.5229
50.5229
50.5229
50.5229
50.5229
50.5229
50.5229
50.5229
50.5229
50.5229
50.5229
50.5229
50.5251
50.5330
50.5585
50.6316
50.8198
51.2526
52.1439
53.7861
56.4936
60.4881
65.7615
71.9914
78.5772
84.8071
90.0805
94.0750
96.7825
98.4247
99.3160
99.7489
99.9348
100.0000
100.0000
99.9348
99.7489
99.3160
98.4247
96.7825
94.0750
90.0805
84.8049
78.5671
71.9558
65.6528
60.1912
55.7638
52.1650
48.8807
45.2819
40.8546
35.3930
29.0899
22.4787
16.2409
10.9652
6.9707
4.2632
2.6210
1.7298
1.2969
1.1088
1.0356
1.0101
1.0022
1.0000
1.0000
1.0000
1.0000
1.0000
1.0000
1.0000
1.0000
1.0000
1.0000
1.0000
1.0000
1.0000
1.0000
1.0000
1.0000
1.0022
1.0101
1.0356
1.1088
1.2969
1.7297
2.6210
4.2631
6.9705
10.9647
16.2402
22.4777
29.0887
35.3914
40.8528
45.2800
48.8786
52.1629
55.7616
60.1890
65.6506
71.9536
78.5648
84.8026
90.0783
94.0728
96.7803
98.4225
99.3138
99.7466
99.9326
99.9978
99.9978
99.9326
99.7466
99.3138
98.4225
96.7803
94.0728
90.0783
84.8049
78.5750
71.9892
65.7593
60.4859
56.4914
53.7839
52.1417
51.2504
50.8175
50.6294
50.5563
50.5308
50.5229
50.5207
50.5207
50.5207
50.5207
50.5207
50.5207
50.5207
50.5207
50.5207
50.5207
50.5207
50.5207
50.5207
50.5207
50.5207
50.5207
50.5207
50.5207
50.5207
50.5207
50.5207
50.5207
50.5207
50.5207
50.5207
50.5207
50.5207
50.5207
50.5207
50.5207
50.5207
50.5207
50.5207
50.5207
50.5207
50.5207
50.5207
50.5207
50.5207
50.5207
50.5207
50.5207
50.5207
50.5207
50.5207
50.5207
50.5207
50.5207
50.5207
50.5207
50.5207
50.5207
50.5207
50.5207
50.5207
50.5207
50.5207
50.5207
50.5207
50.5207
50.5207
50.5207
50.5207
50.5207
50.5207
50.5207
50.5207
50.5207
50.5207
50.5207
50.5207
50.5207
50.5207
50.5207
50.5207
50.5207
50.5229
50.5308
50.5563
50.6294
50.8175
51.2504
52.1417
53.7839
56.4914
60.4859
65.7593
71.9892
78.5750
84.8049
90.0783
94.0728
96.7803
98.4225
99.3138
99.7466
99.9326
99.9978
99.9978
99.9326
99.7466
99.3138
98.4225
96.7803
94.0728
90.0783
84.8026
78.5648
71.9536
65.6506
60.1890
55.7616
52.1629
48.8786
45.2800
40.8528
35.3914
29.0887
22.4777
16.2402
10.9647
6.9705
4.2631
2.6210
1.7297
1.2969
1.1088
1.0356
1.0101
1.0022
1.0000
1.0000
1.0000
1.0000
1.0000
1.0000
1.0000
1.0000
1.0000
1.0000
1.0000
1.0000
1.0000
1.0000
1.0000
1.0000
1.0022
1.0101
1.0356
1.1087
1.2968
1.7296
2.6207
4.2626
6.9695
10.9632
16.2378
22.4743
29.0842
35.3859
40.8465
45.2730
48.8712
52.1552
55.7538
60.1811
65.6427
71.9457
78.5569
84.7947
90.0704
94.0649
96.7724
98.4146
99.3058
99.7387
99.9246
99.9899
99.9899
99.9246
99.7387
99.3058
98.4146
96.7724
94.0649
90.0704
84.7969
78.5671
71.9813
65.7514
60.4779
56.4834
53.7760
52.1338
51.2425
50.8096
50.6215
50.5483
50.5229
50.5149
50.5127
50.5127
50.5127
50.5127
50.5127
50.5127
50.5127
50.5127
50.5127
50.5127
50.5127
50.5127
50.5127
50.5127
50.5127
50.5127
50.5127
50.5127
50.5127
50.5127
50.5127
50.5127
50.5127
50.5127
50.5127
50.5127
50.5127
50.5127
50.5127
50.5127
50.5127
50.5127
50.5127
50.5127
50.5127
50.5127
50.5127
50.5127
50.5127
50.5127
50.5127
50.5127
50.5127
50.5127
50.5127
50.5127
50.5127
50.5127
50.5127
50.5127
50.5127
50.5127
50.5127
50.5127
50.5127
50.5127
50.5127
50.5127
50.5127
50.5127
50.5127
50.5127
50.5127
50.5127
50.5127
50.5127
50.5127
50.5127
50.5127
50.5127
50.5127
50.5127
50.5127
50.5127
50.5127
50.5127
50.5149
50.5229
50.5483
50.6215
50.8096
51.2425
52.1338
53.7760
56.4834
60.4779
65.7514
71.9813
78.5671
84.7969
90.0704
94.0649
96.7724
98.4146
99.3058
99.7387
99.9246
99.9899
99.9899
99.9246
99.7387
99.3058
98.4146
96.7724
94.0649
90.0704
84.7947
78.5569
71.9457
65.6427
60.1811
55.7538
52.1552
48.8712
45.2730
40.8465
35.3859
29.0842
22.4743
16.2378
10.9632
6.9695
4.2626
2.6207
1.7296
1.2968
1.1087
1.0356
1.0101
1.0022
1.0000
1.0000
1.0000
1.0000
1.0000
1.0000
1.0000
1.0000
1.0000
1.0000
1.0000
1.0000
1.0000
1.0000
1.0000
1.0000
1.0022
1.0101
1.0356
1.1087
1.2967
1.7292
2.6199
4.2609
6.9664
10.9580
16.2299
22.4633
29.0698
35.3683
40.8261
45.2506
48.8474
52.1306
55.7288
60.1558
65.6173
71.9202
78.5315
84.7693
90.0449
94.0394
96.7469
98.3891
99.2804
99.7133
99.8992
99.9644
99.9644
99.8992
99.7133
99.2804
98.3891
96.7469
94.0394
90.0449
84.7715
78.5416
71.9558
65.7259
60.4525
56.4580
53.7505
52.1083
51.2170
50.7842
50.5960
50.5229
50.4974
50.4895
50.4873
50.4873
50.4873
50.4873
50.4873
50.4873
50.4873
50.4873
50.4873
50.4873
50.4873
50.4873
50.4873
50.4873
50.4873
50.4873
50.4873
50.4873
50.4873
50.4873
50.4873
50.4873
50.4873
50.4873
50.4873
50.4873
50.4873
50.4873
50.4873
50.4873
50.4873
50.4873
50.4873
50.4873
50.4873
50.4873
50.4873
50.4873
50.4873
50.4873
50.4873
50.4873
50.4873
50.4873
50.4873
50.4873
50.4873
50.4873
50.4873
50.4873
50.4873
50.4873
50.4873
50.4873
50.4873
50.4873
50.4873
50.4873
50.4873
50.4873
50.4873
50.4873
50.4873
50.4873
50.4873
50.4873
50.4873
50.4873
50.4873
50.4873
50.4873
50.4873
50.4873
50.4873
50.4873
50.4873
50.4895
50.4974
50.5229
50.5960
50.7842
51.2170
52.1083
53.7505
56.4580
60.4525
65.7259
71.9558
78.5416
84.7715
90.0449
94.0394
96.7469
98.3891
99.2804
99.7133
99.8992
99.9644
99.9644
99.8992
99.7133
99.2804
98.3891
96.7469
94.0394
90.0449
84.7693
78.5315
71.9202
65.6173
60.1558
55.7288
52.1306
48.8474
45.2506
40.8261
35.3683
29.0698
22.4633
16.2299
10.9580
6.9664
4.2609
2.6199
1.7292
1.2967
1.1087
1.0356
1.0101
1.0022
1.0000
1.0000
1.0000
1.0000
1.0000
1.0000
1.0000
1.0000
1.0000
1.0000
1.0000
1.0000
1.0000
1.0000
1.0000
1.0000
1.0022
1.0101
1.0355
1.1085
1.2962
1.7282
2.6175
4.2561
6.9576
10.9433
16.2074
22.4315
29.0283
35.3177
40.7677
45.1863
48.7791
52.0598
55.6567
60.0831
65.5443
71.8471
78.4583
84.6961
89.9718
93.9663
96.6738
98.3159
99.2072
99.6401
99.8260
99.8912
99.8912
99.8260
99.6401
99.2072
98.3159
96.6738
93.9663
89.9718
84.6983
78.4684
71.8827
65.6528
60.3793
56.3848
53.6773
52.0352
51.1439
50.7110
50.5229
50.4497
50.4242
50.4163
50.4141
50.4141
50.4141
50.4141
50.4141
50.4141
50.4141
50.4141
50.4141
50.4141
50.4141
50.4141
50.4141
50.4141
50.4141
50.4141
50.4141
50.4141
50.4141
50.4141
50.4141
50.4141
50.4141
50.4141
50.4141
50.4141
50.4141
50.4141
50.4141
50.4141
50.4141
50.4141
50.4141
50.4141
50.4141
50.4141
50.4141
50.4141
50.4141
50.4141
50.4141
50.4141
50.4141
50.4141
50.4141
50.4141
50.4141
50.4141
50.4141
50.4141
50.4141
50.4141
50.4141
50.4141
50.4141
50.4141
50.4141
50.4141
50.4141
50.4141
50.4141
50.4141
50.4141
50.4141
50.4141
50.4141
50.4141
50.4141
50.4141
50.4141
50.4141
50.4141
50.4141
50.4141
50.4141
50.4141
50.4163
50.4242
50.4497
50.5229
50.7110
51.1439
52.0352
53.6773
56.3848
60.3793
65.6528
71.8827
78.4684
84.6983
89.9718
93.9663
96.6738
98.3159
99.2072
99.6401
99.8260
99.8912
99.8912
99.8260
99.6401
99.2072
98.3159
96.6738
93.9663
89.9718
84.6961
78.4583
71.8471
65.5443
60.0831
55.6567
52.0598
48.7791
45.1863
40.7677
35.3177
29.0283
22.4315
16.2074
10.9433
6.9576
4.2561
2.6175
1.7282
1.2962
1.1085
1.0355
1.0101
1.0022
1.0000
1.0000
1.0000
1.0000
1.0000
1.0000
1.0000
1.0000
1.0000
1.0000
1.0000
1.0000
1.0000
1.0000
1.0000
1.0000
1.0022
1.0101
1.0354
1.1081
1.2951
1.7254
2.6113
4.2437
6.9349
10.9055
16.1495
22.3500
28.9217
35.1874
40.6174
45.0208
48.6034
51.8779
55.4713
59.8961
65.3565
71.6591
78.2702
84.5080
89.7837
93.7781
96.4856
98.1278
99.0191
99.4520
99.6379
99.7031
99.7031
99.6379
99.4520
99.0191
98.1278
96.4856
93.7781
89.7837
84.5102
78.2803
71.6945
65.4647
60.1912
56.1967
53.4892
51.8470
50.9557
50.5229
50.3347
50.2616
50.2361
50.2282
50.2260
50.2260
50.2260
50.2260
50.2260
50.2260
50.2260
50.2260
50.2260
50.2260
50.2260
50.2260
50.2260
50.2260
50.2260
50.2260
50.2260
50.2260
50.2260
50.2260
50.2260
50.2260
50.2260
50.2260
50.2260
50.2260
50.2260
50.2260
50.2260
50.2260
50.2260
50.2260
50.2260
50.2260
50.2260
50.2260
50.2260
50.2260
50.2260
50.2260
50.2260
50.2260
50.2260
50.2260
50.2260
50.2260
50.2260
50.2260
50.2260
50.2260
50.2260
50.2260
50.2260
50.2260
50.2260
50.2260
50.2260
50.2260
50.2260
50.2260
50.2260
50.2260
50.2260
50.2260
50.2260
50.2260
50.2260
50.2260
50.2260
50.2260
50.2260
50.2260
50.2260
50.2260
50.2260
50.2260
50.2282
50.2361
50.2616
50.3347
50.5229
50.9557
51.8470
53.4892
56.1967
60.1912
65.4647
71.6945
78.2803
84.5102
89.7837
93.7781
96.4856
98.1278
99.0191
99.4520
99.6379
99.7031
99.7031
99.6379
99.4520
99.0191
98.1278
96.4856
93.7781
89.7837
84.5080
78.2702
71.6591
65.3565
59.8961
55.4713
51.8779
48.6034
45.0208
40.6174
35.1874
28.9217
22.3500
16.1495
10.9055
6.9349
4.2437
2.6113
1.7254
1.2951
1.1081
1.0354
1.0101
1.0022
1.0000
1.0000
1.0000
1.0000
1.0000
1.0000
1.0000
1.0000
1.0000
1.0000
1.0000
1.0000
1.0000
1.0000
1.0000
1.0000
1.0022
1.0100
1.0351
1.1072
1.2925
1.7190
2.5972
4.2151
6.8827
10.8183
16.0163
22.1623
28.6765
34.8878
40.2716
44.6401
48.1990
51.4592
55.0448
59.4658
64.9246
71.2266
77.8374
84.0751
89.3508
93.3453
96.0528
97.6949
98.5862
99.0191
99.2050
99.2702
99.2702
99.2050
99.0191
98.5862
97.6949
96.0528
93.3453
89.3508
84.0773
77.8474
71.2617
65.0318
59.7583
55.7638
53.0563
51.4142
50.5229
50.0900
49.9019
49.8287
49.8032
49.7953
49.7931
49.7931
49.7931
49.7931
49.7931
49.7931
49.7931
49.7931
49.7931
49.7931
49.7931
49.7931
49.7931
49.7931
49.7931
49.7931
49.7931
49.7931
49.7931
49.7931
49.7931
49.7931
49.7931
49.7931
49.7931
49.7931
49.7931
49.7931
49.7931
49.7931
49.7931
49.7931
49.7931
49.7931
49.7931
49.7931
49.7931
49.7931
49.7931
49.7931
49.7931
49.7931
49.7931
49.7931
49.7931
49.7931
49.7931
49.7931
49.7931
49.7931
49.7931
49.7931
49.7931
49.7931
49.7931
49.7931
49.7931
49.7931
49.7931
49.7931
49.7931
49.7931
49.7931
49.7931
49.7931
49.7931
49.7931
49.7931
49.7931
49.7931
49.7931
49.7931
49.7931
49.7931
49.7931
49.7931
49.7953
49.8032
49.8287
49.9019
50.0900
50.5229
51.4142
53.0563
55.7638
59.7583
65.0318
71.2617
77.8474
84.0773
89.3508
93.3453
96.0528
97.6949
98.5862
99.0191
99.2050
99.2702
99.2702
99.2050
99.0191
98.5862
97.6949
96.0528
93.3453
89.3508
84.0751
77.8374
71.2266
64.9246
59.4658
55.0448
51.4592
48.1990
44.6401
40.2716
34.8878
28.6765
22.1623
16.0163
10.8183
6.8827
4.2151
2.5972
1.7190
1.2925
1.1072
1.0351
1.0100
1.0022
1.0000
1.0000
1.0000
1.0000
1.0000
1.0000
1.0000
1.0000
1.0000
1.0000
1.0000
1.0000
1.0000
1.0000
1.0000
1.0000
1.0021
1.0098
1.0344
1.1052
1.2872
1.7059
2.5680
4.1564
6.7753
10.6390
15.7421
21.7759
28.1716
34.2707
39.5597
43.8563
47.3665
50.5971
54.1667
58.5798
64.0353
70.3359
76.9463
83.1839
88.4595
92.4540
95.1615
96.8036
97.6949
98.1278
98.3137
98.3790
98.3790
98.3137
98.1278
97.6949
96.8036
95.1615
92.4540
88.4595
83.1860
76.9561
70.3704
64.1405
58.8670
54.8725
52.1650
50.5229
49.6316
49.1987
49.0106
48.9374
48.9120
48.9040
48.9018
48.9018
48.9018
48.9018
48.9018
48.9018
48.9018
48.9018
48.9018
48.9018
48.9018
48.9018
48.9018
48.9018
48.9018
48.9018
48.9018
48.9018
48.9018
48.9018
48.9018
48.9018
48.9018
48.9018
48.9018
48.9018
48.9018
48.9018
48.9018
48.9018
48.9018
48.9018
48.9018
48.9018
48.9018
48.9018
48.9018
48.9018
48.9018
48.9018
48.9018
48.9018
48.9018
48.9018
48.9018
48.9018
48.9018
48.9018
48.9018
48.9018
48.9018
48.9018
48.9018
48.9018
48.9018
48.9018
48.9018
48.9018
48.9018
48.9018
48.9018
48.9018
48.9018
48.9018
48.9018
48.9018
48.9018
48.9018
48.9018
48.9018
48.9018
48.9018
48.9018
48.9018
48.9018
48.9018
48.9040
48.9120
48.9374
49.0106
49.1987
49.6316
50.5229
52.1650
54.8725
58.8670
64.1405
70.3704
76.9561
83.1860
88.4595
92.4540
95.1615
96.8036
97.6949
98.1278
98.3137
98.3790
98.3790
98.3137
98.1278
97.6949
96.8036
95.1615
92.4540
88.4595
83.1839
76.9463
70.3359
64.0353
58.5798
54.1667
50.5971
47.3665
43.8563
39.5597
34.2707
28.1716
21.7759
15.7421
10.6390
6.7753
4.1564
2.5680
1.7059
1.2872
1.1052
1.0344
1.0098
1.0021
1.0000
1.0000
1.0000
1.0000
1.0000
1.0000
1.0000
1.0000
1.0000
1.0000
1.0000
1.0000
1.0000
1.0000
1.0000
1.0000
1.0021
1.0095
1.0333
1.1016
1.2773
1.6817
2.5142
4.0482
6.5773
10.3086
15.2368
21.0641
27.2413
33.1339
38.2480
42.4121
45.8325
49.0086
52.5487
56.9475
62.3967
68.6949
75.3045
81.5418
86.8173
90.8118
93.5193
95.1615
96.0528
96.4856
96.6715
96.7368
96.7368
96.6715
96.4856
96.0528
95.1615
93.5193
90.8118
86.8173
81.5438
75.3140
68.7282
62.4983
57.2248
53.2304
50.5229
48.8807
47.9894
47.5565
47.3684
47.2952
47.2698
47.2619
47.2596
47.2596
47.2596
47.2596
47.2596
47.2596
47.2596
47.2596
47.2596
47.2596
47.2596
47.2596
47.2596
47.2596
47.2596
47.2596
47.2596
47.2596
47.2596
47.2596
47.2596
47.2596
47.2596
47.2596
47.2596
47.2596
47.2596
47.2596
47.2596
47.2596
47.2596
47.2596
47.2596
47.2596
47.2596
47.2596
47.2596
47.2596
47.2596
47.2596
47.2596
47.2596
47.2596
47.2596
47.2596
47.2596
47.2596
47.2596
47.2596
47.2596
47.2596
47.2596
47.2596
47.2596
47.2596
47.2596
47.2596
47.2596
47.2596
47.2596
47.2596
47.2596
47.2596
47.2596
47.2596
47.2596
47.2596
47.2596
47.2596
47.2596
47.2596
47.2596
47.2596
47.2596
47.2596
47.2596
47.2619
47.2698
47.2952
47.3684
47.5565
47.9894
48.8807
50.5229
53.2304
57.2248
62.4983
68.7282
75.3140
81.5438
86.8173
90.8118
93.5193
95.1615
96.0528
96.4856
96.6715
96.7368
96.7368
96.6715
96.4856
96.0528
95.1615
93.5193
90.8118
86.8173
81.5418
75.3045
68.6949
62.3967
56.9475
52.5487
49.0086
45.8325
42.4121
38.2480
33.1339
27.2413
21.0641
15.2368
10.3086
6.5773
4.0482
2.5142
1.6817
1.2773
1.1016
1.0333
1.0095
1.0021
1.0000
1.0000
1.0000
1.0000
1.0000
1.0000
1.0000
1.0000
1.0000
1.0000
1.0000
1.0000
1.0000
1.0000
1.0000
1.0000
1.0019
1.0089
1.0313
1.0956
1.2611
1.6418
2.4256
3.8698
6.2509
9.7637
14.4036
19.8903
25.7076
31.2595
36.0853
40.0311
43.3034
46.3898
49.8811
54.2563
59.6952
65.9894
72.5976
78.8344
84.1098
88.1043
90.8118
92.4540
93.3453
93.7781
93.9640
94.0293
94.0293
93.9640
93.7781
93.3453
92.4540
90.8118
88.1043
84.1098
78.8363
72.6065
66.0207
59.7908
54.5173
50.5229
47.8154
46.1732
45.2819
44.8490
44.6609
44.5877
44.5623
44.5544
44.5522
44.5522
44.5522
44.5522
44.5522
44.5522
44.5522
44.5522
44.5522
44.5522
44.5522
44.5522
44.5522
44.5522
44.5522
44.5522
44.5522
44.5522
44.5522
44.5522
44.5522
44.5522
44.5522
44.5522
44.5522
44.5522
44.5522
44.5522
44.5522
44.5522
44.5522
44.5522
44.5522
44.5522
44.5522
44.5522
44.5522
44.5522
44.5522
44.5522
44.5522
44.5522
44.5522
44.5522
44.5522
44.5522
44.5522
44.5522
44.5522
44.5522
44.5522
44.5522
44.5522
44.5522
44.5522
44.5522
44.5522
44.5522
44.5522
44.5522
44.5522
44.5522
44.5522
44.5522
44.5522
44.5522
44.5522
44.5522
44.5522
44.5522
44.5522
44.5522
44.5522
44.5522
44.5522
44.5522
44.5544
44.5623
44.5877
44.6609
44.8490
45.2819
46.1732
47.8154
50.5229
54.5173
59.7908
66.0207
72.6065
78.8363
84.1098
88.1043
90.8118
92.4540
93.3453
93.7781
93.9640
94.0293
94.0293
93.9640
93.7781
93.3453
92.4540
90.8118
88.1043
84.1098
78.8344
72.5976
65.9894
59.6952
54.2563
49.8811
46.3898
43.3034
40.0311
36.0853
31.2595
25.7076
19.8903
14.4036
9.7637
6.2509
3.8698
2.4256
1.6418
1.2611
1.0956
1.0313
1.0089
1.0019
1.0000
1.0000
1.0000
1.0000
1.0000
1.0000
1.0000
1.0000
1.0000
1.0000
1.0000
1.0000
1.0000
1.0000
1.0000
1.0000
1.0018
1.0081
1.0284
1.0869
1.2371
1.5829
2.2949
3.6066
5.7693
8.9600
13.1745
18.1587
23.4447
28.4942
32.8946
36.5182
39.5721
42.5260
45.9455
50.2857
55.7095
61.9978
68.6039
74.8401
80.1154
84.1098
86.8173
88.4595
89.3508
89.7837
89.9696
90.0348
90.0348
89.9696
89.7837
89.3508
88.4595
86.8173
84.1098
80.1154
74.8419
68.6120
62.0262
55.7963
50.5229
46.5284
43.8209
42.1787
41.2874
40.8546
40.6664
40.5933
40.5678
40.5599
40.5577
40.5577
40.5577
40.5577
40.5577
40.5577
40.5577
40.5577
40.5577
40.5577
40.5577
40.5577
40.5577
40.5577
40.5577
40.5577
40.5577
40.5577
40.5577
40.5577
40.5577
40.5577
40.5577
40.5577
40.5577
40.5577
40.5577
40.5577
40.5577
40.5577
40.5577
40.5577
40.5577
40.5577
40.5577
40.5577
40.5577
40.5577
40.5577
40.5577
40.5577
40.5577
40.5577
40.5577
40.5577
40.5577
40.5577
40.5577
40.5577
40.5577
40.5577
40.5577
40.5577
40.5577
40.5577
40.5577
40.5577
40.5577
40.5577
40.5577
40.5577
40.5577
40.5577
40.5577
40.5577
40.5577
40.5577
40.5577
40.5577
40.5577
40.5577
40.5577
40.5577
40.5577
40.5577
40.5577
40.5599
40.5678
40.5933
40.6664
40.8546
41.2874
42.1787
43.8209
46.5284
50.5229
55.7963
62.0262
68.6120
74.8419
80.1154
84.1098
86.8173
88.4595
89.3508
89.7837
89.9696
90.0348
90.0348
89.9696
89.7837
89.3508
88.4595
86.8173
84.1098
80.1154
74.8401
68.6039
61.9978
55.7095
50.2857
45.9455
42.5260
39.5721
36.5182
32.8946
28.4942
23.4447
18.1587
13.1745
8.9600
5.7693
3.6066
2.2949
1.5829
1.2371
1.0869
1.0284
1.0081
1.0018
1.0000
1.0000
1.0000
1.0000
1.0000
1.0000
1.0000
1.0000
1.0000
1.0000
1.0000
1.0000
1.0000
1.0000
1.0000
1.0000
1.0015
1.0070
1.0246
1.0753
1.2055
1.5052
2.1222
3.2591
5.1335
7.8988
11.5518
15.8726
20.4573
24.8434
28.6823
31.8805
34.6461
37.4252
40.7497
45.0439
50.4476
56.7281
63.3315
69.5669
74.8419
78.8364
81.5439
83.1861
84.0774
84.5103
84.6962
84.7615
84.7615
84.6962
84.5103
84.0774
83.1861
81.5439
78.8364
74.8419
69.5684
63.3385
56.7528
50.5229
45.2494
41.2549
38.5474
36.9052
36.0140
35.5811
35.3930
35.3198
35.2943
35.2864
35.2842
35.2842
35.2842
35.2842
35.2842
35.2842
35.2842
35.2842
35.2842
35.2842
35.2842
35.2842
35.2842
35.2842
35.2842
35.2842
35.2842
35.2842
35.2842
35.2842
35.2842
35.2842
35.2842
35.2842
35.2842
35.2842
35.2842
35.2842
35.2842
35.2842
35.2842
35.2842
35.2842
35.2842
35.2842
35.2842
35.2842
35.2842
35.2842
35.2842
35.2842
35.2842
35.2842
35.2842
35.2842
35.2842
35.2842
35.2842
35.2842
35.2842
35.2842
35.2842
35.2842
35.2842
35.2842
35.2842
35.2842
35.2842
35.2842
35.2842
35.2842
35.2842
35.2842
35.2842
35.2842
35.2842
35.2842
35.2842
35.2842
35.2842
35.2842
35.2842
35.2842
35.2842
35.2842
35.2842
35.2864
35.2943
35.3198
35.3930
35.5811
36.0140
36.9052
38.5474
41.2549
45.2494
50.5229
56.7528
63.3385
69.5684
74.8419
78.8364
81.5439
83.1861
84.0774
84.5103
84.6962
84.7615
84.7615
84.6962
84.5103
84.0774
83.1861
81.5439
78.8364
74.8419
69.5669
63.3315
56.7281
50.4476
45.0439
40.7497
37.4252
34.6461
31.8805
28.6823
24.8434
20.4573
15.8726
11.5518
7.8988
5.1335
3.2591
2.1222
1.5052
1.2055
1.0753
1.0246
1.0070
1.0015
1.0000
1.0000
1.0000
1.0000
1.0000
1.0000
1.0000
1.0000
1.0000
1.0000
1.0000
1.0000
1.0000
1.0000
1.0000
1.0000
1.0013
1.0057
1.0202
1.0616
1.1682
1.4134
1.9183
2.8486
4.3824
6.6452
9.6348
13.1719
16.9282
20.5305
23.7060
26.4017
28.8268
31.3992
34.6116
38.8514
44.2314
50.5028
57.1030
63.3375
68.6123
72.6068
75.3144
76.9567
77.8480
78.2810
78.4669
78.5322
78.5322
78.4669
78.2810
77.8480
76.9567
75.3144
72.6069
68.6123
63.3387
57.1088
50.5230
44.2931
39.0196
35.0251
32.3176
30.6754
29.7841
29.3512
29.1631
29.0899
29.0645
29.0565
29.0543
29.0543
29.0543
29.0543
29.0543
29.0543
29.0543
29.0543
29.0543
29.0543
29.0543
29.0543
29.0543
29.0543
29.0543
29.0543
29.0543
29.0543
29.0543
29.0543
29.0543
29.0543
29.0543
29.0543
29.0543
29.0543
29.0543
29.0543
29.0543
29.0543
29.0543
29.0543
29.0543
29.0543
29.0543
29.0543
29.0543
29.0543
29.0543
29.0543
29.0543
29.0543
29.0543
29.0543
29.0543
29.0543
29.0543
29.0543
29.0543
29.0543
29.0543
29.0543
29.0543
29.0543
29.0543
29.0543
29.0543
29.0543
29.0543
29.0543
29.0543
29.0543
29.0543
29.0543
29.0543
29.0543
29.0543
29.0543
29.0543
29.0543
29.0543
29.0543
29.0543
29.0543
29.0543
29.0543
29.0565
29.0645
29.0899
29.1631
29.3512
29.7841
30.6754
32.3176
35.0251
39.0196
44.2931
50.5230
57.1088
63.3387
68.6123
72.6069
75.3144
76.9567
77.8480
78.2810
78.4669
78.5322
78.5322
78.4669
78.2810
77.8480
76.9567
75.3144
72.6068
68.6123
63.3375
57.1030
50.5028
44.2314
38.8514
34.6116
31.3992
28.8268
26.4017
23.7060
20.5305
16.9282
13.1719
9.6348
6.6452
4.3824
2.8486
1.9183
1.4134
1.1682
1.0616
1.0202
1.0057
1.0013
1.0000
1.0000
1.0000
1.0000
1.0000
1.0000
1.0000
1.0000
1.0000
1.0000
1.0000
1.0000
1.0000
1.0000
1.0000
1.0000
1.0010
1.0044
1.0154
1.0471
1.1287
1.3164
1.7027
2.4146
3.5884
5.3200
7.6083
10.3169
13.1974
15.9712
18.4454
20.6100
22.6750
25.0291
28.1230
32.3052
37.6603
43.9221
50.5191
56.7526
62.0273
66.0221
68.7299
70.3723
71.2638
71.6969
71.8829
71.9482
71.9482
71.8829
71.6969
71.2638
70.3724
68.7299
66.0221
62.0274
56.7537
50.5235
43.9376
37.7076
32.4340
28.4394
25.7319
24.0896
23.1983
22.7654
22.5773
22.5041
22.4787
22.4708
22.4685
22.4685
22.4685
22.4685
22.4685
22.4685
22.4685
22.4685
22.4685
22.4685
22.4685
22.4685
22.4685
22.4685
22.4685
22.4685
22.4685
22.4685
22.4685
22.4685
22.4685
22.4685
22.4685
22.4685
22.4685
22.4685
22.4685
22.4685
22.4685
22.4685
22.4685
22.4685
22.4685
22.4685
22.4685
22.4685
22.4685
22.4685
22.4685
22.4685
22.4685
22.4685
22.4685
22.4685
22.4685
22.4685
22.4685
22.4685
22.4685
22.4685
22.4685
22.4685
22.4685
22.4685
22.4685
22.4685
22.4685
22.4685
22.4685
22.4685
22.4685
22.4685
22.4685
22.4685
22.4685
22.4685
22.4685
22.4685
22.4685
22.4685
22.4685
22.4685
22.4685
22.4685
22.4685
22.4685
22.4708
22.4787
22.5041
22.5773
22.7654
23.1983
24.0896
25.7319
28.4394
32.4340
37.7076
43.9376
50.5235
56.7537
62.0274
66.0221
68.7299
70.3724
71.2638
71.6969
71.8829
71.9482
71.9482
71.8829
71.6969
71.2638
70.3723
68.7299
66.0221
62.0273
56.7526
50.5191
43.9221
37.6603
32.3052
28.1230
25.0291
22.6750
20.6100
18.4454
15.9712
13.1974
10.3169
7.6083
5.3200
3.5884
2.4146
1.7027
1.3164
1.1287
1.0471
1.0154
1.0044
1.0010
1.0000
1.0000
1.0000
1.0000
1.0000
1.0000
1.0000
1.0000
1.0000
1.0000
1.0000
1.0000
1.0000
1.0000
1.0000
1.0000
1.0007
1.0031
1.0110
1.0335
1.0914
1.2246
1.4988
2.0041
2.8372
4.0664
5.6913
7.6162
9.6682
11.6584
13.4692
15.1313
16.8557
19.0033
21.9852
26.1132
31.4449
37.6977
44.2919
50.5249
55.7999
59.7953
62.5036
64.1466
65.0386
65.4719
65.6581
65.7235
65.7235
65.6582
65.4720
65.0386
64.1467
62.5038
59.7955
55.8002
50.5259
44.2953
37.7090
31.4786
26.2048
22.2100
19.5023
17.8600
16.9686
16.5356
16.3475
16.2743
16.2488
16.2409
16.2387
16.2387
16.2387
16.2387
16.2387
16.2387
16.2387
16.2387
16.2387
16.2387
16.2387
16.2387
16.2387
16.2387
16.2387
16.2387
16.2387
16.2387
16.2387
16.2387
16.2387
16.2387
16.2387
16.2387
16.2387
16.2387
16.2387
16.2387
16.2387
16.2387
16.2387
16.2387
16.2387
16.2387
16.2387
16.2387
16.2387
16.2387
16.2387
16.2387
16.2387
16.2387
16.2387
16.2387
16.2387
16.2387
16.2387
16.2387
16.2387
16.2387
16.2387
16.2387
16.2387
16.2387
16.2387
16.2387
16.2387
16.2387
16.2387
16.2387
16.2387
16.2387
16.2387
16.2387
16.2387
16.2387
16.2387
16.2387
16.2387
16.2387
16.2387
16.2387
16.2387
16.2387
16.2387
16.2387
16.2409
16.2488
16.2743
16.3475
16.5356
16.9686
17.8600
19.5023
22.2100
26.2048
31.4786
37.7090
44.2953
50.5259
55.8002
59.7955
62.5038
64.1467
65.0386
65.4720
65.6582
65.7235
65.7235
65.6581
65.4719
65.0386
64.1466
62.5036
59.7953
55.7999
50.5249
44.2919
37.6977
31.4449
26.1132
21.9852
19.0033
16.8557
15.1313
13.4692
11.6584
9.6682
7.6162
5.6913
4.0664
2.8372
2.0041
1.4988
1.2246
1.0914
1.0335
1.0110
1.0031
1.0007
1.0000
1.0000
1.0000
1.0000
1.0000
1.0000
1.0000
1.0000
1.0000
1.0000
1.0000
1.0000
1.0000
1.0000
1.0000
1.0000
1.0004
1.0020
1.0072
1.0219
1.0597
1.1468
1.3262
1.6566
2.2015
3.0052
4.0686
5.3301
6.6809
8.0077
9.2570
10.4938
11.9302
13.9031
16.7905
20.8728
26.1851
32.4310
39.0236
45.2571
50.5332
54.5301
57.2399
58.8841
59.7771
60.2113
60.3980
60.4636
60.4637
60.3981
60.2114
59.7773
58.8844
57.2403
54.5306
50.5339
45.2583
39.0265
32.4391
26.2079
20.9333
16.9379
14.2298
12.5871
11.6955
11.2624
11.0741
11.0009
10.9754
10.9674
10.9652
10.9652
10.9652
10.9652
10.9652
10.9652
10.9652
10.9652
10.9652
10.9652
10.9652
10.9652
10.9652
10.9652
10.9652
10.9652
10.9652
10.9652
10.9652
10.9652
10.9652
10.9652
10.9652
10.9652
10.9652
10.9652
10.9652
10.9652
10.9652
10.9652
10.9652
10.9652
10.9652
10.9652
10.9652
10.9652
10.9652
10.9652
10.9652
10.9652
10.9652
10.9652
10.9652
10.9652
10.9652
10.9652
10.9652
10.9652
10.9652
10.9652
10.9652
10.9652
10.9652
10.9652
10.9652
10.9652
10.9652
10.9652
10.9652
10.9652
10.9652
10.9652
10.9652
10.9652
10.9652
10.9652
10.9652
10.9652
10.9652
10.9652
10.9652
10.9652
10.9652
10.9652
10.9652
10.9652
10.9674
10.9754
11.0009
11.0741
11.2624
11.6955
12.5871
14.2298
16.9379
20.9333
26.2079
32.4391
39.0265
45.2583
50.5339
54.5306
57.2403
58.8844
59.7773
60.2114
60.3981
60.4637
60.4636
60.3980
60.2113
59.7771
58.8841
57.2399
54.5301
50.5332
45.2571
39.0236
32.4310
26.1851
20.8728
16.7905
13.9031
11.9302
10.4938
9.2570
8.0077
6.6809
5.3301
4.0686
3.0052
2.2015
1.6566
1.3262
1.1468
1.0597
1.0219
1.0072
1.0020
1.0004
1.0000
1.0000
1.0000
1.0000
1.0000
1.0000
1.0000
1.0000
1.0000
1.0000
1.0000
1.0000
1.0000
1.0000
1.0000
1.0000
1.0003
1.0012
1.0043
1.0131
1.0358
1.0880
1.1954
1.3934
1.7199
2.2015
2.8395
3.5986
4.4182
5.2426
6.0668
6.9818
8.2002
10.0414
12.8578
16.9065
22.2053
28.4474
35.0404
41.2761
46.5554
50.5555
53.2686
54.9157
55.8110
56.2469
56.4347
56.5009
56.5009
56.4349
56.2472
55.8115
54.9165
53.2697
50.5570
46.5572
41.2786
35.0440
28.4541
22.2207
16.9443
12.9474
10.2381
8.5945
7.7022
7.2687
7.0801
7.0066
6.9810
6.9730
6.9707
6.9707
6.9707
6.9707
6.9707
6.9707
6.9707
6.9707
6.9707
6.9707
6.9707
6.9707
6.9707
6.9707
6.9707
6.9707
6.9707
6.9707
6.9707
6.9707
6.9707
6.9707
6.9707
6.9707
6.9707
6.9707
6.9707
6.9707
6.9707
6.9707
6.9707
6.9707
6.9707
6.9707
6.9707
6.9707
6.9707
6.9707
6.9707
6.9707
6.9707
6.9707
6.9707
6.9707
6.9707
6.9707
6.9707
6.9707
6.9707
6.9707
6.9707
6.9707
6.9707
6.9707
6.9707
6.9707
6.9707
6.9707
6.9707
6.9707
6.9707
6.9707
6.9707
6.9707
6.9707
6.9707
6.9707
6.9707
6.9707
6.9707
6.9707
6.9707
6.9707
6.9707
6.9707
6.9707
6.9730
6.9810
7.0066
7.0801
7.2687
7.7022
8.5945
10.2381
12.9474
16.9443
22.2207
28.4541
35.0440
41.2786
46.5572
50.5570
53.2697
54.9165
55.8115
56.2472
56.4349
56.5009
56.5009
56.4347
56.2469
55.8110
54.9157
53.2686
50.5555
46.5554
41.2761
35.0404
28.4474
22.2053
16.9065
12.8578
10.0414
8.2002
6.9818
6.0668
5.2426
4.4182
3.5986
2.8395
2.2015
1.7199
1.3934
1.1954
1.0880
1.0358
1.0131
1.0043
1.0012
1.0003
1.0000
1.0000
1.0000
1.0000
1.0000
1.0000
1.0000
1.0000
1.0000
1.0000
1.0000
1.0000
1.0000
1.0000
1.0000
1.0000
1.0001
1.0007
1.0023
1.0072
1.0196
1.0481
1.1068
1.2150
1.3935
1.6567
2.0065
2.4251
2.8848
3.3690
3.9055
4.6029
5.6746
7.4278
10.1978
14.2257
19.5180
25.7606
32.3576
38.5990
43.8846
47.8915
50.6109
52.2636
53.1634
53.6026
53.7925
53.8598
53.8599
53.7930
53.6033
53.1646
52.2653
50.6134
47.8949
43.8890
38.6043
32.3639
25.7688
19.5307
14.2502
10.2500
7.5378
5.8920
4.9980
4.5632
4.3738
4.2998
4.2739
4.2657
4.2633
4.2633
4.2632
4.2632
4.2632
4.2632
4.2632
4.2632
4.2632
4.2632
4.2632
4.2632
4.2632
4.2632
4.2632
4.2632
4.2632
4.2632
4.2632
4.2632
4.2632
4.2632
4.2632
4.2632
4.2632
4.2632
4.2632
4.2632
4.2632
4.2632
4.2632
4.2632
4.2632
4.2632
4.2632
4.2632
4.2632
4.2632
4.2632
4.2632
4.2632
4.2632
4.2632
4.2632
4.2632
4.2632
4.2632
4.2632
4.2632
4.2632
4.2632
4.2632
4.2632
4.2632
4.2632
4.2632
4.2632
4.2632
4.2632
4.2632
4.2632
4.2632
4.2632
4.2632
4.2632
4.2632
4.2632
4.2632
4.2632
4.2632
4.2632
4.2632
4.2632
4.2632
4.2633
4.2633
4.2657
4.2739
4.2998
4.3738
4.5632
4.9980
5.8920
7.5378
10.2500
14.2502
19.5307
25.7688
32.3639
38.6043
43.8890
47.8949
50.6134
52.2653
53.1646
53.6033
53.7930
53.8599
53.8598
53.7925
53.6026
53.1634
52.2636
50.6109
47.8915
43.8846
38.5990
32.3576
25.7606
19.5180
14.2257
10.1978
7.4278
5.6746
4.6029
3.9055
3.3690
2.8848
2.4251
2.0065
1.6567
1.3935
1.2150
1.1068
1.0481
1.0196
1.0072
1.0023
1.0007
1.0001
1.0000
1.0000
1.0000
1.0000
1.0000
1.0000
1.0000
1.0000
1.0000
1.0000
1.0000
1.0000
1.0000
1.0000
1.0000
1.0000
1.0001
1.0003
1.0012
1.0036
1.0097
1.0239
1.0531
1.1069
1.1955
1.3264
1.5015
1.7139
1.9558
2.2344
2.5974
3.1645
4.1493
5.8519
8.5974
12.6172
17.9108
24.1598
30.7661
37.0184
42.3158
46.3345
49.0650
50.7274
51.6350
52.0798
52.2735
52.3426
52.3429
52.2744
52.0814
51.6375
50.7311
49.0703
46.3417
42.3250
37.0295
30.7786
24.1736
17.9265
12.6379
8.6306
5.9124
4.2617
3.3639
2.9263
2.7349
2.6596
2.6328
2.6241
2.6214
2.6212
2.6211
2.6211
2.6211
2.6210
2.6210
2.6210
2.6210
2.6210
2.6210
2.6210
2.6210
2.6210
2.6210
2.6210
2.6210
2.6210
2.6210
2.6210
2.6210
2.6210
2.6210
2.6210
2.6210
2.6210
2.6210
2.6210
2.6210
2.6210
2.6210
2.6210
2.6210
2.6210
2.6210
2.6210
2.6210
2.6210
2.6210
2.6210
2.6210
2.6210
2.6210
2.6210
2.6210
2.6210
2.6210
2.6210
2.6210
2.6210
2.6210
2.6210
2.6210
2.6210
2.6210
2.6210
2.6210
2.6210
2.6210
2.6210
2.6210
2.6210
2.6210
2.6210
2.6210
2.6210
2.6210
2.6210
2.6210
2.6210
2.6210
2.6211
2.6211
2.6211
2.6212
2.6214
2.6241
2.6328
2.6596
2.7349
2.9263
3.3639
4.2617
5.9124
8.6306
12.6379
17.9265
24.1736
30.7786
37.0295
42.3250
46.3417
49.0703
50.7311
51.6375
52.0814
52.2744
52.3429
52.3426
52.2735
52.0798
51.6350
50.7274
49.0650
46.3345
42.3158
37.0184
30.7661
24.1598
17.9108
12.6172
8.5974
5.8519
4.1493
3.1645
2.5974
2.2344
1.9558
1.7139
1.5015
1.3264
1.1955
1.1069
1.0531
1.0239
1.0097
1.0036
1.0012
1.0003
1.0001
1.0000
1.0000
1.0000
1.0000
1.0000
1.0000
1.0000
1.0000
1.0000
1.0000
1.0000
1.0000
1.0000
1.0000
1.0000
1.0000
1.0000
1.0001
1.0005
1.0016
1.0044
1.0108
1.0239
1.0482
1.0883
1.1476
1.2283
1.3293
1.4542
1.6228
1.8942
2.3940
3.3363
5.0172
7.7564
11.7802
17.0840
23.3472
29.9702
36.2407
41.5570
45.5942
48.3418
50.0189
50.9383
51.3918
51.5910
51.6629
51.6635
51.5927
51.3948
50.9431
50.0260
48.3518
45.6079
41.5745
36.2618
29.9939
23.3724
17.1096
11.8066
7.7862
5.0566
3.3963
2.4907
2.0471
1.8513
1.7729
1.7442
1.7343
1.7309
1.7303
1.7300
1.7299
1.7298
1.7298
1.7298
1.7298
1.7298
1.7298
1.7298
1.7298
1.7298
1.7298
1.7298
1.7298
1.7298
1.7298
1.7298
1.7298
1.7298
1.7298
1.7298
1.7298
1.7298
1.7298
1.7298
1.7298
1.7298
1.7298
1.7298
1.7298
1.7298
1.7298
1.7298
1.7298
1.7298
1.7298
1.7298
1.7298
1.7298
1.7298
1.7298
1.7298
1.7298
1.7298
1.7298
1.7298
1.7298
1.7298
1.7298
1.7298
1.7298
1.7298
1.7298
1.7298
1.7298
1.7298
1.7298
1.7298
1.7298
1.7298
1.7298
1.7298
1.7298
1.7298
1.7298
1.7298
1.7298
1.7298
1.7298
1.7298
1.7299
1.7300
1.7303
1.7309
1.7343
1.7442
1.7729
1.8513
2.0471
2.4907
3.3963
5.0566
7.7862
11.8066
17.1096
23.3724
29.9939
36.2618
41.5745
45.6079
48.3518
50.0260
50.9431
51.3948
51.5927
51.6635
51.6629
51.5910
51.3918
50.9383
50.0189
48.3418
45.5942
41.5570
36.2407
29.9702
23.3472
17.0840
11.7802
7.7564
5.0172
3.3363
2.3940
1.8942
1.6228
1.4542
1.3293
1.2283
1.1476
1.0883
1.0482
1.0239
1.0108
1.0044
1.0016
1.0005
1.0001
1.0000
1.0000
1.0000
1.0000
1.0000
1.0000
1.0000
1.0000
1.0000
1.0000
1.0000
1.0000
1.0000
1.0000
1.0000
1.0000
1.0000
1.0000
1.0001
1.0002
1.0007
1.0018
1.0045
1.0099
1.0200
1.0368
1.0618
1.0975
1.1461
1.2165
1.3354
1.5674
2.0414
2.9717
4.6528
7.4014
11.4412
16.7655
23.0522
29.7007
35.9978
41.3407
45.4034
48.1742
49.8711
50.8062
51.2711
51.4776
51.5533
51.5542
51.4805
51.2762
50.8143
49.8832
48.1914
45.4269
41.3709
36.0343
29.7419
23.0959
16.8091
11.4831
7.4411
4.6920
3.0146
2.0946
1.6396
1.4351
1.3506
1.3176
1.3050
1.3000
1.2984
1.2976
1.2972
1.2970
1.2969
1.2969
1.2969
1.2969
1.2969
1.2969
1.2969
1.2969
1.2969
1.2969
1.2969
1.2969
1.2969
1.2969
1.2969
1.2969
1.2969
1.2969
1.2969
1.2969
1.2969
1.2969
1.2969
1.2969
1.2969
1.2969
1.2969
1.2969
1.2969
1.2969
1.2969
1.2969
1.2969
1.2969
1.2969
1.2969
1.2969
1.2969
1.2969
1.2969
1.2969
1.2969
1.2969
1.2969
1.2969
1.2969
1.2969
1.2969
1.2969
1.2969
1.2969
1.2969
1.2969
1.2969
1.2969
1.2969
1.2969
1.2969
1.2969
1.2969
1.2969
1.2969
1.2969
1.2969
1.2969
1.2969
1.2970
1.2972
1.2976
1.2984
1.3000
1.3050
1.3176
1.3506
1.4351
1.6396
2.0946
3.0146
4.6920
7.4411
11.4831
16.8091
23.0959
29.7419
36.0343
41.3709
45.4269
48.1914
49.8832
50.8143
51.2762
51.4805
51.5542
51.5533
51.4776
51.2711
50.8062
49.8711
48.1742
45.4034
41.3407
35.9978
29.7007
23.0522
16.7655
11.4412
7.4014
4.6528
2.9717
2.0414
1.5674
1.3354
1.2165
1.1461
1.0975
1.0618
1.0368
1.0200
1.0099
1.0045
1.0018
1.0007
1.0002
1.0001
1.0000
1.0000
1.0000
1.0000
1.0000
1.0000
1.0000
1.0000
1.0000
1.0000
1.0000
1.0000
1.0000
1.0000
1.0000
1.0000
1.0000
1.0000
1.0000
1.0001
1.0003
1.0008
1.0019
1.0041
1.0084
1.0157
1.0270
1.0453
1.0743
1.1260
1.2303
1.4548
1.9299
2.8700
4.5687
7.3410
11.4091
16.7647
23.0847
29.7673
36.0985
41.4744
45.5678
48.3658
50.0856
51.0388
51.5168
51.7319
51.8119
51.8134
51.7365
51.5250
51.0516
50.1045
48.3926
45.6042
41.5213
36.1555
29.8321
23.1541
16.8347
11.4760
7.4023
4.6232
2.9185
1.9749
1.5002
1.2803
1.1841
1.1429
1.1248
1.1163
1.1126
1.1106
1.1096
1.1091
1.1089
1.1088
1.1088
1.1088
1.1088
1.1088
1.1088
1.1088
1.1088
1.1088
1.1088
1.1088
1.1088
1.1088
1.1088
1.1088
1.1088
1.1088
1.1088
1.1088
1.1088
1.1088
1.1088
1.1088
1.1088
1.1088
1.1088
1.1088
1.1088
1.1088
1.1088
1.1088
1.1088
1.1088
1.1088
1.1088
1.1088
1.1088
1.1088
1.1088
1.1088
1.1088
1.1088
1.1088
1.1088
1.1088
1.1088
1.1088
1.1088
1.1088
1.1088
1.1088
1.1088
1.1088
1.1088
1.1088
1.1088
1.1088
1.1088
1.1088
1.1088
1.1088
1.1088
1.1088
1.1088
1.1089
1.1091
1.1096
1.1106
1.1126
1.1163
1.1248
1.1429
1.1841
1.2803
1.5002
1.9749
2.9185
4.6232
7.4023
11.4760
16.8347
23.1541
29.8321
36.1555
41.5213
45.6042
48.3926
50.1045
51.0516
51.5250
51.7365
51.8134
51.8119
51.7319
51.5168
51.0388
50.0856
48.3658
45.5678
41.4744
36.0985
29.7673
23.0847
16.7647
11.4091
7.3410
4.5687
2.8700
1.9299
1.4548
1.2303
1.1260
1.0743
1.0453
1.0270
1.0157
1.0084
1.0041
1.0019
1.0008
1.0003
1.0001
1.0000
1.0000
1.0000
1.0000
1.0000
1.0000
1.0000
1.0000
1.0000
1.0000
1.0000
1.0000
1.0000
1.0000
1.0000
1.0000
1.0000
1.0000
1.0000
1.0000
1.0001
1.0002
1.0005
1.0012
1.0027
1.0056
1.0107
1.0193
1.0348
1.0625
1.1160
1.2272
1.4650
1.9603
2.9275
4.6590
7.4684
11.5762
16.9728
23.3338
30.0564
36.4257
41.8370
45.9622
48.7878
50.5305
51.5014
51.9924
52.2161
52.3005
52.3027
52.2227
52.0043
51.5199
50.5575
48.8259
46.0137
41.9033
36.5064
30.1490
23.4340
17.0753
11.6757
7.5604
4.7403
2.9968
2.0180
1.5129
1.2679
1.1521
1.0963
1.0679
1.0526
1.0447
1.0402
1.0378
1.0366
1.0360
1.0358
1.0357
1.0356
1.0356
1.0356
1.0356
1.0356
1.0356
1.0356
1.0356
1.0356
1.0356
1.0356
1.0356
1.0356
1.0356
1.0356
1.0356
1.0356
1.0356
1.0356
1.0356
1.0356
1.0356
1.0356
1.0356
1.0356
1.0356
1.0356
1.0356
1.0356
1.0356
1.0356
1.0356
1.0356
1.0356
1.0356
1.0356
1.0356
1.0356
1.0356
1.0356
1.0356
1.0356
1.0356
1.0356
1.0356
1.0356
1.0356
1.0356
1.0356
1.0356
1.0356
1.0356
1.0356
1.0356
1.0356
1.0356
1.0356
1.0356
1.0356
1.0356
1.0357
1.0358
1.0360
1.0366
1.0378
1.0402
1.0447
1.0526
1.0679
1.0963
1.1521
1.2679
1.5129
2.0180
2.9968
4.7403
7.5604
11.6757
17.0753
23.4340
30.1490
36.5064
41.9033
46.0137
48.8259
50.5575
51.5199
52.0043
52.2227
52.3027
52.3005
52.2161
51.9924
51.5014
50.5305
48.7878
45.9622
41.8370
36.4257
30.0564
23.3338
16.9728
11.5762
7.4684
4.6590
2.9275
1.9603
1.4650
1.2272
1.1160
1.0625
1.0348
1.0193
1.0107
1.0056
1.0027
1.0012
1.0005
1.0002
1.0001
1.0000
1.0000
1.0000
1.0000
1.0000
1.0000
1.0000
1.0000
1.0000
1.0000
1.0000
1.0000
1.0000
1.0000
1.0000
1.0000
1.0000
1.0000
1.0000
1.0000
1.0001
1.0004
1.0009
1.0020
1.0042
1.0084
1.0159
1.0285
1.0507
1.0891
1.1585
1.2921
1.5592
2.0907
3.0997
4.8770
7.7344
11.8903
17.3338
23.7390
30.5024
36.9085
42.3523
46.5054
49.3544
51.1160
52.1017
52.6035
52.8344
52.9228
52.9258
52.8435
52.6196
52.1263
51.1515
49.4040
46.5720
42.4378
37.0129
30.6230
23.8710
17.4710
12.0262
7.8626
4.9928
3.1999
2.1742
1.6264
1.3446
1.1986
1.1192
1.0733
1.0458
1.0299
1.0205
1.0152
1.0125
1.0112
1.0106
1.0103
1.0102
1.0102
1.0101
1.0101
1.0101
1.0101
1.0101
1.0101
1.0101
1.0101
1.0101
1.0101
1.0101
1.0101
1.0101
1.0101
1.0101
1.0101
1.0101
1.0101
1.0101
1.0101
1.0101
1.0101
1.0101
1.0101
1.0101
1.0101
1.0101
1.0101
1.0101
1.0101
1.0101
1.0101
1.0101
1.0101
1.0101
1.0101
1.0101
1.0101
1.0101
1.0101
1.0101
1.0101
1.0101
1.0101
1.0101
1.0101
1.0101
1.0101
1.0101
1.0101
1.0101
1.0101
1.0101
1.0101
1.0101
1.0101
1.0102
1.0102
1.0103
1.0106
1.0112
1.0125
1.0152
1.0205
1.0299
1.0458
1.0733
1.1192
1.1986
1.3446
1.6264
2.1742
3.1999
4.9928
7.8626
12.0262
17.4710
23.8710
30.6230
37.0129
42.4378
46.5720
49.4040
51.1515
52.1263
52.6196
52.8435
52.9258
52.9228
52.8344
52.6035
52.1017
51.1160
49.3544
46.5054
42.3523
36.9085
30.5024
23.7390
17.3338
11.8903
7.7344
4.8770
3.0997
2.0907
1.5592
1.2921
1.1585
1.0891
1.0507
1.0285
1.0159
1.0084
1.0042
1.0020
1.0009
1.0004
1.0001
1.0000
1.0000
1.0000
1.0000
1.0000
1.0000
1.0000
1.0000
1.0000
1.0000
1.0000
1.0000
1.0000
1.0000
1.0000
1.0000
1.0000
1.0000
1.0000
1.0001
1.0003
1.0008
1.0020
1.0044
1.0089
1.0172
1.0313
1.0542
1.0916
1.1514
1.2493
1.4190
1.7295
2.3104
3.3728
5.2051
8.1165
12.3236
17.8138
24.2604
31.0595
37.4956
42.9639
47.1369
50.0017
51.7758
52.7713
53.2806
53.5168
53.6082
53.6120
53.5284
53.3010
52.8020
51.8195
50.0617
47.2165
43.0654
37.6194
31.2034
24.4198
17.9822
12.4938
8.2812
5.3580
3.5093
2.4275
1.8261
1.4954
1.3069
1.1926
1.1195
1.0721
1.0424
1.0241
1.0134
1.0076
1.0047
1.0033
1.0026
1.0024
1.0023
1.0022
1.0022
1.0022
1.0022
1.0022
1.0022
1.0022
1.0022
1.0022
1.0022
1.0022
1.0022
1.0022
1.0022
1.0022
1.0022
1.0022
1.0022
1.0022
1.0022
1.0022
1.0022
1.0022
1.0022
1.0022
1.0022
1.0022
1.0022
1.0022
1.0022
1.0022
1.0022
1.0022
1.0022
1.0022
1.0022
1.0022
1.0022
1.0022
1.0022
1.0022
1.0022
1.0022
1.0022
1.0022
1.0022
1.0022
1.0022
1.0022
1.0022
1.0022
1.0022
1.0022
1.0022
1.0022
1.0022
1.0023
1.0024
1.0026
1.0033
1.0047
1.0076
1.0134
1.0241
1.0424
1.0721
1.1195
1.1926
1.3069
1.4954
1.8261
2.4275
3.5093
5.3580
8.2812
12.4938
17.9822
24.4198
31.2034
37.6194
43.0654
47.2165
50.0617
51.8195
52.8020
53.3010
53.5284
53.6120
53.6082
53.5168
53.2806
52.7713
51.7758
50.0017
47.1369
42.9639
37.4956
31.0595
24.2604
17.8138
12.3236
8.1165
5.2051
3.3728
2.3104
1.7295
1.4190
1.2493
1.1514
1.0916
1.0542
1.0313
1.0172
1.0089
1.0044
1.0020
1.0008
1.0003
1.0001
1.0000
1.0000
1.0000
1.0000
1.0000
1.0000
1.0000
1.0000
1.0000
1.0000
1.0000
1.0000
1.0000
1.0000
1.0000
1.0000
1.0000
1.0001
1.0003
1.0008
1.0020
1.0045
1.0095
1.0188
1.0349
1.0613
1.1021
1.1645
1.2569
1.3957
1.6141
1.9795
2.6192
3.7414
5.6316
8.5964
12.8508
18.3812
24.8607
31.6858
38.1415
43.6243
47.8078
50.6802
52.4602
53.4607
53.9741
54.2136
54.3072
54.3119
54.2278
53.9986
53.4971
52.5110
50.7484
47.8968
43.7366
38.2779
31.8447
25.0385
18.5719
13.0476
8.7918
5.8186
3.9142
2.7730
2.1110
1.7215
1.4789
1.3173
1.2054
1.1279
1.0764
1.0432
1.0231
1.0116
1.0055
1.0025
1.0010
1.0004
1.0001
1.0000
1.0000
1.0000
1.0000
1.0000
1.0000
1.0000
1.0000
1.0000
1.0000
1.0000
1.0000
1.0000
1.0000
1.0000
1.0000
1.0000
1.0000
1.0000
1.0000
1.0000
1.0000
1.0000
1.0000
1.0000
1.0000
1.0000
1.0000
1.0000
1.0000
1.0000
1.0000
1.0000
1.0000
1.0000
1.0000
1.0000
1.0000
1.0000
1.0000
1.0000
1.0000
1.0000
1.0000
1.0000
1.0000
1.0000
1.0000
1.0000
1.0000
1.0000
1.0000
1.0000
1.0000
1.0000
1.0000
1.0001
1.0004
1.0010
1.0025
1.0055
1.0116
1.0231
1.0432
1.0764
1.1279
1.2054
1.3173
1.4789
1.7215
2.1110
2.7730
3.9142
5.8186
8.7918
13.0476
18.5719
25.0385
31.8447
38.2779
43.7366
47.8968
50.7484
52.5110
53.4971
53.9986
54.2278
54.3119
54.3072
54.2136
53.9741
53.4607
52.4602
50.6802
47.8078
43.6243
38.1415
31.6858
24.8607
18.3812
12.8508
8.5964
5.6316
3.7414
2.6192
1.9795
1.6141
1.3957
1.2569
1.1645
1.1021
1.0613
1.0349
1.0188
1.0095
1.0045
1.0020
1.0008
1.0003
1.0001
1.0000
1.0000
1.0000
1.0000
1.0000
1.0000
1.0000
1.0000
1.0000
1.0000
1.0000
1.0000
1.0000
1.0000
1.0000
1.0001
1.0002
1.0007
1.0018
1.0043
1.0094
1.0194
1.0371
1.0667
1.1130
1.1816
1.2802
1.4175
1.6089
1.8857
2.3130
3.0147
4.1960
6.1395
9.1501
13.4419
19.0014
25.5025
32.3424
38.8078
44.2962
48.4827
51.3569
53.1384
54.1407
54.6564
54.8980
54.9934
54.9989
54.9148
54.6850
54.1824
53.1951
51.4313
48.5776
44.4140
38.9496
32.5075
25.6881
19.2033
13.6542
9.3664
6.3529
4.4001
3.2032
2.4801
2.0269
1.7216
1.5017
1.3390
1.2198
1.1363
1.0802
1.0446
1.0234
1.0116
1.0054
1.0024
1.0010
1.0004
1.0001
1.0000
1.0000
1.0000
1.0000
1.0000
1.0000
1.0000
1.0000
1.0000
1.0000
1.0000
1.0000
1.0000
1.0000
1.0000
1.0000
1.0000
1.0000
1.0000
1.0000
1.0000
1.0000
1.0000
1.0000
1.0000
1.0000
1.0000
1.0000
1.0000
1.0000
1.0000
1.0000
1.0000
1.0000
1.0000
1.0000
1.0000
1.0000
1.0000
1.0000
1.0000
1.0000
1.0000
1.0000
1.0000
1.0000
1.0000
1.0000
1.0000
1.0000
1.0000
1.0000
1.0000
1.0000
1.0001
1.0004
1.0010
1.0024
1.0054
1.0116
1.0234
1.0446
1.0802
1.1363
1.2198
1.3390
1.5017
1.7216
2.0269
2.4801
3.2032
4.4001
6.3529
9.3664
13.6542
19.2033
25.6881
32.5075
38.9496
44.4140
48.5776
51.4313
53.1951
54.1824
54.6850
54.9148
54.9989
54.9934
54.8980
54.6564
54.1407
53.1384
51.3569
48.4827
44.2962
38.8078
32.3424
25.5025
19.0014
13.4419
9.1501
6.1395
4.1960
3.0147
2.3130
1.8857
1.6089
1.4175
1.2802
1.1816
1.1130
1.0667
1.0371
1.0194
1.0094
1.0043
1.0018
1.0007
1.0002
1.0001
1.0000
1.0000
1.0000
1.0000
1.0000
1.0000
1.0000
1.0000
1.0000
1.0000
1.0000
1.0000
1.0000
1.0001
1.0002
1.0005
1.0015
1.0037
1.0087
1.0185
1.0369
1.0685
1.1191
1.1952
1.3029
1.4498
1.6430
1.8956
2.2358
2.7253
3.4849
4.7170
6.7027
9.7465
14.0628
19.6394
26.1514
32.9977
39.4661
44.9554
49.1419
52.0161
53.7982
54.8021
55.3200
55.5640
55.6613
55.6677
55.5835
55.3527
54.8489
53.8605
52.0955
49.2407
45.0754
39.6084
33.1621
26.3365
19.8423
14.2797
9.9725
6.9321
4.9435
3.7011
2.9234
2.4084
2.0373
1.7521
1.5284
1.3562
1.2295
1.1404
1.0814
1.0446
1.0231
1.0112
1.0051
1.0022
1.0009
1.0003
1.0001
1.0000
1.0000
1.0000
1.0000
1.0000
1.0000
1.0000
1.0000
1.0000
1.0000
1.0000
1.0000
1.0000
1.0000
1.0000
1.0000
1.0000
1.0000
1.0000
1.0000
1.0000
1.0000
1.0000
1.0000
1.0000
1.0000
1.0000
1.0000
1.0000
1.0000
1.0000
1.0000
1.0000
1.0000
1.0000
1.0000
1.0000
1.0000
1.0000
1.0000
1.0000
1.0000
1.0000
1.0000
1.0000
1.0000
1.0000
1.0000
1.0000
1.0000
1.0000
1.0000
1.0001
1.0003
1.0009
1.0022
1.0051
1.0112
1.0231
1.0446
1.0814
1.1404
1.2295
1.3562
1.5284
1.7521
2.0373
2.4084
2.9234
3.7011
4.9435
6.9321
9.9725
14.2797
19.8423
26.3365
33.1621
39.6084
45.0754
49.2407
52.0955
53.8605
54.8489
55.3527
55.5835
55.6677
55.6613
55.5640
55.3200
54.8021
53.7982
52.0161
49.1419
44.9554
39.4661
32.9977
26.1514
19.6394
14.0628
9.7465
6.7027
4.7170
3.4849
2.7253
2.2358
1.8956
1.6430
1.4498
1.3029
1.1952
1.1191
1.0685
1.0369
1.0185
1.0087
1.0037
1.0015
1.0005
1.0002
1.0001
1.0000
1.0000
1.0000
1.0000
1.0000
1.0000
1.0000
1.0000
1.0000
1.0000
1.0000
1.0000
1.0001
1.0004
1.0012
1.0031
1.0074
1.0165
1.0342
1.0659
1.1184
1.1996
1.3166
1.4754
1.6814
1.9387
2.2563
2.6585
3.2036
4.0102
5.2796
7.2931
10.3563
14.6853
20.2697
26.7863
33.6353
40.1054
45.5961
49.7842
52.6608
54.4462
55.4539
55.9760
56.2237
56.3235
56.3309
56.2460
56.0132
55.5063
54.5144
52.7457
49.8870
45.7178
40.2467
33.7964
26.9666
20.4678
14.8991
10.5829
7.5284
5.5181
4.2443
3.4241
2.8558
2.4230
2.0711
1.7807
1.5463
1.3655
1.2326
1.1404
1.0802
1.0432
1.0219
1.0104
1.0046
1.0019
1.0007
1.0002
1.0001
1.0000
1.0000
1.0000
1.0000
1.0000
1.0000
1.0000
1.0000
1.0000
1.0000
1.0000
1.0000
1.0000
1.0000
1.0000
1.0000
1.0000
1.0000
1.0000
1.0000
1.0000
1.0000
1.0000
1.0000
1.0000
1.0000
1.0000
1.0000
1.0000
1.0000
1.0000
1.0000
1.0000
1.0000
1.0000
1.0000
1.0000
1.0000
1.0000
1.0000
1.0000
1.0000
1.0000
1.0000
1.0000
1.0000
1.0000
1.0000
1.0000
1.0000
1.0001
1.0002
1.0007
1.0019
1.0046
1.0104
1.0219
1.0432
1.0802
1.1404
1.2326
1.3655
1.5463
1.7807
2.0711
2.4230
2.8558
3.4241
4.2443
5.5181
7.5284
10.5829
14.8991
20.4678
26.9666
33.7964
40.2467
45.7178
49.8870
52.7457
54.5144
55.5063
56.0132
56.2460
56.3309
56.3235
56.2237
55.9760
55.4539
54.4462
52.6608
49.7842
45.5961
40.1054
33.6353
26.7863
20.2697
14.6853
10.3563
7.2931
5.2796
4.0102
3.2036
2.6585
2.2563
1.9387
1.6814
1.4754
1.3166
1.1996
1.1184
1.0659
1.0342
1.0165
1.0074
1.0031
1.0012
1.0004
1.0001
1.0000
1.0000
1.0000
1.0000
1.0000
1.0000
1.0000
1.0000
1.0000
1.0000
1.0000
1.0001
1.0003
1.0008
1.0023
1.0059
1.0137
1.0296
1.0594
1.1107
1.1929
1.3149
1.4841
1.7041
1.9769
2.3013
2.6817
3.1384
3.7273
4.5664
5.8582
7.8859
10.9576
15.2918
20.8799
27.4003
34.2537
40.7292
46.2262
50.4215
53.3058
55.0993
56.1150
56.6442
56.8975
57.0009
57.0094
56.9230
56.6865
56.1739
55.1747
53.3978
50.5302
46.3519
40.8719
34.4134
27.5767
21.0725
15.4998
11.1798
8.1199
6.0997
4.8083
3.9601
3.3519
2.8674
2.4544
2.0975
1.7961
1.5528
1.3655
1.2295
1.1363
1.0764
1.0402
1.0198
1.0091
1.0039
1.0015
1.0006
1.0002
1.0001
1.0000
1.0000
1.0000
1.0000
1.0000
1.0000
1.0000
1.0000
1.0000
1.0000
1.0000
1.0000
1.0000
1.0000
1.0000
1.0000
1.0000
1.0000
1.0000
1.0000
1.0000
1.0000
1.0000
1.0000
1.0000
1.0000
1.0000
1.0000
1.0000
1.0000
1.0000
1.0000
1.0000
1.0000
1.0000
1.0000
1.0000
1.0000
1.0000
1.0000
1.0000
1.0000
1.0000
1.0000
1.0000
1.0000
1.0000
1.0000
1.0001
1.0002
1.0006
1.0015
1.0039
1.0091
1.0198
1.0402
1.0764
1.1363
1.2295
1.3655
1.5528
1.7961
2.0975
2.4544
2.8674
3.3519
3.9601
4.8083
6.0997
8.1199
11.1798
15.4998
21.0725
27.5767
34.4134
40.8719
46.3519
50.5302
53.3978
55.1747
56.1739
56.6865
56.9230
57.0094
57.0009
56.8975
56.6442
56.1150
55.0993
53.3058
50.4215
46.2262
40.7292
34.2537
27.4003
20.8799
15.2918
10.9576
7.8859
5.8582
4.5664
3.7273
3.1384
2.6817
2.3013
1.9769
1.7041
1.4841
1.3149
1.1929
1.1107
1.0594
1.0296
1.0137
1.0059
1.0023
1.0008
1.0003
1.0001
1.0000
1.0000
1.0000
1.0000
1.0000
1.0000
1.0000
1.0000
1.0000
1.0000
1.0002
1.0006
1.0016
1.0044
1.0107
1.0241
1.0503
1.0976
1.1761
1.2971
1.4700
1.7005
1.9885
2.3304
2.7193
3.1547
3.6540
4.2726
5.1301
6.4319
8.4646
11.5393
15.8772
21.4709
27.9993
34.8632
41.3511
46.8620
51.0717
53.9705
55.7779
56.8062
57.3460
57.6074
57.7155
57.7253
57.6366
57.3943
56.8730
55.8625
54.0722
51.1897
46.9956
41.4998
35.0264
28.1765
21.6618
16.0817
11.7572
8.6945
6.6708
5.3721
4.5093
3.8759
3.3537
2.8908
2.4739
2.1063
1.7961
1.5463
1.3562
1.2198
1.1279
1.0699
1.0357
1.0170
1.0075
1.0031
1.0012
1.0004
1.0001
1.0000
1.0000
1.0000
1.0000
1.0000
1.0000
1.0000
1.0000
1.0000
1.0000
1.0000
1.0000
1.0000
1.0000
1.0000
1.0000
1.0000
1.0000
1.0000
1.0000
1.0000
1.0000
1.0000
1.0000
1.0000
1.0000
1.0000
1.0000
1.0000
1.0000
1.0000
1.0000
1.0000
1.0000
1.0000
1.0000
1.0000
1.0000
1.0000
1.0000
1.0000
1.0000
1.0000
1.0000
1.0000
1.0000
1.0000
1.0000
1.0001
1.0004
1.0012
1.0031
1.0075
1.0170
1.0357
1.0699
1.1279
1.2198
1.3562
1.5463
1.7961
2.1063
2.4739
2.8908
3.3537
3.8759
4.5093
5.3721
6.6708
8.6945
11.7572
16.0817
21.6618
28.1765
35.0264
41.4998
46.9956
51.1897
54.0722
55.8625
56.8730
57.3943
57.6366
57.7253
57.7155
57.6074
57.3460
56.8062
55.7779
53.9705
51.0717
46.8620
41.3511
34.8632
27.9993
21.4709
15.8772
11.5393
8.4646
6.4319
5.1301
4.2726
3.6540
3.1547
2.7193
2.3304
1.9885
1.7005
1.4700
1.2971
1.1761
1.0976
1.0503
1.0241
1.0107
1.0044
1.0016
1.0006
1.0002
1.0000
1.0000
1.0000
1.0000
1.0000
1.0000
1.0000
1.0000
1.0000
1.0001
1.0004
1.0011
1.0031
1.0079
1.0186
1.0404
1.0815
1.1526
1.2664
1.4351
1.6671
1.9645
2.3219
2.7294
3.1746
3.6533
4.1819
4.8176
5.6831
6.9880
9.0227
12.1015
16.4469
22.0524
28.5966
35.4794
41.9884
47.5213
51.7533
54.6735
56.5007
57.5463
58.1002
58.3720
58.4862
58.4975
58.4057
58.1557
57.6226
56.5967
54.7878
51.8844
47.6677
42.1486
35.6523
28.7812
22.2481
16.6535
12.3189
9.2503
7.2235
5.9222
5.0538
4.4080
3.8629
3.3644
2.8987
2.4716
2.0953
1.7785
1.5262
1.3367
1.2032
1.1151
1.0610
1.0301
1.0138
1.0059
1.0023
1.0008
1.0003
1.0001
1.0000
1.0000
1.0000
1.0000
1.0000
1.0000
1.0000
1.0000
1.0000
1.0000
1.0000
1.0000
1.0000
1.0000
1.0000
1.0000
1.0000
1.0000
1.0000
1.0000
1.0000
1.0000
1.0000
1.0000
1.0000
1.0000
1.0000
1.0000
1.0000
1.0000
1.0000
1.0000
1.0000
1.0000
1.0000
1.0000
1.0000
1.0000
1.0000
1.0000
1.0000
1.0000
1.0000
1.0000
1.0000
1.0000
1.0001
1.0003
1.0008
1.0023
1.0059
1.0138
1.0301
1.0610
1.1151
1.2032
1.3367
1.5262
1.7785
2.0953
2.4716
2.8987
3.3644
3.8629
4.4080
5.0538
5.9222
7.2235
9.2503
12.3189
16.6535
22.2481
28.7812
35.6523
42.1486
47.6677
51.8844
54.7878
56.5967
57.6226
58.1557
58.4057
58.4975
58.4862
58.3720
58.1002
57.5463
56.5007
54.6735
51.7533
47.5213
41.9884
35.4794
28.5966
22.0524
16.4469
12.1015
9.0227
6.9880
5.6831
4.8176
4.1819
3.6533
3.1746
2.7294
2.3219
1.9645
1.6671
1.4351
1.2664
1.1526
1.0815
1.0404
1.0186
1.0079
1.0031
1.0011
1.0004
1.0001
1.0000
1.0000
1.0000
1.0000
1.0000
1.0000
1.0000
1.0001
1.0002
1.0007
1.0020
1.0055
1.0136
1.0308
1.0647
1.1260
1.2280
1.3850
1.6088
1.9049
2.2703
2.6932
3.1576
3.6472
4.1563
4.7026
5.3465
6.2154
7.5228
9.5627
12.6514
17.0122
22.6383
29.2075
36.1182
42.6569
48.2202
52.4818
55.4300
57.2826
58.3501
58.9218
59.2063
59.3280
59.3410
59.2452
58.9858
58.4379
57.3925
55.5601
52.6298
48.3840
42.8343
36.3072
29.4063
22.8458
17.2277
12.8745
9.7927
7.7582
6.4533
5.5827
4.9327
4.3769
3.8570
3.3565
2.8807
2.4443
2.0610
1.7420
1.4916
1.3072
1.1802
1.0989
1.0506
1.0240
1.0106
1.0043
1.0016
1.0005
1.0002
1.0000
1.0000
1.0000
1.0000
1.0000
1.0000
1.0000
1.0000
1.0000
1.0000
1.0000
1.0000
1.0000
1.0000
1.0000
1.0000
1.0000
1.0000
1.0000
1.0000
1.0000
1.0000
1.0000
1.0000
1.0000
1.0000
1.0000
1.0000
1.0000
1.0000
1.0000
1.0000
1.0000
1.0000
1.0000
1.0000
1.0000
1.0000
1.0000
1.0000
1.0000
1.0000
1.0000
1.0000
1.0000
1.0000
1.0002
1.0005
1.0016
1.0043
1.0106
1.0240
1.0506
1.0989
1.1802
1.3072
1.4916
1.7420
2.0610
2.4443
2.8807
3.3565
3.8570
4.3769
4.9327
5.5827
6.4533
7.7582
9.7927
12.8745
17.2277
22.8458
29.4063
36.3072
42.8343
48.3840
52.6298
55.5601
57.3925
58.4379
58.9858
59.2452
59.3410
59.3280
59.2063
58.9218
58.3501
57.2826
55.4300
52.4818
48.2202
42.6569
36.1182
29.2075
22.6383
17.0122
12.6514
9.5627
7.5228
6.2154
5.3465
4.7026
4.1563
3.6472
3.1576
2.6932
2.2703
1.9049
1.6088
1.3850
1.2280
1.1260
1.0647
1.0308
1.0136
1.0055
1.0020
1.0007
1.0002
1.0001
1.0000
1.0000
1.0000
1.0000
1.0000
1.0000
1.0001
1.0004
1.0013
1.0036
1.0094
1.0223
1.0490
1.0993
1.1868
1.3269
1.5342
1.8181
2.1795
2.6092
3.0890
3.5985
4.1194
4.6473
5.2032
5.8519
6.7249
8.0396
10.0921
13.1996
17.5853
23.2417
29.8451
36.7927
43.3695
48.9707
53.2691
56.2517
58.1351
59.2292
59.8222
60.1222
60.2527
60.2679
60.1673
59.8963
59.3306
58.2617
56.4008
53.4380
49.1565
43.5691
37.0036
30.0647
23.4680
17.8170
13.4355
10.3313
8.2810
6.9667
6.0921
5.4405
4.8814
4.3515
3.8296
3.3181
2.8318
2.3874
2.0018
1.6860
1.4433
1.2691
1.1528
1.0809
1.0398
1.0181
1.0076
1.0029
1.0010
1.0003
1.0001
1.0000
1.0000
1.0000
1.0000
1.0000
1.0000
1.0000
1.0000
1.0000
1.0000
1.0000
1.0000
1.0000
1.0000
1.0000
1.0000
1.0000
1.0000
1.0000
1.0000
1.0000
1.0000
1.0000
1.0000
1.0000
1.0000
1.0000
1.0000
1.0000
1.0000
1.0000
1.0000
1.0000
1.0000
1.0000
1.0000
1.0000
1.0000
1.0000
1.0000
1.0000
1.0000
1.0000
1.0000
1.0001
1.0003
1.0010
1.0029
1.0076
1.0181
1.0398
1.0809
1.1528
1.2691
1.4433
1.6860
2.0018
2.3874
2.8318
3.3181
3.8296
4.3515
4.8814
5.4405
6.0921
6.9667
8.2810
10.3313
13.4355
17.8170
23.4680
30.0647
37.0036
43.5691
49.1565
53.4380
56.4008
58.2617
59.3306
59.8963
60.1673
60.2679
60.2527
60.1222
59.8222
59.2292
58.1351
56.2517
53.2691
48.9707
43.3695
36.7927
29.8451
23.2417
17.5853
13.1996
10.0921
8.0396
6.7249
5.8519
5.2032
4.6473
4.1194
3.5985
3.0890
2.6092
2.1795
1.8181
1.5342
1.3269
1.1868
1.0993
1.0490
1.0223
1.0094
1.0036
1.0013
1.0004
1.0001
1.0000
1.0000
1.0000
1.0000
1.0000
1.0000
1.0002
1.0007
1.0022
1.0061
1.0153
1.0353
1.0748
1.1466
1.2666
1.4514
1.7142
2.0604
2.4847
2.9712
3.4966
4.0382
4.5786
5.1170
5.6788
6.3334
7.2160
8.5459
10.6204
13.7566
18.1771
23.8731
30.5195
37.5123
44.1350
49.7817
54.1239
57.1473
59.0676
60.1932
60.8116
61.1298
61.2709
61.2885
61.1822
60.8976
60.3107
59.2138
57.3191
54.3177
49.9939
44.3618
37.7503
30.7655
24.1243
18.4313
14.0121
10.8758
8.8002
7.4683
6.5835
5.9277
5.3673
4.8340
4.3014
3.7671
3.2431
2.7471
2.2996
1.9182
1.6127
1.3844
1.2257
1.1235
1.0627
1.0295
1.0128
1.0051
1.0018
1.0006
1.0002
1.0000
1.0000
1.0000
1.0000
1.0000
1.0000
1.0000
1.0000
1.0000
1.0000
1.0000
1.0000
1.0000
1.0000
1.0000
1.0000
1.0000
1.0000
1.0000
1.0000
1.0000
1.0000
1.0000
1.0000
1.0000
1.0000
1.0000
1.0000
1.0000
1.0000
1.0000
1.0000
1.0000
1.0000
1.0000
1.0000
1.0000
1.0000
1.0000
1.0000
1.0000
1.0000
1.0000
1.0000
1.0002
1.0006
1.0018
1.0051
1.0128
1.0295
1.0627
1.1235
1.2257
1.3844
1.6127
1.9182
2.2996
2.7471
3.2431
3.7671
4.3014
4.8340
5.3673
5.9277
6.5835
7.4683
8.8002
10.8758
14.0121
18.4313
24.1243
30.7655
37.7503
44.3618
49.9939
54.3177
57.3191
59.2138
60.3107
60.8976
61.1822
61.2885
61.2709
61.1298
60.8116
60.1932
59.0676
57.1473
54.1239
49.7817
44.1350
37.5123
30.5195
23.8731
18.1771
13.7566
10.6204
8.5459
7.2160
6.3334
5.6788
5.1170
4.5786
4.0382
3.4966
2.9712
2.4847
2.0604
1.7142
1.4514
1.2666
1.1466
1.0748
1.0353
1.0153
1.0061
1.0022
1.0007
1.0002
1.0000
1.0000
1.0000
1.0000
1.0000
1.0001
1.0004
1.0013
1.0038
1.0100
1.0241
1.0536
1.1100
1.2086
1.3673
1.6022
1.9235
2.3310
2.8126
3.3461
3.9050
4.4669
5.0182
5.5626
6.1309
6.7961
7.6956
9.0500
11.1562
14.3307
18.7951
24.5393
31.2371
38.2831
44.9596
50.6595
55.0529
58.1242
60.0878
61.2507
61.8990
62.2389
62.3925
62.4130
62.2999
61.9990
61.3871
60.2571
58.3226
55.2759
50.9026
45.2184
38.5532
31.5146
24.8208
19.0776
14.6119
11.4342
9.3238
7.9648
7.0616
6.3954
5.8309
5.2960
4.7591
4.2124
3.6632
3.1272
2.6265
2.1832
1.8142
1.5270
1.3194
1.1804
1.0945
1.0458
1.0204
1.0084
1.0031
1.0010
1.0003
1.0001
1.0000
1.0000
1.0000
1.0000
1.0000
1.0000
1.0000
1.0000
1.0000
1.0000
1.0000
1.0000
1.0000
1.0000
1.0000
1.0000
1.0000
1.0000
1.0000
1.0000
1.0000
1.0000
1.0000
1.0000
1.0000
1.0000
1.0000
1.0000
1.0000
1.0000
1.0000
1.0000
1.0000
1.0000
1.0000
1.0000
1.0000
1.0000
1.0000
1.0000
1.0000
1.0000
1.0001
1.0003
1.0010
1.0031
1.0084
1.0204
1.0458
1.0945
1.1804
1.3194
1.5270
1.8142
2.1832
2.6265
3.1272
3.6632
4.2124
4.7591
5.2960
5.8309
6.3954
7.0616
7.9648
9.3238
11.4342
14.6119
19.0776
24.8208
31.5146
38.5532
45.2184
50.9026
55.2759
58.3226
60.2571
61.3871
61.9990
62.2999
62.4130
62.3925
62.2389
61.8990
61.2507
60.0878
58.1242
55.0529
50.6595
44.9596
38.2831
31.2371
24.5393
18.7951
14.3307
11.1562
9.0500
7.6956
6.7961
6.1309
5.5626
5.0182
4.4669
3.9050
3.3461
2.8126
2.3310
1.9235
1.6022
1.3673
1.2086
1.1100
1.0536
1.0241
1.0100
1.0038
1.0013
1.0004
1.0001
1.0000
1.0000
1.0000
1.0000
1.0002
1.0007
1.0022
1.0061
1.0156
1.0366
1.0787
1.1563
1.2871
1.4896
1.7783
2.1587
2.6238
3.1545
3.7242
4.3055
4.8790
5.4360
5.9860
6.5643
7.2466
8.1714
9.5590
11.7059
14.9273
19.4438
25.2443
32.0013
39.1086
45.8471
51.6085
56.0614
59.1887
61.2030
62.4098
63.0936
63.4591
63.6276
63.6516
63.5304
63.2102
62.5685
61.3996
59.4183
56.3185
51.8877
46.1429
39.4158
32.3153
25.5609
19.7596
15.2393
12.0119
9.8579
8.4628
7.5320
6.8473
6.2726
5.7336
5.1947
4.6424
4.0785
3.5145
2.9713
2.4734
2.0432
1.6955
1.4343
1.2527
1.1364
1.0680
1.0312
1.0131
1.0050
1.0017
1.0005
1.0001
1.0000
1.0000
1.0000
1.0000
1.0000
1.0000
1.0000
1.0000
1.0000
1.0000
1.0000
1.0000
1.0000
1.0000
1.0000
1.0000
1.0000
1.0000
1.0000
1.0000
1.0000
1.0000
1.0000
1.0000
1.0000
1.0000
1.0000
1.0000
1.0000
1.0000
1.0000
1.0000
1.0000
1.0000
1.0000
1.0000
1.0000
1.0000
1.0000
1.0000
1.0000
1.0000
1.0001
1.0005
1.0017
1.0050
1.0131
1.0312
1.0680
1.1364
1.2527
1.4343
1.6955
2.0432
2.4734
2.9713
3.5145
4.0785
4.6424
5.1947
5.7336
6.2726
6.8473
7.5320
8.4628
9.8579
12.0119
15.2393
19.7596
25.5609
32.3153
39.4158
46.1429
51.8877
56.3185
59.4183
61.3996
62.5685
63.2102
63.5304
63.6516
63.6276
63.4591
63.0936
62.4098
61.2030
59.1887
56.0614
51.6085
45.8471
39.1086
32.0013
25.2443
19.4438
14.9273
11.7059
9.5590
8.1714
7.2466
6.5643
5.9860
5.4360
4.8790
4.3055
3.7242
3.1545
2.6238
2.1587
1.7783
1.4896
1.2871
1.1563
1.0787
1.0366
1.0156
1.0061
1.0022
1.0007
1.0002
1.0000
1.0000
1.0000
1.0001
1.0003
1.0012
1.0035
1.0095
1.0236
1.0536
1.1117
1.2150
1.3828
1.6333
1.9775
2.4149
2.9312
3.5018
4.0974
4.6923
5.2716
5.8329
6.3909
6.9845
7.6910
8.6489
10.0778
12.2729
15.5488
20.1249
25.9892
32.8135
39.9905
46.8000
52.6321
57.1539
60.3465
62.4202
63.6788
64.4046
64.8006
64.9869
65.0151
64.8843
64.5411
63.8640
62.6490
60.6125
57.4507
52.9530
47.1383
40.3402
33.1691
26.3458
20.4785
15.8961
12.6114
10.4060
8.9666
7.9996
7.2879
6.6955
6.1473
5.6047
5.0498
4.4786
3.8971
3.3224
2.7790
2.2931
1.8860
1.5687
1.3402
1.1887
1.0966
1.0455
1.0196
1.0077
1.0028
1.0009
1.0002
1.0001
1.0000
1.0000
1.0000
1.0000
1.0000
1.0000
1.0000
1.0000
1.0000
1.0000
1.0000
1.0000
1.0000
1.0000
1.0000
1.0000
1.0000
1.0000
1.0000
1.0000
1.0000
1.0000
1.0000
1.0000
1.0000
1.0000
1.0000
1.0000
1.0000
1.0000
1.0000
1.0000
1.0000
1.0000
1.0000
1.0000
1.0000
1.0000
1.0000
1.0000
1.0001
1.0002
1.0009
1.0028
1.0077
1.0196
1.0455
1.0966
1.1887
1.3402
1.5687
1.8860
2.2931
2.7790
3.3224
3.8971
4.4786
5.0498
5.6047
6.1473
6.6955
7.2879
7.9996
8.9666
10.4060
12.6114
15.8961
20.4785
26.3458
33.1691
40.3402
47.1383
52.9530
57.4507
60.6125
62.6490
63.8640
64.5411
64.8843
65.0151
64.9869
64.8006
64.4046
63.6788
62.4202
60.3465
57.1539
52.6321
46.8000
39.9905
32.8135
25.9892
20.1249
15.5488
12.2729
10.0778
8.6489
7.6910
6.9845
6.3909
5.8329
5.2716
4.6923
4.0974
3.5018
2.9312
2.4149
1.9775
1.6333
1.3828
1.2150
1.1117
1.0536
1.0236
1.0095
1.0035
1.0012
1.0003
1.0001
1.0000
1.0000
1.0001
1.0006
1.0019
1.0054
1.0143
1.0345
1.0759
1.1536
1.2868
1.4958
1.7967
2.1959
2.6858
3.2457
3.8466
4.4592
5.0613
5.6440
6.2108
6.7811
7.3960
8.1335
9.1313
10.6081
12.8581
16.1950
20.8376
26.7733
33.6732
40.9289
47.8190
53.7323
58.3338
61.6024
63.7460
65.0658
65.8415
66.2741
66.4816
66.5147
66.3724
66.0016
65.2825
64.0127
61.9113
58.6768
54.1013
48.2061
41.3269
34.0757
27.1748
21.2336
16.5817
13.2329
10.9693
9.4785
8.4679
7.7213
7.1037
6.5396
5.9892
5.4313
4.8567
4.2652
3.6689
3.0897
2.5554
2.0925
1.7194
1.4415
1.2512
1.1319
1.0637
1.0281
1.0113
1.0042
1.0014
1.0004
1.0001
1.0000
1.0000
1.0000
1.0000
1.0000
1.0000
1.0000
1.0000
1.0000
1.0000
1.0000
1.0000
1.0000
1.0000
1.0000
1.0000
1.0000
1.0000
1.0000
1.0000
1.0000
1.0000
1.0000
1.0000
1.0000
1.0000
1.0000
1.0000
1.0000
1.0000
1.0000
1.0000
1.0000
1.0000
1.0000
1.0000
1.0000
1.0000
1.0000
1.0000
1.0001
1.0004
1.0014
1.0042
1.0113
1.0281
1.0637
1.1319
1.2512
1.4415
1.7194
2.0925
2.5554
3.0897
3.6689
4.2652
4.8567
5.4313
5.9892
6.5396
7.1037
7.7213
8.4679
9.4785
10.9693
13.2329
16.5817
21.2336
27.1748
34.0757
41.3269
48.2061
54.1013
58.6768
61.9113
64.0127
65.2825
66.0016
66.3724
66.5147
66.4816
66.2741
65.8415
65.0658
63.7460
61.6024
58.3338
53.7323
47.8190
40.9289
33.6732
26.7733
20.8376
16.1950
12.8581
10.6081
9.1313
8.1335
7.3960
6.7811
6.2108
5.6440
5.0613
4.4592
3.8466
3.2457
2.6858
2.1959
1.7967
1.4958
1.2868
1.1536
1.0759
1.0345
1.0143
1.0054
1.0019
1.0006
1.0001
1.0000
1.0001
1.0002
1.0009
1.0029
1.0081
1.0208
1.0486
1.1040
1.2047
1.3716
1.6246
1.9768
2.4284
2.9648
3.5598
4.1822
4.8047
5.4103
5.9964
6.5719
7.1594
7.8015
8.5757
9.6191
11.1493
13.4598
16.8637
21.5795
27.5941
34.5780
41.9220
48.9036
54.9097
59.6032
62.9603
65.1862
66.5784
67.4137
67.8900
68.1231
68.1623
68.0059
67.6022
66.8326
65.4977
63.3195
59.9999
55.3341
49.3463
42.3746
35.0331
28.0455
22.0221
17.2937
13.8742
11.5464
9.9983
8.9380
8.1501
7.5003
6.9139
6.3504
5.7865
5.2091
4.6122
4.0018
3.3957
2.8211
2.3082
1.8818
1.5541
1.3228
1.1735
1.0857
1.0388
1.0160
1.0060
1.0020
1.0006
1.0001
1.0000
1.0000
1.0000
1.0000
1.0000
1.0000
1.0000
1.0000
1.0000
1.0000
1.0000
1.0000
1.0000
1.0000
1.0000
1.0000
1.0000
1.0000
1.0000
1.0000
1.0000
1.0000
1.0000
1.0000
1.0000
1.0000
1.0000
1.0000
1.0000
1.0000
1.0000
1.0000
1.0000
1.0000
1.0000
1.0000
1.0000
1.0000
1.0000
1.0000
1.0001
1.0006
1.0020
1.0060
1.0160
1.0388
1.0857
1.1735
1.3228
1.5541
1.8818
2.3082
2.8211
3.3957
4.0018
4.6122
5.2091
5.7865
6.3504
6.9139
7.5003
8.1501
8.9380
9.9983
11.5464
13.8742
17.2937
22.0221
28.0455
35.0331
42.3746
49.3463
55.3341
59.9999
63.3195
65.4977
66.8326
67.6022
68.0059
68.1623
68.1231
67.8900
67.4137
66.5784
65.1862
62.9603
59.6032
54.9097
48.9036
41.9220
34.5780
27.5941
21.5795
16.8637
13.4598
11.1493
9.6191
8.5757
7.8015
7.1594
6.5719
5.9964
5.4103
4.8047
4.1822
3.5598
2.9648
2.4284
1.9768
1.6246
1.3716
1.2047
1.1040
1.0486
1.0208
1.0081
1.0029
1.0009
1.0002
1.0001
1.0001
1.0004
1.0014
1.0042
1.0116
1.0290
1.0661
1.1380
1.2646
1.4681
1.7667
2.1691
2.6688
3.2448
3.8666
4.5029
5.1304
5.7381
6.3293
6.9173
7.5271
8.2013
9.0171
10.1106
11.6987
14.0744
17.5508
22.3460
28.4470
35.5238
42.9663
50.0510
56.1628
60.9623
64.4226
66.7451
68.2234
69.1301
69.6590
69.9230
69.9694
69.7962
69.3525
68.5225
67.1099
64.8409
61.4216
56.6510
50.5570
43.4803
36.0374
28.9534
22.8397
18.0277
14.5316
12.1343
10.5241
9.4093
8.5749
7.8874
7.2726
6.6905
6.1165
5.5347
4.9339
4.3145
3.6891
3.0824
2.5264
2.0508
1.6749
1.4020
1.2210
1.1117
1.0517
1.0218
1.0084
1.0029
1.0009
1.0002
1.0000
1.0000
1.0000
1.0000
1.0000
1.0000
1.0000
1.0000
1.0000
1.0000
1.0000
1.0000
1.0000
1.0000
1.0000
1.0000
1.0000
1.0000
1.0000
1.0000
1.0000
1.0000
1.0000
1.0000
1.0000
1.0000
1.0000
1.0000
1.0000
1.0000
1.0000
1.0000
1.0000
1.0000
1.0000
1.0000
1.0000
1.0000
1.0000
1.0000
1.0002
1.0009
1.0029
1.0084
1.0218
1.0517
1.1117
1.2210
1.4020
1.6749
2.0508
2.5264
3.0824
3.6891
4.3145
4.9339
5.5347
6.1165
6.6905
7.2726
7.8874
8.5749
9.4093
10.5241
12.1343
14.5316
18.0277
22.8397
28.9534
36.0374
43.4803
50.5570
56.6510
61.4216
64.8409
67.1099
68.5225
69.3525
69.7962
69.9694
69.9230
69.6590
69.1301
68.2234
66.7451
64.4226
60.9623
56.1628
50.0510
42.9663
35.5238
28.4470
22.3460
17.5508
14.0744
11.6987
10.1106
9.0171
8.2013
7.5271
6.9173
6.3293
5.7381
5.1304
4.5029
3.8666
3.2448
2.6688
2.1691
1.7667
1.4681
1.2646
1.1380
1.0661
1.0290
1.0116
1.0042
1.0014
1.0004
1.0001
1.0002
1.0006
1.0020
1.0059
1.0160
1.0391
1.0871
1.1775
1.3324
1.5739
1.9181
2.3680
2.9104
3.5187
4.1599
4.8045
5.4342
6.0442
6.6433
7.2478
7.8840
8.5945
9.4554
10.6024
12.2518
14.6967
18.2501
23.1306
29.3249
36.5031
44.0545
51.2543
57.4858
62.4069
65.9870
68.4231
70.0036
70.9957
71.5882
71.8897
71.9449
71.7513
71.2592
70.3563
68.8509
66.4745
62.9386
58.0470
51.8319
44.6371
37.0813
29.8913
23.6794
18.7773
15.1992
12.7281
11.0519
9.8790
8.9944
8.2650
7.6173
7.0116
6.4231
5.8339
5.2291
4.6036
3.9646
3.3333
2.7413
2.2222
1.8011
1.4872
1.2736
1.1412
1.0667
1.0288
1.0113
1.0040
1.0013
1.0003
1.0001
1.0000
1.0000
1.0000
1.0000
1.0000
1.0000
1.0000
1.0000
1.0000
1.0000
1.0000
1.0000
1.0000
1.0000
1.0000
1.0000
1.0000
1.0000
1.0000
1.0000
1.0000
1.0000
1.0000
1.0000
1.0000
1.0000
1.0000
1.0000
1.0000
1.0000
1.0000
1.0000
1.0000
1.0000
1.0000
1.0000
1.0000
1.0000
1.0001
1.0003
1.0013
1.0040
1.0113
1.0288
1.0667
1.1412
1.2736
1.4872
1.8011
2.2222
2.7413
3.3333
3.9646
4.6036
5.2291
5.8339
6.4231
7.0116
7.6173
8.2650
8.9944
9.8790
11.0519
12.7281
15.1992
18.7773
23.6794
29.8913
37.0813
44.6371
51.8319
58.0470
62.9386
66.4745
68.8509
70.3563
71.2592
71.7513
71.9449
71.8897
71.5882
70.9957
70.0036
68.4231
65.9870
62.4069
57.4858
51.2543
44.0545
36.5031
29.3249
23.1306
18.2501
14.6967
12.2518
10.6024
9.4554
8.5945
7.8840
7.2478
6.6433
6.0442
5.4342
4.8045
4.1599
3.5187
2.9104
2.3680
1.9181
1.5739
1.3324
1.1775
1.0871
1.0391
1.0160
1.0059
1.0020
1.0006
1.0002
1.0002
1.0008
1.0027
1.0080
1.0212
1.0508
1.1109
1.2215
1.4058
1.6858
2.0738
2.5672
3.1464
3.7801
4.4346
5.0836
5.7146
6.3284
6.9383
7.5629
8.2289
8.9783
9.8869
11.0895
12.8026
15.3195
18.9537
23.9241
30.2179
37.5053
45.1754
52.5025
58.8683
63.9277
67.6463
70.2155
71.9173
73.0118
73.6812
74.0283
74.0943
73.8757
73.3250
72.3342
70.7180
68.2149
64.5431
59.5127
53.1605
45.8340
38.1543
30.8493
24.5320
19.5340
15.8697
13.3213
11.5764
10.3429
9.4057
8.6317
7.9479
7.3148
6.7079
6.1082
5.4981
4.8679
4.2196
3.5699
2.9490
2.3924
1.9299
1.5768
1.3304
1.1741
1.0840
1.0370
1.0148
1.0054
1.0017
1.0005
1.0001
1.0000
1.0000
1.0000
1.0000
1.0000
1.0000
1.0000
1.0000
1.0000
1.0000
1.0000
1.0000
1.0000
1.0000
1.0000
1.0000
1.0000
1.0000
1.0000
1.0000
1.0000
1.0000
1.0000
1.0000
1.0000
1.0000
1.0000
1.0000
1.0000
1.0000
1.0000
1.0000
1.0000
1.0000
1.0000
1.0000
1.0000
1.0000
1.0001
1.0005
1.0017
1.0054
1.0148
1.0370
1.0840
1.1741
1.3304
1.5768
1.9299
2.3924
2.9490
3.5699
4.2196
4.8679
5.4981
6.1082
6.7079
7.3148
7.9479
8.6317
9.4057
10.3429
11.5764
13.3213
15.8697
19.5340
24.5320
30.8493
38.1543
45.8340
53.1605
59.5127
64.5431
68.2149
70.7180
72.3342
73.3250
73.8757
74.0943
74.0283
73.6812
73.0118
71.9173
70.2155
67.6463
63.9277
58.8683
52.5025
45.1754
37.5053
30.2179
23.9241
18.9537
15.3195
12.8026
11.0895
9.8869
8.9783
8.2289
7.5629
6.9383
6.3284
5.7146
5.0836
4.4346
3.7801
3.1464
2.5672
2.0738
1.6858
1.4058
1.2215
1.1109
1.0508
1.0212
1.0080
1.0027
1.0008
1.0002
1.0003
1.0011
1.0037
1.0105
1.0272
1.0639
1.1370
1.2683
1.4824
1.7996
2.2284
2.7604
3.3702
4.0233
4.6866
5.3381
5.9706
6.5903
7.2139
7.8613
8.5592
9.3492
10.3065
11.5657
13.3436
15.9340
19.6508
24.7139
31.1111
38.5131
46.3096
53.7746
60.2884
65.5032
69.3801
72.1041
73.9491
75.1663
75.9286
76.3311
76.4102
76.1612
75.5394
74.4429
72.6948
70.0430
66.2145
61.0267
54.5220
47.0516
39.2386
31.8117
25.3840
20.2867
16.5334
13.9058
12.0907
10.7955
9.8047
8.9848
8.2630
7.6002
6.9720
6.3591
5.7421
5.1078
4.4532
3.7904
3.1469
2.5585
2.0591
1.6691
1.3907
1.2098
1.1033
1.0464
1.0190
1.0070
1.0023
1.0007
1.0002
1.0000
1.0000
1.0000
1.0000
1.0000
1.0000
1.0000
1.0000
1.0000
1.0000
1.0000
1.0000
1.0000
1.0000
1.0000
1.0000
1.0000
1.0000
1.0000
1.0000
1.0000
1.0000
1.0000
1.0000
1.0000
1.0000
1.0000
1.0000
1.0000
1.0000
1.0000
1.0000
1.0000
1.0000
1.0000
1.0000
1.0000
1.0000
1.0002
1.0007
1.0023
1.0070
1.0190
1.0464
1.1033
1.2098
1.3907
1.6691
2.0591
2.5585
3.1469
3.7904
4.4532
5.1078
5.7421
6.3591
6.9720
7.6002
8.2630
8.9848
9.8047
10.7955
12.0907
13.9058
16.5334
20.2867
25.3840
31.8117
39.2386
47.0516
54.5220
61.0267
66.2145
70.0430
72.6948
74.4429
75.5394
76.1612
76.4102
76.3311
75.9286
75.1663
73.9491
72.1041
69.3801
65.5032
60.2884
53.7746
46.3096
38.5131
31.1111
24.7139
19.6508
15.9340
13.3436
11.5657
10.3065
9.3492
8.5592
7.8613
7.2139
6.5903
5.9706
5.3381
4.6866
4.0233
3.3702
2.7604
2.2284
1.7996
1.4824
1.2683
1.1370
1.0639
1.0272
1.0105
1.0037
1.0011
1.0003
1.0005
1.0015
1.0047
1.0132
1.0337
1.0779
1.1642
1.3162
1.5590
1.9110
2.3767
2.9419
3.5765
4.2441
4.9133
5.5664
6.2016
6.8294
7.4689
8.1409
8.8718
9.7026
10.7083
12.0237
13.8657
16.5286
20.3270
25.4814
31.9810
39.4979
47.4232
55.0317
61.7036
67.0887
71.1433
74.0449
76.0574
77.4200
78.2937
78.7633
78.8583
78.5725
77.8649
76.6422
74.7389
71.9150
67.9088
62.5466
55.8772
48.2552
40.3047
32.7544
26.2161
21.0197
17.1780
14.4716
12.5869
11.2304
10.1862
9.3205
8.5602
7.8666
7.2156
6.5877
5.9625
5.3242
4.6654
3.9937
3.3329
2.7185
2.1866
1.7625
1.4532
1.2479
1.1242
1.0569
1.0237
1.0089
1.0030
1.0009
1.0002
1.0000
1.0000
1.0000
1.0000
1.0000
1.0000
1.0000
1.0000
1.0000
1.0000
1.0000
1.0000
1.0000
1.0000
1.0000
1.0000
1.0000
1.0000
1.0000
1.0000
1.0000
1.0000
1.0000
1.0000
1.0000
1.0000
1.0000
1.0000
1.0000
1.0000
1.0000
1.0000
1.0000
1.0000
1.0000
1.0000
1.0000
1.0000
1.0002
1.0009
1.0030
1.0089
1.0237
1.0569
1.1242
1.2479
1.4532
1.7625
2.1866
2.7185
3.3329
3.9937
4.6654
5.3242
5.9625
6.5877
7.2156
7.8666
8.5602
9.3205
10.1862
11.2304
12.5869
14.4716
17.1780
21.0197
26.2161
32.7544
40.3047
48.2552
55.8772
62.5466
67.9088
71.9150
74.7389
76.6422
77.8649
78.5725
78.8583
78.7633
78.2937
77.4200
76.0574
74.0449
71.1433
67.0887
61.7036
55.0317
47.4232
39.4979
31.9810
25.4814
20.3270
16.5286
13.8657
12.0237
10.7083
9.7026
8.8718
8.1409
7.4689
6.8294
6.2016
5.5664
4.9133
4.2441
3.5765
2.9419
2.3767
1.9110
1.5590
1.3162
1.1642
1.0779
1.0337
1.0132
1.0047
1.0015
1.0005
1.0006
1.0019
1.0058
1.0161
1.0405
1.0922
1.1915
1.3635
1.6330
2.0166
2.5144
3.1073
3.7616
4.4400
5.1132
5.7681
6.4074
7.0451
7.7019
8.3991
9.1627
10.0334
11.0858
12.4549
14.3576
17.0882
20.9615
26.1986
32.7903
40.4114
48.4564
56.2035
63.0344
68.5980
72.8457
75.9460
78.1503
79.6826
80.6880
81.2376
81.3517
81.0220
80.2126
78.8418
76.7592
73.7409
69.5394
63.9922
57.1545
49.3836
41.3030
33.6384
26.9987
21.7113
17.7872
15.0066
13.0554
11.6401
10.5443
9.6342
8.8364
8.1122
7.4379
6.7942
6.1601
5.5178
4.8564
4.1789
3.5055
2.8700
2.3100
1.8549
1.5163
1.2871
1.1463
1.0681
1.0288
1.0111
1.0038
1.0012
1.0003
1.0000
1.0000
1.0000
1.0000
1.0000
1.0000
1.0000
1.0000
1.0000
1.0000
1.0000
1.0000
1.0000
1.0000
1.0000
1.0000
1.0000
1.0000
1.0000
1.0000
1.0000
1.0000
1.0000
1.0000
1.0000
1.0000
1.0000
1.0000
1.0000
1.0000
1.0000
1.0000
1.0000
1.0000
1.0000
1.0000
1.0000
1.0000
1.0003
1.0012
1.0038
1.0111
1.0288
1.0681
1.1463
1.2871
1.5163
1.8549
2.3100
2.8700
3.5055
4.1789
4.8564
5.5178
6.1601
6.7942
7.4379
8.1122
8.8364
9.6342
10.5443
11.6401
13.0554
15.0066
17.7872
21.7113
26.9987
33.6384
41.3030
49.3836
57.1545
63.9922
69.5394
73.7409
76.7592
78.8418
80.2126
81.0220
81.3517
81.2376
80.6880
79.6826
78.1503
75.9460
72.8457
68.5980
63.0344
56.2035
48.4564
40.4114
32.7903
26.1986
20.9615
17.0882
14.3576
12.4549
11.0858
10.0334
9.1627
8.3991
7.7019
7.0451
6.4074
5.7681
5.1132
4.4400
3.7616
3.1073
2.5144
2.0166
1.6330
1.3635
1.1915
1.0922
1.0405
1.0161
1.0058
1.0019
1.0006
1.0008
1.0023
1.0070
1.0191
1.0474
1.1066
1.2184
1.4089
1.7027
2.1140
2.6390
3.2544
3.9238
4.6099
5.2861
5.9432
6.5878
7.2364
7.9110
8.6328
9.4276
10.3357
11.4315
12.8494
14.8054
17.5927
21.5249
26.8230
33.4796
41.1745
49.3092
57.1696
64.1429
69.8791
74.3250
77.6386
80.0555
81.7802
82.9374
83.5799
83.7164
83.3355
82.4087
80.8690
78.5861
75.3569
70.9523
65.2231
58.2313
50.3346
42.1520
34.4025
27.6877
22.3305
18.3398
15.4957
13.4854
12.0163
10.8727
9.9209
9.0877
8.3344
7.6376
6.9781
6.3349
5.6886
5.0255
4.3446
3.6621
3.0098
2.4260
1.9433
1.5779
1.3260
1.1685
1.0795
1.0341
1.0133
1.0047
1.0014
1.0004
1.0001
1.0000
1.0000
1.0000
1.0000
1.0000
1.0000
1.0000
1.0000
1.0000
1.0000
1.0000
1.0000
1.0000
1.0000
1.0000
1.0000
1.0000
1.0000
1.0000
1.0000
1.0000
1.0000
1.0000
1.0000
1.0000
1.0000
1.0000
1.0000
1.0000
1.0000
1.0000
1.0000
1.0000
1.0000
1.0000
1.0000
1.0001
1.0004
1.0014
1.0047
1.0133
1.0341
1.0795
1.1685
1.3260
1.5779
1.9433
2.4260
3.0098
3.6621
4.3446
5.0255
5.6886
6.3349
6.9781
7.6376
8.3344
9.0877
9.9209
10.8727
12.0163
13.4854
15.4957
18.3398
22.3305
27.6877
34.4025
42.1520
50.3346
58.2313
65.2231
70.9523
75.3569
78.5861
80.8690
82.4087
83.3355
83.7164
83.5799
82.9374
81.7802
80.0555
77.6386
74.3250
69.8791
64.1429
57.1696
49.3092
41.1745
33.4796
26.8230
21.5249
17.5927
14.8054
12.8494
11.4315
10.3357
9.4276
8.6328
7.9110
7.2364
6.5878
5.9432
5.2861
4.6099
3.9238
3.2544
2.6390
2.1140
1.7027
1.4089
1.2184
1.1066
1.0474
1.0191
1.0070
1.0023
1.0008
1.0010
1.0028
1.0082
1.0223
1.0545
1.1209
1.2444
1.4519
1.7672
2.2021
2.7494
3.3824
4.0630
4.7543
5.4327
6.0922
6.7426
7.4025
8.0941
8.8389
9.6622
10.6038
11.7374
13.1957
15.1922
18.0160
21.9768
27.2937
33.9617
41.6687
49.8296
57.7453
64.8150
70.6939
75.3246
78.8525
81.4932
83.4264
84.7510
85.4972
85.6589
85.2212
84.1643
82.4408
79.9456
76.5024
71.9055
66.0214
58.9190
50.9527
42.7305
34.9568
28.2202
22.8352
18.8080
15.9209
13.8645
12.3502
11.1646
10.1756
9.3102
8.5303
7.8125
7.1382
6.4860
5.8359
5.1717
4.4888
3.7998
3.1342
2.5307
2.0242
1.6349
1.3624
1.1896
1.0905
1.0393
1.0155
1.0055
1.0017
1.0005
1.0001
1.0000
1.0000
1.0000
1.0000
1.0000
1.0000
1.0000
1.0000
1.0000
1.0000
1.0000
1.0000
1.0000
1.0000
1.0000
1.0000
1.0000
1.0000
1.0000
1.0000
1.0000
1.0000
1.0000
1.0000
1.0000
1.0000
1.0000
1.0000
1.0000
1.0000
1.0000
1.0000
1.0000
1.0000
1.0000
1.0000
1.0001
1.0005
1.0017
1.0055
1.0155
1.0393
1.0905
1.1896
1.3624
1.6349
2.0242
2.5307
3.1342
3.7998
4.4888
5.1717
5.8359
6.4860
7.1382
7.8125
8.5303
9.3102
10.1756
11.1646
12.3502
13.8645
15.9209
18.8080
22.8352
28.2202
34.9568
42.7305
50.9527
58.9190
66.0214
71.9055
76.5024
79.9456
82.4408
84.1643
85.2212
85.6589
85.4972
84.7510
83.4264
81.4932
78.8525
75.3246
70.6939
64.8150
57.7453
49.8296
41.6687
33.9617
27.2937
21.9768
18.0160
15.1922
13.1957
11.7374
10.6038
9.6622
8.8389
8.0941
7.4025
6.7426
6.0922
5.4327
4.7543
4.0630
3.3824
2.7494
2.2021
1.7672
1.4519
1.2444
1.1209
1.0545
1.0223
1.0082
1.0028
1.0010
1.0012
1.0032
1.0096
1.0255
1.0615
1.1347
1.2692
1.4919
1.8258
2.2805
2.8457
3.4919
4.1800
4.8745
5.5539
6.2157
6.8718
7.5420
8.2491
9.0142
9.8621
10.8318
11.9952
13.4816
15.4985
18.3267
22.2672
27.5338
34.1240
41.7394
49.8176
57.6860
64.7658
70.7230
75.4975
79.2188
82.0770
84.2216
85.7199
86.5751
86.7635
86.2664
85.0747
83.1643
80.4616
76.8232
72.0725
66.0957
58.9674
51.0332
42.8799
35.1858
28.5166
23.1732
19.1591
16.2614
14.1795
12.6326
11.4136
10.3931
9.5001
8.6969
7.9607
7.2729
6.6125
5.9586
5.2933
4.6091
3.9155
3.2396
2.6200
2.0939
1.6845
1.3944
1.2082
1.1003
1.0439
1.0174
1.0062
1.0020
1.0005
1.0001
1.0000
1.0000
1.0000
1.0000
1.0000
1.0000
1.0000
1.0000
1.0000
1.0000
1.0000
1.0000
1.0000
1.0000
1.0000
1.0000
1.0000
1.0000
1.0000
1.0000
1.0000
1.0000
1.0000
1.0000
1.0000
1.0000
1.0000
1.0000
1.0000
1.0000
1.0000
1.0000
1.0000
1.0000
1.0000
1.0000
1.0001
1.0005
1.0020
1.0062
1.0174
1.0439
1.1003
1.2082
1.3944
1.6845
2.0939
2.6200
3.2396
3.9155
4.6091
5.2933
5.9586
6.6125
7.2729
7.9607
8.6969
9.5001
10.3931
11.4136
12.6326
14.1795
16.2614
19.1591
23.1732
28.5166
35.1858
42.8799
51.0332
58.9674
66.0957
72.0725
76.8232
80.4616
83.1643
85.0747
86.2664
86.7635
86.5751
85.7199
84.2216
82.0770
79.2188
75.4975
70.7230
64.7658
57.6860
49.8176
41.7394
34.1240
27.5338
22.2672
18.3267
15.4985
13.4816
11.9952
10.8318
9.8621
9.0142
8.2491
7.5420
6.8718
6.2157
5.5539
4.8745
4.1800
3.4919
2.8457
2.2805
1.8258
1.4919
1.2692
1.1347
1.0615
1.0255
1.0096
1.0032
1.0012
1.0014
1.0037
1.0108
1.0286
1.0681
1.1477
1.2918
1.5278
1.8775
2.3482
2.9269
3.5825
4.2753
4.9709
5.6506
6.3139
6.9748
7.6539
8.3739
9.1556
10.0232
11.0141
12.1971
13.6952
15.7050
18.4928
22.3440
27.4620
33.8474
41.2218
49.0591
56.7285
63.6869
69.6189
74.4624
78.3274
81.3729
83.7114
85.3742
86.3344
86.5490
85.9952
84.6763
82.5947
79.7129
75.9272
71.0962
65.1296
58.1070
50.3568
42.4313
34.9668
28.4931
23.2904
19.3592
16.4965
14.4172
12.8550
11.6132
10.5688
9.6537
8.8314
8.0799
7.3808
6.7132
6.0558
5.3893
4.7040
4.0067
3.3230
2.6912
2.1497
1.7243
1.4202
1.2233
1.1083
1.0477
1.0190
1.0068
1.0022
1.0006
1.0001
1.0000
1.0000
1.0000
1.0000
1.0000
1.0000
1.0000
1.0000
1.0000
1.0000
1.0000
1.0000
1.0000
1.0000
1.0000
1.0000
1.0000
1.0000
1.0000
1.0000
1.0000
1.0000
1.0000
1.0000
1.0000
1.0000
1.0000
1.0000
1.0000
1.0000
1.0000
1.0000
1.0000
1.0000
1.0000
1.0000
1.0001
1.0006
1.0022
1.0068
1.0190
1.0477
1.1083
1.2233
1.4202
1.7243
2.1497
2.6912
3.3230
4.0067
4.7040
5.3893
6.0558
6.7132
7.3808
8.0799
8.8314
9.6537
10.5688
11.6132
12.8550
14.4172
16.4965
19.3592
23.2904
28.4931
34.9668
42.4313
50.3568
58.1070
65.1296
71.0962
75.9272
79.7129
82.5947
84.6763
85.9952
86.5490
86.3344
85.3742
83.7114
81.3729
78.3274
74.4624
69.6189
63.6869
56.7285
49.0591
41.2218
33.8474
27.4620
22.3440
18.4928
15.7050
13.6952
12.1971
11.0141
10.0232
9.1556
8.3739
7.6539
6.9748
6.3139
5.6506
4.9709
4.2753
3.5825
2.9269
2.3482
1.8775
1.5278
1.2918
1.1477
1.0681
1.0286
1.0108
1.0037
1.0014
1.0016
1.0042
1.0120
1.0312
1.0738
1.1586
1.3107
1.5573
1.9193
2.4020
2.9906
3.6524
4.3476
5.0432
5.7223
6.3865
7.0510
7.7368
8.4666
9.2606
10.1421
11.1462
12.3367
13.8267
15.7965
18.4897
22.1678
27.0178
33.0429
39.9935
47.3943
54.6752
61.3440
67.1129
71.9190
75.8485
79.0228
81.5132
83.3119
84.3609
84.5982
83.9974
82.5745
80.3600
77.3552
73.5008
68.6965
62.8795
56.1324
48.7579
41.2577
34.2077
28.0865
23.1454
19.3822
16.6099
14.5672
13.0102
11.7585
10.6988
9.7679
8.9315
8.1683
7.4605
6.7872
6.1267
5.4590
4.7727
4.0728
3.3835
2.7427
2.1902
1.7534
1.4391
1.2344
1.1141
1.0505
1.0202
1.0073
1.0024
1.0007
1.0001
1.0000
1.0000
1.0000
1.0000
1.0000
1.0000
1.0000
1.0000
1.0000
1.0000
1.0000
1.0000
1.0000
1.0000
1.0000
1.0000
1.0000
1.0000
1.0000
1.0000
1.0000
1.0000
1.0000
1.0000
1.0000
1.0000
1.0000
1.0000
1.0000
1.0000
1.0000
1.0000
1.0000
1.0000
1.0000
1.0000
1.0001
1.0007
1.0024
1.0073
1.0202
1.0505
1.1141
1.2344
1.4391
1.7534
2.1902
2.7427
3.3835
4.0728
4.7727
5.4590
6.1267
6.7872
7.4605
8.1683
8.9315
9.7679
10.6988
11.7585
13.0102
14.5672
16.6099
19.3822
23.1454
28.0865
34.2077
41.2577
48.7579
56.1324
62.8795
68.6965
73.5008
77.3552
80.3600
82.5745
83.9974
84.5982
84.3609
83.3119
81.5132
79.0228
75.8485
71.9190
67.1129
61.3440
54.6752
47.3943
39.9935
33.0429
27.0178
22.1678
18.4897
15.7965
13.8267
12.3367
11.1462
10.1421
9.2606
8.4666
7.7368
7.0510
6.3865
5.7223
5.0432
4.3476
3.6524
2.9906
2.4020
1.9193
1.5573
1.3107
1.1586
1.0738
1.0312
1.0120
1.0042
1.0016
1.0017
1.0045
1.0128
1.0331
1.0778
1.1661
1.3236
1.5773
1.9473
2.4378
3.0325
3.6979
4.3943
5.0895
5.7680
6.4327
7.0994
7.7896
8.5255
9.3271
10.2162
11.2249
12.4100
13.8713
15.7669
18.3100
21.7293
26.1896
31.6963
38.0356
44.7986
51.4930
57.6927
63.1454
67.7885
71.6805
74.9010
77.4772
79.3633
80.4723
80.7258
80.0947
78.6071
76.3196
73.2723
69.4518
64.8025
59.2917
53.0037
46.2066
39.3364
32.8912
27.2831
22.7275
19.2195
16.5946
14.6237
13.0936
11.8456
10.7800
9.8403
8.9953
8.2247
7.5111
6.8341
6.1716
5.5029
4.8159
4.1143
3.4215
2.7752
2.2158
1.7717
1.4511
1.2414
1.1178
1.0523
1.0210
1.0076
1.0025
1.0007
1.0001
1.0000
1.0000
1.0000
1.0000
1.0000
1.0000
1.0000
1.0000
1.0000
1.0000
1.0000
1.0000
1.0000
1.0000
1.0000
1.0000
1.0000
1.0000
1.0000
1.0000
1.0000
1.0000
1.0000
1.0000
1.0000
1.0000
1.0000
1.0000
1.0000
1.0000
1.0000
1.0000
1.0000
1.0000
1.0000
1.0000
1.0001
1.0007
1.0025
1.0076
1.0210
1.0523
1.1178
1.2414
1.4511
1.7717
2.2158
2.7752
3.4215
4.1143
4.8159
5.5029
6.1716
6.8341
7.5111
8.2247
8.9953
9.8403
10.7800
11.8456
13.0936
14.6237
16.5946
19.2195
22.7275
27.2831
32.8912
39.3364
46.2066
53.0037
59.2917
64.8025
69.4518
73.2723
76.3196
78.6071
80.0947
80.7258
80.4723
79.3633
77.4772
74.9010
71.6805
67.7885
63.1454
57.6927
51.4930
44.7986
38.0356
31.6963
26.1896
21.7293
18.3100
15.7669
13.8713
12.4100
11.2249
10.2162
9.3271
8.5255
7.7896
7.0994
6.4327
5.7680
5.0895
4.3943
3.6979
3.0325
2.4378
1.9473
1.5773
1.3236
1.1661
1.0778
1.0331
1.0128
1.0045
1.0017
1.0018
1.0046
1.0131
1.0338
1.0793
1.1690
1.3285
1.5850
1.9581
2.4517
3.0488
3.7157
4.4127
5.1080
5.7865
6.4515
7.1193
7.8114
8.5498
9.3539
10.2440
11.2487
12.4163
13.8305
15.6226
17.9694
21.0606
25.0334
29.8949
35.4728
41.4343
47.3779
52.9539
57.9513
62.3082
66.0535
69.2237
71.8033
73.7131
74.8434
75.1040
74.4647
72.9632
70.6780
67.6826
64.0070
59.6403
54.5803
48.9116
42.8612
36.7891
31.1026
26.1375
22.0675
18.8862
16.4563
14.5879
13.1041
11.8730
10.8109
9.8696
9.0216
8.2482
7.5323
6.8538
6.1906
5.5218
4.8347
4.1327
3.4385
2.7899
2.2275
1.7802
1.4566
1.2447
1.1196
1.0531
1.0213
1.0077
1.0025
1.0007
1.0001
1.0000
1.0000
1.0000
1.0000
1.0000
1.0000
1.0000
1.0000
1.0000
1.0000
1.0000
1.0000
1.0000
1.0000
1.0000
1.0000
1.0000
1.0000
1.0000
1.0000
1.0000
1.0000
1.0000
1.0000
1.0000
1.0000
1.0000
1.0000
1.0000
1.0000
1.0000
1.0000
1.0000
1.0000
1.0000
1.0000
1.0001
1.0007
1.0025
1.0077
1.0213
1.0531
1.1196
1.2447
1.4566
1.7802
2.2275
2.7899
3.4385
4.1327
4.8347
5.5218
6.1906
6.8538
7.5323
8.2482
9.0216
9.8696
10.8109
11.8730
13.1041
14.5879
16.4563
18.8862
22.0675
26.1375
31.1026
36.7891
42.8612
48.9116
54.5803
59.6403
64.0070
67.6826
70.6780
72.9632
74.4647
75.1040
74.8434
73.7131
71.8033
69.2237
66.0535
62.3082
57.9513
52.9539
47.3779
41.4343
35.4728
29.8949
25.0334
21.0606
17.9694
15.6226
13.8305
12.4163
11.2487
10.2440
9.3539
8.5498
7.8114
7.1193
6.4515
5.7865
5.1080
4.4127
3.7157
3.0488
2.4517
1.9581
1.5850
1.3285
1.1690
1.0793
1.0338
1.0131
1.0046
1.0018
1.0017
1.0045
1.0128
1.0332
1.0781
1.1667
1.3248
1.5793
1.9504
2.4423
3.0384
3.7050
4.4023
5.0983
5.7775
6.4428
7.1105
7.8019
8.5389
9.3405
10.2254
11.2182
12.3581
13.7115
15.3814
17.5054
20.2312
23.6663
27.8187
32.5585
37.6326
42.7335
47.5911
52.0369
56.0102
59.5111
62.5359
65.0328
66.8974
68.0061
68.2637
67.6402
66.1796
63.9747
61.1240
57.6936
53.7120
49.2056
44.2573
39.0513
33.8681
29.0209
24.7659
21.2343
18.4191
16.2125
14.4668
13.0441
11.8409
10.7910
9.8552
9.0100
8.2384
7.5238
6.8463
6.1842
5.5163
4.8301
4.1289
3.4356
2.7878
2.2260
1.7792
1.4560
1.2444
1.1194
1.0530
1.0213
1.0077
1.0025
1.0007
1.0001
1.0000
1.0000
1.0000
1.0000
1.0000
1.0000
1.0000
1.0000
1.0000
1.0000
1.0000
1.0000
1.0000
1.0000
1.0000
1.0000
1.0000
1.0000
1.0000
1.0000
1.0000
1.0000
1.0000
1.0000
1.0000
1.0000
1.0000
1.0000
1.0000
1.0000
1.0000
1.0000
1.0000
1.0000
1.0000
1.0000
1.0001
1.0007
1.0025
1.0077
1.0213
1.0530
1.1194
1.2444
1.4560
1.7792
2.2260
2.7878
3.4356
4.1289
4.8301
5.5163
6.1842
6.8463
7.5238
8.2384
9.0100
9.8552
10.7910
11.8409
13.0441
14.4668
16.2125
18.4191
21.2343
24.7659
29.0209
33.8681
39.0513
44.2573
49.2056
53.7120
57.6936
61.1240
63.9747
66.1796
67.6402
68.2637
68.0061
66.8974
65.0328
62.5359
59.5111
56.0102
52.0369
47.5911
42.7335
37.6326
32.5585
27.8187
23.6663
20.2312
17.5054
15.3814
13.7115
12.3581
11.2182
10.2254
9.3405
8.5389
7.8019
7.1105
6.4428
5.7775
5.0983
4.4023
3.7050
3.0384
2.4423
1.9504
1.5793
1.3248
1.1667
1.0781
1.0332
1.0128
1.0045
1.0017
1.0016
1.0042
1.0121
1.0315
1.0745
1.1600
1.3134
1.5619
1.9264
2.4121
3.0036
3.6679
4.3651
5.0620
5.7421
6.4074
7.0734
7.7615
8.4933
9.2873
10.1611
11.1352
12.2401
13.5257
15.0675
16.9658
19.3281
22.2332
25.6888
29.6043
33.8006
38.0579
42.1798
46.0376
49.5719
52.7580
55.5594
57.8976
59.6540
60.7015
60.9462
60.3605
58.9902
56.9338
54.3038
51.1911
47.6550
43.7446
39.5399
35.1848
30.8855
26.8676
23.3135
20.3154
17.8663
15.8876
14.2717
12.9183
11.7514
10.7212
9.7975
8.9608
8.1955
7.4856
6.8118
6.1522
5.4861
4.8017
4.1027
3.4124
2.7686
2.2112
1.7689
1.4494
1.2406
1.1174
1.0521
1.0209
1.0076
1.0024
1.0007
1.0001
1.0000
1.0000
1.0000
1.0000
1.0000
1.0000
1.0000
1.0000
1.0000
1.0000
1.0000
1.0000
1.0000
1.0000
1.0000
1.0000
1.0000
1.0000
1.0000
1.0000
1.0000
1.0000
1.0000
1.0000
1.0000
1.0000
1.0000
1.0000
1.0000
1.0000
1.0000
1.0000
1.0000
1.0000
1.0000
1.0000
1.0001
1.0007
1.0024
1.0076
1.0209
1.0521
1.1174
1.2406
1.4494
1.7689
2.2112
2.7686
3.4124
4.1027
4.8017
5.4861
6.1522
6.8118
7.4856
8.1955
8.9608
9.7975
10.7212
11.7514
12.9183
14.2717
15.8876
17.8663
20.3154
23.3135
26.8676
30.8855
35.1848
39.5399
43.7446
47.6550
51.1911
54.3038
56.9338
58.9902
60.3605
60.9462
60.7015
59.6540
57.8976
55.5594
52.7580
49.5719
46.0376
42.1798
38.0579
33.8006
29.6043
25.6888
22.2332
19.3281
16.9658
15.0675
13.5257
12.2401
11.1352
10.1611
9.2873
8.4933
7.7615
7.0734
6.4074
5.7421
5.0620
4.3651
3.6679
3.0036
2.4121
1.9264
1.5619
1.3134
1.1600
1.0745
1.0315
1.0121
1.0042
1.0016
1.0014
1.0038
1.0110
1.0291
1.0693
1.1502
1.2967
1.5360
1.8902
2.3660
2.9497
3.6094
4.3049
5.0019
5.6824
6.3465
7.0091
7.6910
8.4138
9.1957
10.0529
11.0027
12.0680
13.2843
14.7037
16.3944
18.4291
20.8618
23.6991
26.8826
30.2946
33.7884
37.2289
40.5204
43.6055
46.4411
48.9678
51.0922
52.6931
53.6490
53.8732
53.3414
52.0981
50.2387
47.8783
45.1203
42.0434
38.7117
35.2009
31.6209
28.1159
24.8383
21.9093
19.3892
17.2722
15.5048
14.0144
12.7328
11.6075
10.6034
9.6978
8.8747
8.1200
7.4182
6.7500
6.0940
5.4304
4.7481
4.0524
3.3674
2.7308
2.1820
1.7482
1.4361
1.2328
1.1134
1.0502
1.0201
1.0073
1.0023
1.0007
1.0001
1.0000
1.0000
1.0000
1.0000
1.0000
1.0000
1.0000
1.0000
1.0000
1.0000
1.0000
1.0000
1.0000
1.0000
1.0000
1.0000
1.0000
1.0000
1.0000
1.0000
1.0000
1.0000
1.0000
1.0000
1.0000
1.0000
1.0000
1.0000
1.0000
1.0000
1.0000
1.0000
1.0000
1.0000
1.0000
1.0000
1.0001
1.0007
1.0023
1.0073
1.0201
1.0502
1.1134
1.2328
1.4361
1.7482
2.1820
2.7308
3.3674
4.0524
4.7481
5.4304
6.0940
6.7500
7.4182
8.1200
8.8747
9.6978
10.6034
11.6075
12.7328
14.0144
15.5048
17.2722
19.3892
21.9093
24.8383
28.1159
31.6209
35.2009
38.7117
42.0434
45.1203
47.8783
50.2387
52.0981
53.3414
53.8732
53.6490
52.6931
51.0922
48.9678
46.4411
43.6055
40.5204
37.2289
33.7884
30.2946
26.8826
23.6991
20.8618
18.4291
16.3944
14.7037
13.2843
12.0680
11.0027
10.0529
9.1957
8.4138
7.6910
7.0091
6.3465
5.6824
5.0019
4.3049
3.6094
2.9497
2.3660
1.8902
1.5360
1.2967
1.1502
1.0693
1.0291
1.0110
1.0038
1.0014
1.0012
1.0034
1.0099
1.0263
1.0634
1.1388
1.2769
1.5051
1.8462
2.3088
2.8815
3.5337
4.2253
4.9208
5.6001
6.2616
6.9187
7.5917
8.3019
9.0673
9.9033
10.8242
11.8472
12.9965
14.3061
15.8193
17.5821
19.6285
21.9639
24.5530
27.3235
30.1829
33.0421
35.8299
38.4915
40.9730
43.2029
45.0843
46.5026
47.3489
47.5480
47.0794
45.9830
44.3452
42.2743
39.8745
37.2323
34.4189
31.5049
28.5735
25.7225
23.0499
20.6318
18.5051
16.6661
15.0811
13.7046
12.4934
11.4132
10.4404
9.5582
8.7534
8.0131
7.3219
6.6608
6.0089
5.3476
4.6675
3.9760
3.2984
2.6727
2.1369
1.7162
1.4155
1.2208
1.1071
1.0472
1.0188
1.0068
1.0022
1.0006
1.0001
1.0000
1.0000
1.0000
1.0000
1.0000
1.0000
1.0000
1.0000
1.0000
1.0000
1.0000
1.0000
1.0000
1.0000
1.0000
1.0000
1.0000
1.0000
1.0000
1.0000
1.0000
1.0000
1.0000
1.0000
1.0000
1.0000
1.0000
1.0000
1.0000
1.0000
1.0000
1.0000
1.0000
1.0000
1.0000
1.0000
1.0001
1.0006
1.0022
1.0068
1.0188
1.0472
1.1071
1.2208
1.4155
1.7162
2.1369
2.6727
3.2984
3.9760
4.6675
5.3476
6.0089
6.6608
7.3219
8.0131
8.7534
9.5582
10.4404
11.4132
12.4934
13.7046
15.0811
16.6661
18.5051
20.6318
23.0499
25.7225
28.5735
31.5049
34.4189
37.2323
39.8745
42.2743
44.3452
45.9830
47.0794
47.5480
47.3489
46.5026
45.0843
43.2029
40.9730
38.4915
35.8299
33.0421
30.1829
27.3235
24.5530
21.9639
19.6285
17.5821
15.8193
14.3061
12.9965
11.8472
10.8242
9.9033
9.0673
8.3019
7.5917
6.9187
6.2616
5.6001
4.9208
4.2253
3.5337
2.8815
2.3088
1.8462
1.5051
1.2769
1.1388
1.0634
1.0263
1.0099
1.0034
1.0012
1.0010
1.0029
1.0087
1.0235
1.0573
1.1269
1.2558
1.4713
1.7970
2.2436
2.8018
3.4430
4.1278
4.8195
5.4960
6.1534
6.8031
7.4649
8.1595
8.9047
9.7152
10.6035
11.5825
12.6683
13.8823
15.2504
16.7997
18.5501
20.5049
22.6439
24.9244
27.2898
29.6815
32.0453
34.3297
36.4769
38.4129
40.0457
41.2741
42.0055
42.1777
41.7744
40.8293
39.4160
37.6298
35.5669
33.3125
30.9379
28.5074
26.0853
23.7381
21.5276
19.5000
17.6778
16.0592
14.6252
13.3493
12.2055
11.1729
10.2357
9.3814
8.5990
7.8761
7.1975
6.5444
5.8964
5.2366
4.5584
3.8718
3.2040
2.5930
2.0750
1.6724
1.3873
1.2045
1.0985
1.0432
1.0171
1.0061
1.0020
1.0005
1.0001
1.0000
1.0000
1.0000
1.0000
1.0000
1.0000
1.0000
1.0000
1.0000
1.0000
1.0000
1.0000
1.0000
1.0000
1.0000
1.0000
1.0000
1.0000
1.0000
1.0000
1.0000
1.0000
1.0000
1.0000
1.0000
1.0000
1.0000
1.0000
1.0000
1.0000
1.0000
1.0000
1.0000
1.0000
1.0000
1.0000
1.0001
1.0005
1.0020
1.0061
1.0171
1.0432
1.0985
1.2045
1.3873
1.6724
2.0750
2.5930
3.2040
3.8718
4.5584
5.2366
5.8964
6.5444
7.1975
7.8761
8.5990
9.3814
10.2357
11.1729
12.2055
13.3493
14.6252
16.0592
17.6778
19.5000
21.5276
23.7381
26.0853
28.5074
30.9379
33.3125
35.5669
37.6298
39.4160
40.8293
41.7744
42.1777
42.0055
41.2741
40.0457
38.4129
36.4769
34.3297
32.0453
29.6815
27.2898
24.9244
22.6439
20.5049
18.5501
16.7997
15.2504
13.8823
12.6683
11.5825
10.6035
9.7152
8.9047
8.1595
7.4649
6.8031
6.1534
5.4960
4.8195
4.1278
3.4430
2.8018
2.2436
1.7970
1.4713
1.2558
1.1269
1.0573
1.0235
1.0087
1.0029
1.0010
1.0009
1.0025
1.0076
1.0208
1.0513
1.1147
1.2338
1.4352
1.7433
2.1704
2.7103
3.3367
4.0113
4.6971
5.3693
6.0215
6.6630
7.3119
7.9886
8.7107
9.4923
10.3447
11.2781
12.3035
13.4338
14.6840
16.0689
17.5992
19.2760
21.0872
23.0073
25.0010
27.0277
29.0445
31.0040
32.8495
34.5114
35.9082
36.9547
37.5758
37.7221
37.3808
36.5793
35.3772
33.8540
32.0934
30.1726
28.1582
26.1075
24.0720
22.0989
20.2283
18.4892
16.8961
15.4495
14.1399
12.9530
11.8743
10.8912
9.9932
9.1707
8.4140
7.7109
7.0462
6.4011
5.7564
5.0973
4.4206
3.7399
3.0846
2.4926
1.9974
1.6176
1.3524
1.1843
1.0880
1.0382
1.0150
1.0053
1.0017
1.0005
1.0001
1.0000
1.0000
1.0000
1.0000
1.0000
1.0000
1.0000
1.0000
1.0000
1.0000
1.0000
1.0000
1.0000
1.0000
1.0000
1.0000
1.0000
1.0000
1.0000
1.0000
1.0000
1.0000
1.0000
1.0000
1.0000
1.0000
1.0000
1.0000
1.0000
1.0000
1.0000
1.0000
1.0000
1.0000
1.0000
1.0000
1.0001
1.0005
1.0017
1.0053
1.0150
1.0382
1.0880
1.1843
1.3524
1.6176
1.9974
2.4926
3.0846
3.7399
4.4206
5.0973
5.7564
6.4011
7.0462
7.7109
8.4140
9.1707
9.9932
10.8912
11.8743
12.9530
14.1399
15.4495
16.8961
18.4892
20.2283
22.0989
24.0720
26.1075
28.1582
30.1726
32.0934
33.8540
35.3772
36.5793
37.3808
37.7221
37.5758
36.9547
35.9082
34.5114
32.8495
31.0040
29.0445
27.0277
25.0010
23.0073
21.0872
19.2760
17.5992
16.0689
14.6840
13.4338
12.3035
11.2781
10.3447
9.4923
8.7107
7.9886
7.3119
6.6630
6.0215
5.3693
4.6971
4.0113
3.3367
2.7103
2.1704
1.7433
1.4352
1.2338
1.1147
1.0513
1.0208
1.0076
1.0025
1.0009
1.0007
1.0021
1.0065
1.0181
1.0452
1.1023
1.2106
1.3963
1.6840
2.0880
2.6052
3.2125
3.8736
4.5512
5.2183
5.8653
6.4984
7.1340
7.7914
8.4882
9.2383
10.0522
10.9386
11.9051
12.9599
14.1112
15.3666
16.7308
18.2031
19.7749
21.4295
23.1426
24.8839
26.6175
28.3006
29.8813
31.2981
32.4821
33.3643
33.8858
34.0085
33.7228
33.0499
32.0366
30.7465
29.2490
27.6105
25.8899
24.1374
22.3958
20.7009
19.0812
17.5570
16.1390
14.8297
13.6257
12.5200
11.5051
10.5733
9.7174
8.9298
8.2012
7.5196
6.8694
6.2321
5.5897
4.9306
4.2557
3.5826
2.9432
2.3745
1.9069
1.5544
1.3123
1.1613
1.0761
1.0327
1.0127
1.0045
1.0014
1.0004
1.0001
1.0000
1.0000
1.0000
1.0000
1.0000
1.0000
1.0000
1.0000
1.0000
1.0000
1.0000
1.0000
1.0000
1.0000
1.0000
1.0000
1.0000
1.0000
1.0000
1.0000
1.0000
1.0000
1.0000
1.0000
1.0000
1.0000
1.0000
1.0000
1.0000
1.0000
1.0000
1.0000
1.0000
1.0000
1.0000
1.0000
1.0001
1.0004
1.0014
1.0045
1.0127
1.0327
1.0761
1.1613
1.3123
1.5544
1.9069
2.3745
2.9432
3.5826
4.2557
4.9306
5.5897
6.2321
6.8694
7.5196
8.2012
8.9298
9.7174
10.5733
11.5051
12.5200
13.6257
14.8297
16.1390
17.5570
19.0812
20.7009
22.3958
24.1374
25.8899
27.6105
29.2490
30.7465
32.0366
33.0499
33.7228
34.0085
33.8858
33.3643
32.4821
31.2981
29.8813
28.3006
26.6175
24.8839
23.1426
21.4295
19.7749
18.2031
16.7308
15.3666
14.1112
12.9599
11.9051
10.9386
10.0522
9.2383
8.4882
7.7914
7.1340
6.4984
5.8653
5.2183
4.5512
3.8736
3.2125
2.6052
2.0880
1.6840
1.3963
1.2106
1.1023
1.0452
1.0181
1.0065
1.0021
1.0007
1.0006
1.0018
1.0055
1.0154
1.0390
1.0893
1.1861
1.3542
1.6185
1.9953
2.4850
3.0685
3.7126
4.3799
5.0414
5.6837
6.3094
6.9322
7.5701
8.2405
8.9574
9.7309
10.5688
11.4771
12.4609
13.5248
14.6721
15.9040
17.2181
18.6070
20.0578
21.5514
23.0632
24.5621
26.0102
27.3620
28.5654
29.5641
30.3038
30.7392
30.8414
30.6035
30.0414
29.1910
28.1018
26.8295
25.4292
23.9510
22.4383
20.9273
19.4474
18.0213
16.6648
15.3878
14.1942
13.0841
12.0552
11.1036
10.2247
9.4132
8.6625
7.9637
7.3043
6.6685
6.0384
5.3978
4.7385
4.0666
3.4040
2.7844
2.2437
1.8079
1.4861
1.2695
1.1371
1.0637
1.0270
1.0104
1.0036
1.0011
1.0003
1.0000
1.0000
1.0000
1.0000
1.0000
1.0000
1.0000
1.0000
1.0000
1.0000
1.0000
1.0000
1.0000
1.0000
1.0000
1.0000
1.0000
1.0000
1.0000
1.0000
1.0000
1.0000
1.0000
1.0000
1.0000
1.0000
1.0000
1.0000
1.0000
1.0000
1.0000
1.0000
1.0000
1.0000
1.0000
1.0000
1.0000
1.0000
1.0003
1.0011
1.0036
1.0104
1.0270
1.0637
1.1371
1.2695
1.4861
1.8079
2.2437
2.7844
3.4040
4.0666
4.7385
5.3978
6.0384
6.6685
7.3043
7.9637
8.6625
9.4132
10.2247
11.1036
12.0552
13.0841
14.1942
15.3878
16.6648
18.0213
19.4474
20.9273
22.4383
23.9510
25.4292
26.8295
28.1018
29.1910
30.0414
30.6035
30.8414
30.7392
30.3038
29.5641
28.5654
27.3620
26.0102
24.5621
23.0632
21.5514
20.0578
18.6070
17.2181
15.9040
14.6721
13.5248
12.4609
11.4771
10.5688
9.7309
8.9574
8.2405
7.5701
6.9322
6.3094
5.6837
5.0414
4.3799
3.7126
3.0685
2.4850
1.9953
1.6185
1.3542
1.1861
1.0893
1.0390
1.0154
1.0055
1.0018
1.0006
1.0004
1.0014
1.0045
1.0128
1.0327
1.0759
1.1603
1.3092
1.5474
1.8929
2.3502
2.9050
3.5278
4.1823
4.8376
5.4760
6.0958
6.7073
7.3266
7.9707
8.6535
9.3856
10.1742
11.0244
11.9397
12.9226
13.9740
15.0929
16.2757
17.5150
18.7994
20.1125
21.4327
22.7330
23.9803
25.1359
26.1566
26.9977
27.6168
27.9797
28.0648
27.8669
27.3979
26.6850
25.7661
24.6850
23.4862
22.2117
20.8981
19.5767
18.2725
17.0051
15.7887
14.6325
13.5420
12.5193
11.5645
10.6760
9.8511
9.0854
8.3728
7.7042
7.0669
6.4450
5.8212
5.1819
4.5236
3.8573
3.2092
2.6142
2.1059
1.7055
1.4167
1.2268
1.1132
1.0517
1.0215
1.0081
1.0028
1.0008
1.0002
1.0000
1.0000
1.0000
1.0000
1.0000
1.0000
1.0000
1.0000
1.0000
1.0000
1.0000
1.0000
1.0000
1.0000
1.0000
1.0000
1.0000
1.0000
1.0000
1.0000
1.0000
1.0000
1.0000
1.0000
1.0000
1.0000
1.0000
1.0000
1.0000
1.0000
1.0000
1.0000
1.0000
1.0000
1.0000
1.0000
1.0000
1.0000
1.0002
1.0008
1.0028
1.0081
1.0215
1.0517
1.1132
1.2268
1.4167
1.7055
2.1059
2.6142
3.2092
3.8573
4.5236
5.1819
5.8212
6.4450
7.0669
7.7042
8.3728
9.0854
9.8511
10.6760
11.5645
12.5193
13.5420
14.6325
15.7887
17.0051
18.2725
19.5767
20.8981
22.2117
23.4862
24.6850
25.7661
26.6850
27.3979
27.8669
28.0648
27.9797
27.6168
26.9977
26.1566
25.1359
23.9803
22.7330
21.4327
20.1125
18.7994
17.5150
16.2757
15.0929
13.9740
12.9226
11.9397
11.0244
10.1742
9.3856
8.6535
7.9707
7.3266
6.7073
6.0958
5.4760
4.8376
4.1823
3.5278
2.9050
2.3502
1.8929
1.5474
1.3092
1.1603
1.0759
1.0327
1.0128
1.0045
1.0014
1.0004
1.0003
1.0011
1.0036
1.0102
1.0266
1.0625
1.1341
1.2628
1.4726
1.7835
2.2037
2.7245
3.3210
3.9592
4.6067
5.2417
5.8574
6.4597
7.0624
7.6814
8.3307
9.0213
9.7604
10.5529
11.4014
12.3071
13.2697
14.2867
15.3538
16.4633
17.6045
18.7624
19.9180
21.0474
22.1223
23.1102
23.9762
24.6848
25.2035
25.5064
25.5773
25.4124
25.0206
24.4222
23.6463
22.7269
21.6996
20.5987
19.4551
18.2956
17.1422
16.0124
14.9192
13.8720
12.8769
11.9373
11.0548
10.2290
9.4581
8.7384
8.0639
7.4251
6.8089
6.1994
5.5810
4.9434
4.2881
3.6314
3.0030
2.4380
1.9665
1.6043
1.3495
1.1862
1.0910
1.0407
1.0166
1.0061
1.0020
1.0006
1.0001
1.0000
1.0000
1.0000
1.0000
1.0000
1.0000
1.0000
1.0000
1.0000
1.0000
1.0000
1.0000
1.0000
1.0000
1.0000
1.0000
1.0000
1.0000
1.0000
1.0000
1.0000
1.0000
1.0000
1.0000
1.0000
1.0000
1.0000
1.0000
1.0000
1.0000
1.0000
1.0000
1.0000
1.0000
1.0000
1.0000
1.0000
1.0000
1.0001
1.0006
1.0020
1.0061
1.0166
1.0407
1.0910
1.1862
1.3495
1.6043
1.9665
2.4380
3.0030
3.6314
4.2881
4.9434
5.5810
6.1994
6.8089
7.4251
8.0639
8.7384
9.4581
10.2290
11.0548
11.9373
12.8769
13.8720
14.9192
16.0124
17.1422
18.2956
19.4551
20.5987
21.6996
22.7269
23.6463
24.4222
25.0206
25.4124
25.5773
25.5064
25.2035
24.6848
23.9762
23.1102
22.1223
21.0474
19.9180
18.7624
17.6045
16.4633
15.3538
14.2867
13.2697
12.3071
11.4014
10.5529
9.7604
9.0213
8.3307
7.6814
7.0624
6.4597
5.8574
5.2417
4.6067
3.9592
3.3210
2.7245
2.2037
1.7835
1.4726
1.2628
1.1341
1.0625
1.0266
1.0102
1.0036
1.0011
1.0003
1.0002
1.0008
1.0027
1.0079
1.0208
1.0498
1.1086
1.2168
1.3973
1.6710
2.0500
2.5314
3.0960
3.7130
4.3498
4.9808
5.5937
6.1895
6.7784
7.3746
7.9922
8.6424
9.3330
10.0688
10.8523
11.6839
12.5626
13.4852
14.4468
15.4397
16.4536
17.4749
18.4864
19.4675
20.3939
21.2391
21.9746
22.5727
23.0084
23.2619
23.3211
23.1833
22.8550
22.3516
21.6953
20.9124
20.0312
19.0797
18.0836
17.0657
16.0455
15.0386
14.0573
13.1107
12.2053
11.3453
10.5329
9.7686
9.0510
8.3766
7.7389
7.1281
6.5308
5.9318
5.3178
4.6829
4.0339
3.3922
2.7897
2.2603
1.8297
1.5075
1.2870
1.1494
1.0714
1.0312
1.0124
1.0045
1.0014
1.0004
1.0001
1.0000
1.0000
1.0000
1.0000
1.0000
1.0000
1.0000
1.0000
1.0000
1.0000
1.0000
1.0000
1.0000
1.0000
1.0000
1.0000
1.0000
1.0000
1.0000
1.0000
1.0000
1.0000
1.0000
1.0000
1.0000
1.0000
1.0000
1.0000
1.0000
1.0000
1.0000
1.0000
1.0000
1.0000
1.0000
1.0000
1.0000
1.0000
1.0001
1.0004
1.0014
1.0045
1.0124
1.0312
1.0714
1.1494
1.2870
1.5075
1.8297
2.2603
2.7897
3.3922
4.0339
4.6829
5.3178
5.9318
6.5308
7.1281
7.7389
8.3766
9.0510
9.7686
10.5329
11.3453
12.2053
13.1107
14.0573
15.0386
16.0455
17.0657
18.0836
19.0797
20.0312
20.9124
21.6953
22.3516
22.8550
23.1833
23.3211
23.2619
23.0084
22.5727
21.9746
21.2391
20.3939
19.4675
18.4864
17.4749
16.4536
15.4397
14.4468
13.4852
12.5626
11.6839
10.8523
10.0688
9.3330
8.6424
7.9922
7.3746
6.7784
6.1895
5.5937
4.9808
4.3498
3.7130
3.0960
2.5314
2.0500
1.6710
1.3973
1.2168
1.1086
1.0498
1.0208
1.0079
1.0027
1.0008
1.0002
1.0002
1.0006
1.0019
1.0058
1.0157
1.0382
1.0851
1.1735
1.3245
1.5598
1.8946
2.3315
2.8578
3.4474
4.0687
4.6936
5.3044
5.8961
6.4747
7.0518
7.6406
8.2529
8.8969
9.5781
10.2989
11.0597
11.8590
12.6935
13.5578
14.4446
15.3441
16.2438
17.1285
17.9805
18.7793
19.5029
20.1288
20.6349
21.0019
21.2148
21.2645
21.1489
20.8729
20.4481
19.8916
19.2239
18.4674
17.6448
16.7774
15.8846
14.9833
14.0876
13.2088
12.3557
11.5348
10.7506
10.0056
9.3007
8.6344
8.0031
7.3996
6.8138
6.2322
5.6412
5.0310
4.4007
3.7627
3.1425
2.5729
2.0850
1.6986
1.4175
1.2306
1.1172
1.0546
1.0233
1.0090
1.0032
1.0010
1.0003
1.0000
1.0000
1.0000
1.0000
1.0000
1.0000
1.0000
1.0000
1.0000
1.0000
1.0000
1.0000
1.0000
1.0000
1.0000
1.0000
1.0000
1.0000
1.0000
1.0000
1.0000
1.0000
1.0000
1.0000
1.0000
1.0000
1.0000
1.0000
1.0000
1.0000
1.0000
1.0000
1.0000
1.0000
1.0000
1.0000
1.0000
1.0000
1.0000
1.0000
1.0003
1.0010
1.0032
1.0090
1.0233
1.0546
1.1172
1.2306
1.4175
1.6986
2.0850
2.5729
3.1425
3.7627
4.4007
5.0310
5.6412
6.2322
6.8138
7.3996
8.0031
8.6344
9.3007
10.0056
10.7506
11.5348
12.3557
13.2088
14.0876
14.9833
15.8846
16.7774
17.6448
18.4674
19.2239
19.8916
20.4481
20.8729
21.1489
21.2645
21.2148
21.0019
20.6349
20.1288
19.5029
18.7793
17.9805
17.1285
16.2438
15.3441
14.4446
13.5578
12.6935
11.8590
11.0597
10.2989
9.5781
8.8969
8.2529
7.6406
7.0518
6.4747
5.8961
5.3044
4.6936
4.0687
3.4474
2.8578
2.3315
1.8946
1.5598
1.3245
1.1735
1.0851
1.0382
1.0157
1.0058
1.0019
1.0006
1.0002
1.0001
1.0004
1.0013
1.0041
1.0113
1.0283
1.0645
1.1344
1.2573
1.4542
1.7429
2.1311
2.6127
3.1676
3.7671
4.3817
4.9893
5.5788
6.1506
6.7129
7.2773
7.8554
8.4562
9.0857
9.7472
10.4410
11.1659
11.9182
12.6930
13.4832
14.2796
15.0711
15.8443
16.5840
17.2730
17.8935
18.4271
18.8565
19.1668
19.3463
19.3882
19.2908
19.0578
18.6983
18.2252
17.6547
17.0046
16.2932
15.5381
14.7559
13.9609
13.1658
12.3808
11.6143
10.8724
10.1597
9.4786
8.8300
8.2119
7.6202
7.0470
6.4817
5.9120
5.3266
4.7201
4.0976
3.4767
2.8856
2.3562
1.9151
1.5756
1.3358
1.1809
1.0896
1.0407
1.0169
1.0064
1.0022
1.0007
1.0002
1.0000
1.0000
1.0000
1.0000
1.0000
1.0000
1.0000
1.0000
1.0000
1.0000
1.0000
1.0000
1.0000
1.0000
1.0000
1.0000
1.0000
1.0000
1.0000
1.0000
1.0000
1.0000
1.0000
1.0000
1.0000
1.0000
1.0000
1.0000
1.0000
1.0000
1.0000
1.0000
1.0000
1.0000
1.0000
1.0000
1.0000
1.0000
1.0000
1.0000
1.0002
1.0007
1.0022
1.0064
1.0169
1.0407
1.0896
1.1809
1.3358
1.5756
1.9151
2.3562
2.8856
3.4767
4.0976
4.7201
5.3266
5.9120
6.4817
7.0470
7.6202
8.2119
8.8300
9.4786
10.1597
10.8724
11.6143
12.3808
13.1658
13.9609
14.7559
15.5381
16.2932
17.0046
17.6547
18.2252
18.6983
19.0578
19.2908
19.3882
19.3463
19.1668
18.8565
18.4271
17.8935
17.2730
16.5840
15.8443
15.0711
14.2796
13.4832
12.6930
11.9182
11.1659
10.4410
9.7472
9.0857
8.4562
7.8554
7.2773
6.7129
6.1506
5.5788
4.9893
4.3817
3.7671
3.1676
2.6127
2.1311
1.7429
1.4542
1.2573
1.1344
1.0645
1.0283
1.0113
1.0041
1.0013
1.0004
1.0001
1.0001
1.0002
1.0009
1.0028
1.0079
1.0202
1.0471
1.1006
1.1975
1.3577
1.6000
1.9365
2.3677
2.8802
3.4499
4.0481
4.6493
5.2369
5.8051
6.3572
6.9024
7.4513
8.0135
8.5958
9.2021
9.8336
10.4892
11.1659
11.8588
12.5613
13.2654
13.9609
14.6363
15.2786
15.8735
16.4063
16.8622
17.2277
17.4908
17.6428
17.6782
17.5958
17.3985
17.0932
16.6900
16.2016
15.6421
15.0265
14.3694
13.6844
12.9842
12.2796
11.5800
10.8930
10.2243
9.5781
8.9566
8.3600
7.7859
7.2289
6.6806
6.1308
5.5686
4.9869
4.3856
3.7758
3.1794
2.6257
2.1436
1.7536
1.4626
1.2632
1.1382
1.0667
1.0295
1.0119
1.0044
1.0014
1.0004
1.0001
1.0000
1.0000
1.0000
1.0000
1.0000
1.0000
1.0000
1.0000
1.0000
1.0000
1.0000
1.0000
1.0000
1.0000
1.0000
1.0000
1.0000
1.0000
1.0000
1.0000
1.0000
1.0000
1.0000
1.0000
1.0000
1.0000
1.0000
1.0000
1.0000
1.0000
1.0000
1.0000
1.0000
1.0000
1.0000
1.0000
1.0000
1.0000
1.0000
1.0000
1.0001
1.0004
1.0014
1.0044
1.0119
1.0295
1.0667
1.1382
1.2632
1.4626
1.7536
2.1436
2.6257
3.1794
3.7758
4.3856
4.9869
5.5686
6.1308
6.6806
7.2289
7.7859
8.3600
8.9566
9.5781
10.2243
10.8930
11.5800
12.2796
12.9842
13.6844
14.3694
15.0265
15.6421
16.2016
16.6900
17.0932
17.3985
17.5958
17.6782
17.6428
17.4908
17.2277
16.8622
16.4063
15.8735
15.2786
14.6363
13.9609
13.2654
12.5613
11.8588
11.1659
10.4892
9.8336
9.2021
8.5958
8.0135
7.4513
6.9024
6.3572
5.8051
5.2369
4.6493
4.0481
3.4499
2.8802
2.3677
1.9365
1.6000
1.3577
1.1975
1.1006
1.0471
1.0202
1.0079
1.0028
1.0009
1.0002
1.0001
1.0000
1.0001
1.0006
1.0018
1.0053
1.0138
1.0331
1.0727
1.1466
1.2728
1.4702
1.7540
2.1303
2.5931
3.1242
3.6978
4.2870
4.8706
5.4366
5.9829
6.5146
7.0405
7.5699
8.1104
8.6668
9.2413
9.8336
10.4410
11.0596
11.6833
12.3048
12.9155
13.5052
14.0631
14.5772
15.0354
15.4259
15.7377
15.9617
16.0908
16.1208
16.0509
15.8832
15.6231
15.2785
14.8596
14.3775
13.8445
13.2725
12.6731
12.0570
11.4336
10.8112
10.1965
9.5948
9.0097
8.4426
7.8930
7.3571
6.8289
6.2995
5.7595
5.2013
4.6227
4.0299
3.4395
2.8763
2.3683
1.9397
1.6040
1.3613
1.2002
1.1024
1.0481
1.0207
1.0082
1.0029
1.0009
1.0003
1.0001
1.0000
1.0000
1.0000
1.0000
1.0000
1.0000
1.0000
1.0000
1.0000
1.0000
1.0000
1.0000
1.0000
1.0000
1.0000
1.0000
1.0000
1.0000
1.0000
1.0000
1.0000
1.0000
1.0000
1.0000
1.0000
1.0000
1.0000
1.0000
1.0000
1.0000
1.0000
1.0000
1.0000
1.0000
1.0000
1.0000
1.0000
1.0000
1.0000
1.0000
1.0001
1.0003
1.0009
1.0029
1.0082
1.0207
1.0481
1.1024
1.2002
1.3613
1.6040
1.9397
2.3683
2.8763
3.4395
4.0299
4.6227
5.2013
5.7595
6.2995
6.8289
7.3571
7.8930
8.4426
9.0097
9.5948
10.1965
10.8112
11.4336
12.0570
12.6731
13.2725
13.8445
14.3775
14.8596
15.2785
15.6231
15.8832
16.0509
16.1208
16.0908
15.9617
15.7377
15.4259
15.0354
14.5772
14.0631
13.5052
12.9155
12.3048
11.6833
11.0596
10.4410
9.8336
9.2413
8.6668
8.1104
7.5699
7.0405
6.5146
5.9829
5.4366
4.8706
4.2870
3.6978
3.1242
2.5931
2.1303
1.7540
1.4702
1.2728
1.1466
1.0727
1.0331
1.0138
1.0053
1.0018
1.0006
1.0001
1.0000
1.0000
1.0001
1.0003
1.0011
1.0034
1.0091
1.0224
1.0506
1.1049
1.2010
1.3567
1.5888
1.9080
2.3150
2.7986
3.3378
3.9067
4.4813
5.0443
5.5875
6.1110
6.6206
7.1244
7.6299
8.1430
8.6668
9.2021
9.7472
10.2988
10.8519
11.4002
11.9362
12.4512
12.9360
13.3807
13.7755
14.1106
14.3775
14.5687
14.6787
14.7043
14.6447
14.5017
14.2794
13.9843
13.6242
13.2083
12.7463
12.2482
11.7238
11.1819
10.6308
10.0776
9.5282
8.9870
8.4567
7.9380
7.4289
6.9248
6.4186
5.9017
5.3669
4.8108
4.2372
3.6586
3.0959
2.5750
2.1204
1.7497
1.4692
1.2732
1.1473
1.0733
1.0335
1.0141
1.0054
1.0019
1.0006
1.0001
1.0000
1.0000
1.0000
1.0000
1.0000
1.0000
1.0000
1.0000
1.0000
1.0000
1.0000
1.0000
1.0000
1.0000
1.0000
1.0000
1.0000
1.0000
1.0000
1.0000
1.0000
1.0000
1.0000
1.0000
1.0000
1.0000
1.0000
1.0000
1.0000
1.0000
1.0000
1.0000
1.0000
1.0000
1.0000
1.0000
1.0000
1.0000
1.0000
1.0000
1.0000
1.0000
1.0001
1.0006
1.0019
1.0054
1.0141
1.0335
1.0733
1.1473
1.2732
1.4692
1.7497
2.1204
2.5750
3.0959
3.6586
4.2372
4.8108
5.3669
5.9017
6.4186
6.9248
7.4289
7.9380
8.4567
8.9870
9.5282
10.0776
10.6308
11.1819
11.7238
12.2482
12.7463
13.2083
13.6242
13.9843
14.2794
14.5017
14.6447
14.7043
14.6787
14.5687
14.3775
14.1106
13.7755
13.3807
12.9360
12.4512
11.9362
11.4002
10.8519
10.2988
9.7472
9.2021
8.6668
8.1430
7.6299
7.1244
6.6206
6.1110
5.5875
5.0443
4.4813
3.9067
3.3378
2.7986
2.3150
1.9080
1.5888
1.3567
1.2010
1.1049
1.0506
1.0224
1.0091
1.0034
1.0011
1.0003
1.0001
1.0000
1.0000
1.0000
1.0002
1.0007
1.0020
1.0057
1.0145
1.0338
1.0723
1.1428
1.2614
1.4449
1.7071
2.0544
2.4827
2.9772
3.5154
4.0729
4.6287
5.1690
5.6884
6.1882
6.6740
7.1525
7.6299
8.1104
8.5958
9.0857
9.5780
10.0686
10.5523
11.0228
11.4727
11.8944
12.2796
12.6202
12.9085
13.1375
13.3011
13.3952
13.4171
13.3661
13.2438
13.0534
12.8000
12.4898
12.1304
11.7295
11.2956
10.8365
10.3599
9.8727
9.3809
8.8893
8.4015
7.9191
7.4416
6.9659
6.4862
5.9952
5.4856
4.9533
4.4003
3.8367
3.2804
2.7551
2.2850
1.8894
1.5787
1.3520
1.1992
1.1045
1.0505
1.0225
1.0092
1.0034
1.0011
1.0003
1.0001
1.0000
1.0000
1.0000
1.0000
1.0000
1.0000
1.0000
1.0000
1.0000
1.0000
1.0000
1.0000
1.0000
1.0000
1.0000
1.0000
1.0000
1.0000
1.0000
1.0000
1.0000
1.0000
1.0000
1.0000
1.0000
1.0000
1.0000
1.0000
1.0000
1.0000
1.0000
1.0000
1.0000
1.0000
1.0000
1.0000
1.0000
1.0000
1.0000
1.0000
1.0000
1.0000
1.0001
1.0003
1.0011
1.0034
1.0092
1.0225
1.0505
1.1045
1.1992
1.3520
1.5787
1.8894
2.2850
2.7551
3.2804
3.8367
4.4003
4.9533
5.4856
5.9952
6.4862
6.9659
7.4416
7.9191
8.4015
8.8893
9.3809
9.8727
10.3599
10.8365
11.2956
11.7295
12.1304
12.4898
12.8000
13.0534
13.2438
13.3661
13.4171
13.3952
13.3011
13.1375
12.9085
12.6202
12.2796
11.8944
11.4727
11.0228
10.5523
10.0686
9.5780
9.0857
8.5958
8.1104
7.6299
7.1525
6.6740
6.1882
5.6884
5.1690
4.6287
4.0729
3.5154
2.9772
2.4827
2.0544
1.7071
1.4449
1.2614
1.1428
1.0723
1.0338
1.0145
1.0057
1.0020
1.0007
1.0002
1.0000
1.0000
1.0000
1.0000
1.0001
1.0004
1.0012
1.0034
1.0090
1.0217
1.0479
1.0976
1.1845
1.3244
1.5323
1.8188
2.1862
2.6263
3.1223
3.6519
4.1928
4.7270
5.2436
5.7387
6.2139
6.6740
7.1244
7.5699
8.0135
8.4562
8.8969
9.3329
9.7602
10.1735
10.5670
10.9342
11.2684
11.5629
11.8114
12.0083
12.1488
12.2294
12.2482
12.2045
12.0996
11.9361
11.7179
11.4502
11.1390
10.7907
10.4121
10.0098
9.5900
9.1586
8.7202
8.2788
7.8366
7.3941
6.9497
6.4992
6.0366
5.5550
5.0497
4.5207
3.9757
3.4304
2.9067
2.4284
2.0161
1.6826
1.4308
1.2542
1.1396
1.0711
1.0334
1.0144
1.0057
1.0021
1.0007
1.0002
1.0000
1.0000
1.0000
1.0000
1.0000
1.0000
1.0000
1.0000
1.0000
1.0000
1.0000
1.0000
1.0000
1.0000
1.0000
1.0000
1.0000
1.0000
1.0000
1.0000
1.0000
1.0000
1.0000
1.0000
1.0000
1.0000
1.0000
1.0000
1.0000
1.0000
1.0000
1.0000
1.0000
1.0000
1.0000
1.0000
1.0000
1.0000
1.0000
1.0000
1.0000
1.0000
1.0000
1.0000
1.0002
1.0007
1.0021
1.0057
1.0144
1.0334
1.0711
1.1396
1.2542
1.4308
1.6826
2.0161
2.4284
2.9067
3.4304
3.9757
4.5207
5.0497
5.5550
6.0366
6.4992
6.9497
7.3941
7.8366
8.2788
8.7202
9.1586
9.5900
10.0098
10.4121
10.7907
11.1390
11.4502
11.7179
11.9361
12.0996
12.2045
12.2482
12.2294
12.1488
12.0083
11.8114
11.5629
11.2684
10.9342
10.5670
10.1735
9.7602
9.3329
8.8969
8.4562
8.0135
7.5699
7.1244
6.6740
6.2139
5.7387
5.2436
4.7270
4.1928
3.6519
3.1223
2.6263
2.1862
1.8188
1.5323
1.3244
1.1845
1.0976
1.0479
1.0217
1.0090
1.0034
1.0012
1.0004
1.0001
1.0000
1.0000
1.0000
1.0000
1.0000
1.0002
1.0007
1.0020
1.0054
1.0133
1.0304
1.0641
1.1252
1.2277
1.3863
1.6139
1.9175
2.2960
2.7388
3.2283
3.7434
4.2644
4.7758
5.2683
5.7387
6.1882
6.6206
7.0405
7.4513
7.8554
8.2529
8.6424
9.0212
9.3854
9.7302
10.0506
10.3411
10.5963
10.8110
10.9808
11.1017
11.1710
11.1871
11.1496
11.0594
10.9185
10.7302
10.4986
10.2286
9.9252
9.5941
9.2406
8.8696
8.4857
8.0926
7.6927
7.2873
6.8757
6.4555
6.0221
5.5700
5.0944
4.5938
4.0732
3.5452
3.0296
2.5497
2.1271
1.7770
1.5053
1.3087
1.1763
1.0938
1.0463
1.0211
1.0088
1.0034
1.0012
1.0004
1.0001
1.0000
1.0000
1.0000
1.0000
1.0000
1.0000
1.0000
1.0000
1.0000
1.0000
1.0000
1.0000
1.0000
1.0000
1.0000
1.0000
1.0000
1.0000
1.0000
1.0000
1.0000
1.0000
1.0000
1.0000
1.0000
1.0000
1.0000
1.0000
1.0000
1.0000
1.0000
1.0000
1.0000
1.0000
1.0000
1.0000
1.0000
1.0000
1.0000
1.0000
1.0000
1.0000
1.0000
1.0000
1.0001
1.0004
1.0012
1.0034
1.0088
1.0211
1.0463
1.0938
1.1763
1.3087
1.5053
1.7770
2.1271
2.5497
3.0296
3.5452
4.0732
4.5938
5.0944
5.5700
6.0221
6.4555
6.8757
7.2873
7.6927
8.0926
8.4857
8.8696
9.2406
9.5941
9.9252
10.2286
10.4986
10.7302
10.9185
11.0594
11.1496
11.1871
11.1710
11.1017
10.9808
10.8110
10.5963
10.3411
10.0506
9.7302
9.3854
9.0212
8.6424
8.2529
7.8554
7.4513
7.0405
6.6206
6.1882
5.7387
5.2683
4.7758
4.2644
3.7434
3.2283
2.7388
2.2960
1.9175
1.6139
1.3863
1.2277
1.1252
1.0641
1.0304
1.0133
1.0054
1.0020
1.0007
1.0002
1.0000
1.0000
1.0000
1.0000
1.0000
1.0000
1.0001
1.0003
1.0011
1.0030
1.0078
1.0184
1.0403
1.0815
1.1534
1.2694
1.4427
1.6837
1.9965
2.3774
2.8149
3.2919
3.7889
4.2882
4.7758
5.2436
5.6884
6.1110
6.5146
6.9024
7.2773
7.6406
7.9922
8.3307
8.6535
8.9571
9.2378
9.4911
9.7129
9.8990
10.0458
10.1502
10.2100
10.2239
10.1915
10.1136
9.9919
9.8288
9.6278
9.3925
9.1273
8.8363
8.5237
8.1933
7.8484
7.4915
7.1238
6.7455
6.3553
5.9504
5.5270
5.0814
4.6117
4.1207
3.6177
3.1191
2.6461
2.2207
1.8600
1.5733
1.3601
1.2124
1.1172
1.0603
1.0288
1.0127
1.0052
1.0019
1.0006
1.0002
1.0000
1.0000
1.0000
1.0000
1.0000
1.0000
1.0000
1.0000
1.0000
1.0000
1.0000
1.0000
1.0000
1.0000
1.0000
1.0000
1.0000
1.0000
1.0000
1.0000
1.0000
1.0000
1.0000
1.0000
1.0000
1.0000
1.0000
1.0000
1.0000
1.0000
1.0000
1.0000
1.0000
1.0000
1.0000
1.0000
1.0000
1.0000
1.0000
1.0000
1.0000
1.0000
1.0000
1.0000
1.0000
1.0000
1.0002
1.0006
1.0019
1.0052
1.0127
1.0288
1.0603
1.1172
1.2124
1.3601
1.5733
1.8600
2.2207
2.6461
3.1191
3.6177
4.1207
4.6117
5.0814
5.5270
5.9504
6.3553
6.7455
7.1238
7.4915
7.8484
8.1933
8.5237
8.8363
9.1273
9.3925
9.6278
9.8288
9.9919
10.1136
10.1915
10.2239
10.2100
10.1502
10.0458
9.8990
9.7129
9.4911
9.2378
8.9571
8.6535
8.3307
7.9922
7.6406
7.2773
6.9024
6.5146
6.1110
5.6884
5.2436
4.7758
4.2882
3.7889
3.2919
2.8149
2.3774
1.9965
1.6837
1.4427
1.2694
1.1534
1.0815
1.0403
1.0184
1.0078
1.0030
1.0011
1.0003
1.0001
1.0000
1.0000
1.0000
1.0000
1.0000
1.0000
1.0000
1.0002
1.0006
1.0016
1.0044
1.0107
1.0242
1.0507
1.0989
1.1799
1.3060
1.4888
1.7363
2.0506
2.4267
2.8529
3.3129
3.7889
4.2644
4.7270
5.1690
5.5875
5.9829
6.3572
6.7129
7.0518
7.3746
7.6814
7.9707
8.2405
8.4881
8.7103
8.9041
9.0661
9.1936
9.2842
9.3361
9.3481
9.3201
9.2525
9.1467
9.0047
8.8291
8.6228
8.3890
8.1308
7.8512
7.5528
7.2377
6.9072
6.5617
6.2007
5.8227
5.4258
5.0080
4.5685
4.1093
3.6371
3.1645
2.7092
2.2912
1.9286
1.6329
1.4074
1.2468
1.1403
1.0746
1.0370
1.0170
1.0073
1.0028
1.0010
1.0003
1.0001
1.0000
1.0000
1.0000
1.0000
1.0000
1.0000
1.0000
1.0000
1.0000
1.0000
1.0000
1.0000
1.0000
1.0000
1.0000
1.0000
1.0000
1.0000
1.0000
1.0000
1.0000
1.0000
1.0000
1.0000
1.0000
1.0000
1.0000
1.0000
1.0000
1.0000
1.0000
1.0000
1.0000
1.0000
1.0000
1.0000
1.0000
1.0000
1.0000
1.0000
1.0000
1.0000
1.0000
1.0000
1.0000
1.0000
1.0001
1.0003
1.0010
1.0028
1.0073
1.0170
1.0370
1.0746
1.1403
1.2468
1.4074
1.6329
1.9286
2.2912
2.7092
3.1645
3.6371
4.1093
4.5685
5.0080
5.4258
5.8227
6.2007
6.5617
6.9072
7.2377
7.5528
7.8512
8.1308
8.3890
8.6228
8.8291
9.0047
9.1467
9.2525
9.3201
9.3481
9.3361
9.2842
9.1936
9.0661
8.9041
8.7103
8.4881
8.2405
7.9707
7.6814
7.3746
7.0518
6.7129
6.3572
5.9829
5.5875
5.1690
4.7270
4.2644
3.7889
3.3129
2.8529
2.4267
2.0506
1.7363
1.4888
1.3060
1.1799
1.0989
1.0507
1.0242
1.0107
1.0044
1.0016
1.0006
1.0002
1.0000
1.0000
1.0000
1.0000
1.0000
1.0000
1.0000
1.0000
1.0001
1.0003
1.0008
1.0023
1.0059
1.0138
1.0301
1.0608
1.1146
1.2019
1.3340
1.5207
1.7683
2.0777
2.4430
2.8529
3.2919
3.7434
4.1928
4.6287
5.0443
5.4366
5.8051
6.1506
6.4747
6.7784
7.0624
7.3266
7.5701
7.7914
7.9885
8.1593
8.3016
8.4133
8.4926
8.5380
8.5486
8.5240
8.4648
8.3720
8.2471
8.0920
7.9088
7.6997
7.4667
7.2117
6.9361
6.6411
6.3271
5.9942
5.6418
5.2694
4.8768
4.4647
4.0360
3.5963
3.1554
2.7272
2.3281
1.9747
1.6792
1.4476
1.2780
1.1622
1.0888
1.0454
1.0217
1.0096
1.0039
1.0015
1.0005
1.0002
1.0000
1.0000
1.0000
1.0000
1.0000
1.0000
1.0000
1.0000
1.0000
1.0000
1.0000
1.0000
1.0000
1.0000
1.0000
1.0000
1.0000
1.0000
1.0000
1.0000
1.0000
1.0000
1.0000
1.0000
1.0000
1.0000
1.0000
1.0000
1.0000
1.0000
1.0000
1.0000
1.0000
1.0000
1.0000
1.0000
1.0000
1.0000
1.0000
1.0000
1.0000
1.0000
1.0000
1.0000
1.0000
1.0000
1.0000
1.0000
1.0002
1.0005
1.0015
1.0039
1.0096
1.0217
1.0454
1.0888
1.1622
1.2780
1.4476
1.6792
1.9747
2.3281
2.7272
3.1554
3.5963
4.0360
4.4647
4.8768
5.2694
5.6418
5.9942
6.3271
6.6411
6.9361
7.2117
7.4667
7.6997
7.9088
8.0920
8.2471
8.3720
8.4648
8.5240
8.5486
8.5380
8.4926
8.4133
8.3016
8.1593
7.9885
7.7914
7.5701
7.3266
7.0624
6.7784
6.4747
6.1506
5.8051
5.4366
5.0443
4.6287
4.1928
3.7434
3.2919
2.8529
2.4430
2.0777
1.7683
1.5207
1.3340
1.2019
1.1146
1.0608
1.0301
1.0138
1.0059
1.0023
1.0008
1.0003
1.0001
1.0000
1.0000
1.0000
1.0000
1.0000
1.0000
1.0000
1.0000
1.0000
1.0001
1.0004
1.0012
1.0031
1.0075
1.0170
1.0355
1.0694
1.1268
1.2173
1.3512
1.5368
1.7790
2.0777
2.4267
2.8149
3.2283
3.6519
4.0729
4.4813
4.8706
5.2369
5.5788
5.8961
6.1895
6.4597
6.7073
6.9322
7.1340
7.3119
7.4649
7.5917
7.6910
7.7615
7.8019
7.8114
7.7896
7.7368
7.6539
7.5420
7.4025
7.2364
7.0451
6.8294
6.5903
6.3284
6.0442
5.7381
5.4103
5.0613
4.6923
4.3055
3.9050
3.4966
3.0890
2.6932
2.3219
1.9885
1.7041
1.4754
1.3029
1.1816
1.1021
1.0537
1.0264
1.0121
1.0052
1.0020
1.0007
1.0002
1.0001
1.0000
1.0000
1.0000
1.0000
1.0000
1.0000
1.0000
1.0000
1.0000
1.0000
1.0000
1.0000
1.0000
1.0000
1.0000
1.0000
1.0000
1.0000
1.0000
1.0000
1.0000
1.0000
1.0000
1.0000
1.0000
1.0000
1.0000
1.0000
1.0000
1.0000
1.0000
1.0000
1.0000
1.0000
1.0000
1.0000
1.0000
1.0000
1.0000
1.0000
1.0000
1.0000
1.0000
1.0000
1.0000
1.0000
1.0000
1.0000
1.0001
1.0002
1.0007
1.0020
1.0052
1.0121
1.0264
1.0537
1.1021
1.1816
1.3029
1.4754
1.7041
1.9885
2.3219
2.6932
3.0890
3.4966
3.9050
4.3055
4.6923
5.0613
5.4103
5.7381
6.0442
6.3284
6.5903
6.8294
7.0451
7.2364
7.4025
7.5420
7.6539
7.7368
7.7896
7.8114
7.8019
7.7615
7.6910
7.5917
7.4649
7.3119
7.1340
6.9322
6.7073
6.4597
6.1895
5.8961
5.5788
5.2369
4.8706
4.4813
4.0729
3.6519
3.2283
2.8149
2.4267
2.0777
1.7790
1.5368
1.3512
1.2173
1.1268
1.0694
1.0355
1.0170
1.0075
1.0031
1.0012
1.0004
1.0001
1.0000
1.0000
1.0000
1.0000
1.0000
1.0000
1.0000
1.0000
1.0000
1.0000
1.0001
1.0002
1.0006
1.0015
1.0039
1.0090
1.0197
1.0398
1.0755
1.1343
1.2252
1.3569
1.5368
1.7683
2.0506
2.3774
2.7388
3.1223
3.5154
3.9067
4.2870
4.6493
4.9893
5.3044
5.5937
5.8574
6.0958
6.3094
6.4984
6.6630
6.8031
6.9187
7.0091
7.0734
7.1105
7.1193
7.0994
7.0510
6.9748
6.8718
6.7426
6.5878
6.4074
6.2016
5.9706
5.7146
5.4342
5.1304
4.8047
4.4592
4.0974
3.7242
3.3461
2.9712
2.6092
2.2703
1.9645
1.7005
1.4841
1.3166
1.1952
1.1130
1.0613
1.0310
1.0147
1.0064
1.0026
1.0010
1.0003
1.0001
1.0000
1.0000
1.0000
1.0000
1.0000
1.0000
1.0000
1.0000
1.0000
1.0000
1.0000
1.0000
1.0000
1.0000
1.0000
1.0000
1.0000
1.0000
1.0000
1.0000
1.0000
1.0000
1.0000
1.0000
1.0000
1.0000
1.0000
1.0000
1.0000
1.0000
1.0000
1.0000
1.0000
1.0000
1.0000
1.0000
1.0000
1.0000
1.0000
1.0000
1.0000
1.0000
1.0000
1.0000
1.0000
1.0000
1.0000
1.0000
1.0000
1.0000
1.0001
1.0003
1.0010
1.0026
1.0064
1.0147
1.0310
1.0613
1.1130
1.1952
1.3166
1.4841
1.7005
1.9645
2.2703
2.6092
2.9712
3.3461
3.7242
4.0974
4.4592
4.8047
5.1304
5.4342
5.7146
5.9706
6.2016
6.4074
6.5878
6.7426
6.8718
6.9748
7.0510
7.0994
7.1193
7.1105
7.0734
7.0091
6.9187
6.8031
6.6630
6.4984
6.3094
6.0958
5.8574
5.5937
5.3044
4.9893
4.6493
4.2870
3.9067
3.5154
3.1223
2.7388
2.3774
2.0506
1.7683
1.5368
1.3569
1.2252
1.1343
1.0755
1.0398
1.0197
1.0090
1.0039
1.0015
1.0006
1.0002
1.0001
1.0000
1.0000
1.0000
1.0000
1.0000
1.0000
1.0000
1.0000
1.0000
1.0000
1.0000
1.0001
1.0002
1.0007
1.0019
1.0046
1.0103
1.0216
1.0425
1.0785
1.1368
1.2252
1.3512
1.5207
1.7363
1.9965
2.2960
2.6263
2.9772
3.3378
3.6978
4.0481
4.3817
4.6936
4.9808
5.2417
5.4760
5.6837
5.8653
6.0215
6.1534
6.2616
6.3465
6.4074
6.4428
6.4515
6.4327
6.3865
6.3139
6.2157
6.0922
5.9432
5.7681
5.5664
5.3381
5.0836
4.8045
4.5029
4.1822
3.8466
3.5018
3.1545
2.8126
2.4847
2.1795
1.9049
1.6671
1.4700
1.3149
1.1996
1.1191
1.0667
1.0349
1.0170
1.0077
1.0033
1.0013
1.0005
1.0001
1.0000
1.0000
1.0000
1.0000
1.0000
1.0000
1.0000
1.0000
1.0000
1.0000
1.0000
1.0000
1.0000
1.0000
1.0000
1.0000
1.0000
1.0000
1.0000
1.0000
1.0000
1.0000
1.0000
1.0000
1.0000
1.0000
1.0000
1.0000
1.0000
1.0000
1.0000
1.0000
1.0000
1.0000
1.0000
1.0000
1.0000
1.0000
1.0000
1.0000
1.0000
1.0000
1.0000
1.0000
1.0000
1.0000
1.0000
1.0000
1.0000
1.0000
1.0000
1.0000
1.0001
1.0005
1.0013
1.0033
1.0077
1.0170
1.0349
1.0667
1.1191
1.1996
1.3149
1.4700
1.6671
1.9049
2.1795
2.4847
2.8126
3.1545
3.5018
3.8466
4.1822
4.5029
4.8045
5.0836
5.3381
5.5664
5.7681
5.9432
6.0922
6.2157
6.3139
6.3865
6.4327
6.4515
6.4428
6.4074
6.3465
6.2616
6.1534
6.0215
5.8653
5.6837
5.4760
5.2417
4.9808
4.6936
4.3817
4.0481
3.6978
3.3378
2.9772
2.6263
2.2960
1.9965
1.7363
1.5207
1.3512
1.2252
1.1368
1.0785
1.0425
1.0216
1.0103
1.0046
1.0019
1.0007
1.0002
1.0001
1.0000
1.0000
1.0000
1.0000
1.0000
1.0000
1.0000
1.0000
1.0000
1.0000
1.0000
1.0000
1.0000
1.0001
1.0003
1.0008
1.0022
1.0050
1.0110
1.0226
1.0434
1.0785
1.1343
1.2173
1.3340
1.4888
1.6837
1.9175
2.1862
2.4827
2.7986
3.1242
3.4499
3.7671
4.0687
4.3498
4.6067
4.8376
5.0414
5.2183
5.3693
5.4960
5.6001
5.6824
5.7421
5.7775
5.7865
5.7680
5.7223
5.6506
5.5539
5.4327
5.2861
5.1132
4.9133
4.6866
4.4346
4.1599
3.8666
3.5598
3.2457
2.9312
2.6238
2.3310
2.0604
1.8181
1.6088
1.4351
1.2971
1.1929
1.1184
1.0685
1.0371
1.0188
1.0088
1.0039
1.0016
1.0006
1.0002
1.0001
1.0000
1.0000
1.0000
1.0000
1.0000
1.0000
1.0000
1.0000
1.0000
1.0000
1.0000
1.0000
1.0000
1.0000
1.0000
1.0000
1.0000
1.0000
1.0000
1.0000
1.0000
1.0000
1.0000
1.0000
1.0000
1.0000
1.0000
1.0000
1.0000
1.0000
1.0000
1.0000
1.0000
1.0000
1.0000
1.0000
1.0000
1.0000
1.0000
1.0000
1.0000
1.0000
1.0000
1.0000
1.0000
1.0000
1.0000
1.0000
1.0000
1.0000
1.0000
1.0000
1.0001
1.0002
1.0006
1.0016
1.0039
1.0088
1.0188
1.0371
1.0685
1.1184
1.1929
1.2971
1.4351
1.6088
1.8181
2.0604
2.3310
2.6238
2.9312
3.2457
3.5598
3.8666
4.1599
4.4346
4.6866
4.9133
5.1132
5.2861
5.4327
5.5539
5.6506
5.7223
5.7680
5.7865
5.7775
5.7421
5.6824
5.6001
5.4960
5.3693
5.2183
5.0414
4.8376
4.6067
4.3498
4.0687
3.7671
3.4499
3.1242
2.7986
2.4827
2.1862
1.9175
1.6837
1.4888
1.3340
1.2173
1.1343
1.0785
1.0434
1.0226
1.0110
1.0050
1.0022
1.0008
1.0003
1.0001
1.0000
1.0000
1.0000
1.0000
1.0000
1.0000
1.0000
1.0000
1.0000
1.0000
1.0000
1.0000
1.0000
1.0000
1.0000
1.0001
1.0004
1.0010
1.0023
1.0053
1.0113
1.0226
1.0425
1.0755
1.1268
1.2019
1.3060
1.4427
1.6139
1.8188
2.0544
2.3150
2.5931
2.8802
3.1676
3.4474
3.7130
3.9592
4.1823
4.3799
4.5512
4.6971
4.8195
4.9208
5.0019
5.0620
5.0983
5.1080
5.0895
5.0432
4.9709
4.8745
4.7543
4.6099
4.4400
4.2441
4.0233
3.7801
3.5187
3.2448
2.9648
2.6858
2.4149
2.1587
1.9235
1.7142
1.5342
1.3850
1.2664
1.1761
1.1107
1.0659
1.0369
1.0194
1.0095
1.0043
1.0018
1.0007
1.0003
1.0001
1.0000
1.0000
1.0000
1.0000
1.0000
1.0000
1.0000
1.0000
1.0000
1.0000
1.0000
1.0000
1.0000
1.0000
1.0000
1.0000
1.0000
1.0000
1.0000
1.0000
1.0000
1.0000
1.0000
1.0000
1.0000
1.0000
1.0000
1.0000
1.0000
1.0000
1.0000
1.0000
1.0000
1.0000
1.0000
1.0000
1.0000
1.0000
1.0000
1.0000
1.0000
1.0000
1.0000
1.0000
1.0000
1.0000
1.0000
1.0000
1.0000
1.0000
1.0000
1.0000
1.0000
1.0000
1.0001
1.0003
1.0007
1.0018
1.0043
1.0095
1.0194
1.0369
1.0659
1.1107
1.1761
1.2664
1.3850
1.5342
1.7142
1.9235
2.1587
2.4149
2.6858
2.9648
3.2448
3.5187
3.7801
4.0233
4.2441
4.4400
4.6099
4.7543
4.8745
4.9709
5.0432
5.0895
5.1080
5.0983
5.0620
5.0019
4.9208
4.8195
4.6971
4.5512
4.3799
4.1823
3.9592
3.7130
3.4474
3.1676
2.8802
2.5931
2.3150
2.0544
1.8188
1.6139
1.4427
1.3060
1.2019
1.1268
1.0755
1.0425
1.0226
1.0113
1.0053
1.0023
1.0010
1.0004
1.0001
1.0000
1.0000
1.0000
1.0000
1.0000
1.0000
1.0000
1.0000
1.0000
1.0000
1.0000
1.0000
1.0000
1.0000
1.0000
1.0000
1.0000
1.0001
1.0004
1.0010
1.0024
1.0053
1.0110
1.0216
1.0398
1.0694
1.1146
1.1799
1.2694
1.3863
1.5323
1.7071
1.9080
2.1303
2.3677
2.6127
2.8578
3.0960
3.3210
3.5278
3.7126
3.8736
4.0113
4.1278
4.2253
4.3049
4.3651
4.4023
4.4127
4.3943
4.3476
4.2753
4.1800
4.0630
3.9238
3.7616
3.5765
3.3702
3.1464
2.9104
2.6688
2.4284
2.1959
1.9775
1.7783
1.6022
1.4514
1.3269
1.2280
1.1526
1.0976
1.0594
1.0342
1.0185
1.0094
1.0045
1.0020
1.0008
1.0003
1.0001
1.0000
1.0000
1.0000
1.0000
1.0000
1.0000
1.0000
1.0000
1.0000
1.0000
1.0000
1.0000
1.0000
1.0000
1.0000
1.0000
1.0000
1.0000
1.0000
1.0000
1.0000
1.0000
1.0000
1.0000
1.0000
1.0000
1.0000
1.0000
1.0000
1.0000
1.0000
1.0000
1.0000
1.0000
1.0000
1.0000
1.0000
1.0000
1.0000
1.0000
1.0000
1.0000
1.0000
1.0000
1.0000
1.0000
1.0000
1.0000
1.0000
1.0000
1.0000
1.0000
1.0000
1.0000
1.0000
1.0000
1.0001
1.0003
1.0008
1.0020
1.0045
1.0094
1.0185
1.0342
1.0594
1.0976
1.1526
1.2280
1.3269
1.4514
1.6022
1.7783
1.9775
2.1959
2.4284
2.6688
2.9104
3.1464
3.3702
3.5765
3.7616
3.9238
4.0630
4.1800
4.2753
4.3476
4.3943
4.4127
4.4023
4.3651
4.3049
4.2253
4.1278
4.0113
3.8736
3.7126
3.5278
3.3210
3.0960
2.8578
2.6127
2.3677
2.1303
1.9080
1.7071
1.5323
1.3863
1.2694
1.1799
1.1146
1.0694
1.0398
1.0216
1.0110
1.0053
1.0024
1.0010
1.0004
1.0001
1.0000
1.0000
1.0000
1.0000
1.0000
1.0000
1.0000
1.0000
1.0000
1.0000
1.0000
1.0000
1.0000
1.0000
1.0000
1.0000
1.0000
1.0000
1.0001
1.0002
1.0004
1.0010
1.0023
1.0050
1.0103
1.0197
1.0355
1.0608
1.0989
1.1534
1.2277
1.3244
1.4449
1.5888
1.7540
1.9365
2.1311
2.3315
2.5314
2.7245
2.9050
3.0685
3.2125
3.3367
3.4430
3.5337
3.6094
3.6679
3.7050
3.7157
3.6979
3.6524
3.5825
3.4919
3.3824
3.2544
3.1073
2.9419
2.7604
2.5672
2.3680
2.1691
1.9768
1.7967
1.6333
1.4896
1.3673
1.2666
1.1868
1.1260
1.0815
1.0503
1.0296
1.0165
1.0087
1.0043
1.0020
1.0008
1.0003
1.0001
1.0000
1.0000
1.0000
1.0000
1.0000
1.0000
1.0000
1.0000
1.0000
1.0000
1.0000
1.0000
1.0000
1.0000
1.0000
1.0000
1.0000
1.0000
1.0000
1.0000
1.0000
1.0000
1.0000
1.0000
1.0000
1.0000
1.0000
1.0000
1.0000
1.0000
1.0000
1.0000
1.0000
1.0000
1.0000
1.0000
1.0000
1.0000
1.0000
1.0000
1.0000
1.0000
1.0000
1.0000
1.0000
1.0000
1.0000
1.0000
1.0000
1.0000
1.0000
1.0000
1.0000
1.0000
1.0000
1.0000
1.0000
1.0000
1.0001
1.0003
1.0008
1.0020
1.0043
1.0087
1.0165
1.0296
1.0503
1.0815
1.1260
1.1868
1.2666
1.3673
1.4896
1.6333
1.7967
1.9768
2.1691
2.3680
2.5672
2.7604
2.9419
3.1073
3.2544
3.3824
3.4919
3.5825
3.6524
3.6979
3.7157
3.7050
3.6679
3.6094
3.5337
3.4430
3.3367
3.2125
3.0685
2.9050
2.7245
2.5314
2.3315
2.1311
1.9365
1.7540
1.5888
1.4449
1.3244
1.2277
1.1534
1.0989
1.0608
1.0355
1.0197
1.0103
1.0050
1.0023
1.0010
1.0004
1.0002
1.0001
1.0000
1.0000
1.0000
1.0000
1.0000
1.0000
1.0000
1.0000
1.0000
1.0000
1.0000
1.0000
1.0000
1.0000
1.0000
1.0000
1.0000
1.0000
1.0000
1.0001
1.0002
1.0004
1.0010
1.0022
1.0046
1.0090
1.0170
1.0301
1.0507
1.0815
1.1252
1.1845
1.2614
1.3567
1.4702
1.6000
1.7429
1.8946
2.0500
2.2037
2.3502
2.4850
2.6052
2.7103
2.8018
2.8815
2.9497
3.0036
3.0384
3.0488
3.0325
2.9906
2.9269
2.8457
2.7494
2.6390
2.5144
2.3767
2.2284
2.0738
1.9181
1.7667
1.6246
1.4958
1.3828
1.2871
1.2086
1.1466
1.0993
1.0647
1.0404
1.0241
1.0137
1.0074
1.0037
1.0018
1.0008
1.0003
1.0001
1.0000
1.0000
1.0000
1.0000
1.0000
1.0000
1.0000
1.0000
1.0000
1.0000
1.0000
1.0000
1.0000
1.0000
1.0000
1.0000
1.0000
1.0000
1.0000
1.0000
1.0000
1.0000
1.0000
1.0000
1.0000
1.0000
1.0000
1.0000
1.0000
1.0000
1.0000
1.0000
1.0000
1.0000
1.0000
1.0000
1.0000
1.0000
1.0000
1.0000
1.0000
1.0000
1.0000
1.0000
1.0000
1.0000
1.0000
1.0000
1.0000
1.0000
1.0000
1.0000
1.0000
1.0000
1.0000
1.0000
1.0000
1.0000
1.0000
1.0000
1.0001
1.0003
1.0008
1.0018
1.0037
1.0074
1.0137
1.0241
1.0404
1.0647
1.0993
1.1466
1.2086
1.2871
1.3828
1.4958
1.6246
1.7667
1.9181
2.0738
2.2284
2.3767
2.5144
2.6390
2.7494
2.8457
2.9269
2.9906
3.0325
3.0488
3.0384
3.0036
2.9497
2.8815
2.8018
2.7103
2.6052
2.4850
2.3502
2.2037
2.0500
1.8946
1.7429
1.6000
1.4702
1.3567
1.2614
1.1845
1.1252
1.0815
1.0507
1.0301
1.0170
1.0090
1.0046
1.0022
1.0010
1.0004
1.0002
1.0001
1.0000
1.0000
1.0000
1.0000
1.0000
1.0000
1.0000
1.0000
1.0000
1.0000
1.0000
1.0000
1.0000
1.0000
1.0000
1.0000
1.0000
1.0000
1.0000
1.0000
1.0000
1.0001
1.0001
1.0004
1.0008
1.0019
1.0039
1.0075
1.0138
1.0242
1.0403
1.0641
1.0976
1.1428
1.2010
1.2728
1.3577
1.4542
1.5598
1.6710
1.7835
1.8929
1.9953
2.0880
2.1704
2.2436
2.3088
2.3660
2.4121
2.4423
2.4517
2.4378
2.4020
2.3482
2.2805
2.2021
2.1140
2.0166
1.9110
1.7996
1.6858
1.5739
1.4681
1.3716
1.2868
1.2150
1.1563
1.1100
1.0748
1.0490
1.0308
1.0186
1.0107
1.0059
1.0031
1.0015
1.0007
1.0003
1.0001
1.0000
1.0000
1.0000
1.0000
1.0000
1.0000
1.0000
1.0000
1.0000
1.0000
1.0000
1.0000
1.0000
1.0000
1.0000
1.0000
1.0000
1.0000
1.0000
1.0000
1.0000
1.0000
1.0000
1.0000
1.0000
1.0000
1.0000
1.0000
1.0000
1.0000
1.0000
1.0000
1.0000
1.0000
1.0000
1.0000
1.0000
1.0000
1.0000
1.0000
1.0000
1.0000
1.0000
1.0000
1.0000
1.0000
1.0000
1.0000
1.0000
1.0000
1.0000
1.0000
1.0000
1.0000
1.0000
1.0000
1.0000
1.0000
1.0000
1.0000
1.0000
1.0000
1.0001
1.0003
1.0007
1.0015
1.0031
1.0059
1.0107
1.0186
1.0308
1.0490
1.0748
1.1100
1.1563
1.2150
1.2868
1.3716
1.4681
1.5739
1.6858
1.7996
1.9110
2.0166
2.1140
2.2021
2.2805
2.3482
2.4020
2.4378
2.4517
2.4423
2.4121
2.3660
2.3088
2.2436
2.1704
2.0880
1.9953
1.8929
1.7835
1.6710
1.5598
1.4542
1.3577
1.2728
1.2010
1.1428
1.0976
1.0641
1.0403
1.0242
1.0138
1.0075
1.0039
1.0019
1.0008
1.0004
1.0001
1.0001
1.0000
1.0000
1.0000
1.0000
1.0000
1.0000
1.0000
1.0000
1.0000
1.0000
1.0000
1.0000
1.0000
1.0000
1.0000
1.0000
1.0000
1.0000
1.0000
1.0000
1.0000
1.0000
1.0000
1.0000
1.0001
1.0003
1.0007
1.0015
1.0031
1.0059
1.0107
1.0184
1.0304
1.0479
1.0723
1.1049
1.1466
1.1975
1.2573
1.3245
1.3973
1.4726
1.5474
1.6185
1.6840
1.7433
1.7970
1.8462
1.8902
1.9264
1.9504
1.9581
1.9473
1.9193
1.8775
1.8258
1.7672
1.7027
1.6330
1.5590
1.4824
1.4058
1.3324
1.2646
1.2047
1.1536
1.1117
1.0787
1.0536
1.0353
1.0223
1.0136
1.0079
1.0044
1.0023
1.0012
1.0005
1.0002
1.0001
1.0000
1.0000
1.0000
1.0000
1.0000
1.0000
1.0000
1.0000
1.0000
1.0000
1.0000
1.0000
1.0000
1.0000
1.0000
1.0000
1.0000
1.0000
1.0000
1.0000
1.0000
1.0000
1.0000
1.0000
1.0000
1.0000
1.0000
1.0000
1.0000
1.0000
1.0000
1.0000
1.0000
1.0000
1.0000
1.0000
1.0000
1.0000
1.0000
1.0000
1.0000
1.0000
1.0000
1.0000
1.0000
1.0000
1.0000
1.0000
1.0000
1.0000
1.0000
1.0000
1.0000
1.0000
1.0000
1.0000
1.0000
1.0000
1.0000
1.0000
1.0000
1.0000
1.0000
1.0000
1.0001
1.0002
1.0005
1.0012
1.0023
1.0044
1.0079
1.0136
1.0223
1.0353
1.0536
1.0787
1.1117
1.1536
1.2047
1.2646
1.3324
1.4058
1.4824
1.5590
1.6330
1.7027
1.7672
1.8258
1.8775
1.9193
1.9473
1.9581
1.9504
1.9264
1.8902
1.8462
1.7970
1.7433
1.6840
1.6185
1.5474
1.4726
1.3973
1.3245
1.2573
1.1975
1.1466
1.1049
1.0723
1.0479
1.0304
1.0184
1.0107
1.0059
1.0031
1.0015
1.0007
1.0003
1.0001
1.0000
1.0000
1.0000
1.0000
1.0000
1.0000
1.0000
1.0000
1.0000
1.0000
1.0000
1.0000
1.0000
1.0000
1.0000
1.0000
1.0000
1.0000
1.0000
1.0000
1.0000
1.0000
1.0000
1.0000
1.0000
1.0000
1.0000
1.0001
1.0002
1.0006
1.0012
1.0023
1.0044
1.0078
1.0133
1.0217
1.0338
1.0506
1.0727
1.1006
1.1344
1.1735
1.2168
1.2628
1.3092
1.3542
1.3963
1.4352
1.4713
1.5051
1.5360
1.5619
1.5793
1.5850
1.5773
1.5573
1.5278
1.4919
1.4519
1.4089
1.3635
1.3162
1.2683
1.2215
1.1775
1.1380
1.1040
1.0759
1.0536
1.0366
1.0241
1.0153
1.0094
1.0055
1.0031
1.0016
1.0008
1.0004
1.0002
1.0001
1.0000
1.0000
1.0000
1.0000
1.0000
1.0000
1.0000
1.0000
1.0000
1.0000
1.0000
1.0000
1.0000
1.0000
1.0000
1.0000
1.0000
1.0000
1.0000
1.0000
1.0000
1.0000
1.0000
1.0000
1.0000
1.0000
1.0000
1.0000
1.0000
1.0000
1.0000
1.0000
1.0000
1.0000
1.0000
1.0000
1.0000
1.0000
1.0000
1.0000
1.0000
1.0000
1.0000
1.0000
1.0000
1.0000
1.0000
1.0000
1.0000
1.0000
1.0000
1.0000
1.0000
1.0000
1.0000
1.0000
1.0000
1.0000
1.0000
1.0000
1.0000
1.0000
1.0000
1.0000
1.0000
1.0000
1.0001
1.0002
1.0004
1.0008
1.0016
1.0031
1.0055
1.0094
1.0153
1.0241
1.0366
1.0536
1.0759
1.1040
1.1380
1.1775
1.2215
1.2683
1.3162
1.3635
1.4089
1.4519
1.4919
1.5278
1.5573
1.5773
1.5850
1.5793
1.5619
1.5360
1.5051
1.4713
1.4352
1.3963
1.3542
1.3092
1.2628
1.2168
1.1735
1.1344
1.1006
1.0727
1.0506
1.0338
1.0217
1.0133
1.0078
1.0044
1.0023
1.0012
1.0006
1.0002
1.0001
1.0000
1.0000
1.0000
1.0000
1.0000
1.0000
1.0000
1.0000
1.0000
1.0000
1.0000
1.0000
1.0000
1.0000
1.0000
1.0000
1.0000
1.0000
1.0000
1.0000
1.0000
1.0000
1.0000
1.0000
1.0000
1.0000
1.0000
1.0000
1.0000
1.0001
1.0002
1.0004
1.0008
1.0016
1.0030
1.0054
1.0090
1.0145
1.0224
1.0331
1.0471
1.0645
1.0851
1.1086
1.1341
1.1603
1.1861
1.2106
1.2338
1.2558
1.2769
1.2967
1.3134
1.3248
1.3285
1.3236
1.3107
1.2918
1.2692
1.2444
1.2184
1.1915
1.1642
1.1370
1.1109
1.0871
1.0661
1.0486
1.0345
1.0236
1.0156
1.0100
1.0061
1.0036
1.0020
1.0011
1.0006
1.0003
1.0001
1.0001
1.0000
1.0000
1.0000
1.0000
1.0000
1.0000
1.0000
1.0000
1.0000
1.0000
1.0000
1.0000
1.0000
1.0000
1.0000
1.0000
1.0000
1.0000
1.0000
1.0000
1.0000
1.0000
1.0000
1.0000
1.0000
1.0000
1.0000
1.0000
1.0000
1.0000
1.0000
1.0000
1.0000
1.0000
1.0000
1.0000
1.0000
1.0000
1.0000
1.0000
1.0000
1.0000
1.0000
1.0000
1.0000
1.0000
1.0000
1.0000
1.0000
1.0000
1.0000
1.0000
1.0000
1.0000
1.0000
1.0000
1.0000
1.0000
1.0000
1.0000
1.0000
1.0000
1.0000
1.0000
1.0000
1.0000
1.0000
1.0000
1.0001
1.0001
1.0003
1.0006
1.0011
1.0020
1.0036
1.0061
1.0100
1.0156
1.0236
1.0345
1.0486
1.0661
1.0871
1.1109
1.1370
1.1642
1.1915
1.2184
1.2444
1.2692
1.2918
1.3107
1.3236
1.3285
1.3248
1.3134
1.2967
1.2769
1.2558
1.2338
1.2106
1.1861
1.1603
1.1341
1.1086
1.0851
1.0645
1.0471
1.0331
1.0224
1.0145
1.0090
1.0054
1.0030
1.0016
1.0008
1.0004
1.0002
1.0001
1.0000
1.0000
1.0000
1.0000
1.0000
1.0000
1.0000
1.0000
1.0000
1.0000
1.0000
1.0000
1.0000
1.0000
1.0000
1.0000
1.0000
1.0000
1.0000
1.0000
1.0000
1.0000
1.0000
1.0000
1.0000
1.0000
1.0000
1.0000
1.0000
1.0000
1.0000
1.0001
1.0001
1.0003
1.0006
1.0011
1.0020
1.0034
1.0057
1.0091
1.0138
1.0202
1.0283
1.0382
1.0498
1.0625
1.0759
1.0893
1.1023
1.1147
1.1269
1.1388
1.1502
1.1600
1.1667
1.1690
1.1661
1.1586
1.1477
1.1347
1.1209
1.1066
1.0922
1.0779
1.0639
1.0508
1.0391
1.0290
1.0208
1.0143
1.0095
1.0061
1.0038
1.0022
1.0013
1.0007
1.0004
1.0002
1.0001
1.0000
1.0000
1.0000
1.0000
1.0000
1.0000
1.0000
1.0000
1.0000
1.0000
1.0000
1.0000
1.0000
1.0000
1.0000
1.0000
1.0000
1.0000
1.0000
1.0000
1.0000
1.0000
1.0000
1.0000
1.0000
1.0000
1.0000
1.0000
1.0000
1.0000
1.0000
1.0000
1.0000
1.0000
1.0000
1.0000
1.0000
1.0000
1.0000
1.0000
1.0000
1.0000
1.0000
1.0000
1.0000
1.0000
1.0000
1.0000
1.0000
1.0000
1.0000
1.0000
1.0000
1.0000
1.0000
1.0000
1.0000
1.0000
1.0000
1.0000
1.0000
1.0000
1.0000
1.0000
1.0000
1.0000
1.0000
1.0000
1.0000
1.0000
1.0000
1.0000
1.0001
1.0002
1.0004
1.0007
1.0013
1.0022
1.0038
1.0061
1.0095
1.0143
1.0208
1.0290
1.0391
1.0508
1.0639
1.0779
1.0922
1.1066
1.1209
1.1347
1.1477
1.1586
1.1661
1.1690
1.1667
1.1600
1.1502
1.1388
1.1269
1.1147
1.1023
1.0893
1.0759
1.0625
1.0498
1.0382
1.0283
1.0202
1.0138
1.0091
1.0057
1.0034
1.0020
1.0011
1.0006
1.0003
1.0001
1.0001
1.0000
1.0000
1.0000
1.0000
1.0000
1.0000
1.0000
1.0000
1.0000
1.0000
1.0000
1.0000
1.0000
1.0000
1.0000
1.0000
1.0000
1.0000
1.0000
1.0000
1.0000
1.0000
1.0000
1.0000
1.0000
1.0000
1.0000
1.0000
1.0000
1.0000
1.0000
1.0000
1.0000
1.0000
1.0001
1.0002
1.0003
1.0007
1.0012
1.0020
1.0034
1.0053
1.0079
1.0113
1.0157
1.0208
1.0266
1.0327
1.0390
1.0452
1.0513
1.0573
1.0634
1.0693
1.0745
1.0781
1.0793
1.0778
1.0738
1.0681
1.0615
1.0545
1.0474
1.0405
1.0337
1.0272
1.0212
1.0160
1.0116
1.0081
1.0054
1.0035
1.0022
1.0013
1.0007
1.0004
1.0002
1.0001
1.0000
1.0000
1.0000
1.0000
1.0000
1.0000
1.0000
1.0000
1.0000
1.0000
1.0000
1.0000
1.0000
1.0000
1.0000
1.0000
1.0000
1.0000
1.0000
1.0000
1.0000
1.0000
1.0000
1.0000
1.0000
1.0000
1.0000
1.0000
1.0000
1.0000
1.0000
1.0000
1.0000
1.0000
1.0000
1.0000
1.0000
1.0000
1.0000
1.0000
1.0000
1.0000
1.0000
1.0000
1.0000
1.0000
1.0000
1.0000
1.0000
1.0000
1.0000
1.0000
1.0000
1.0000
1.0000
1.0000
1.0000
1.0000
1.0000
1.0000
1.0000
1.0000
1.0000
1.0000
1.0000
1.0000
1.0000
1.0000
1.0000
1.0000
1.0000
1.0000
1.0000
1.0000
1.0000
1.0000
1.0001
1.0002
1.0004
1.0007
1.0013
1.0022
1.0035
1.0054
1.0081
1.0116
1.0160
1.0212
1.0272
1.0337
1.0405
1.0474
1.0545
1.0615
1.0681
1.0738
1.0778
1.0793
1.0781
1.0745
1.0693
1.0634
1.0573
1.0513
1.0452
1.0390
1.0327
1.0266
1.0208
1.0157
1.0113
1.0079
1.0053
1.0034
1.0020
1.0012
1.0007
1.0003
1.0002
1.0001
1.0000
1.0000
1.0000
1.0000
1.0000
1.0000
1.0000
1.0000
1.0000
1.0000
1.0000
1.0000
1.0000
1.0000
1.0000
1.0000
1.0000
1.0000
1.0000
1.0000
1.0000
1.0000
1.0000
1.0000
1.0000
1.0000
1.0000
1.0000
1.0000
1.0000
1.0000
1.0000
1.0000
1.0000
1.0000
1.0000
1.0000
1.0000
1.0001
1.0002
1.0004
1.0007
1.0011
1.0018
1.0028
1.0041
1.0058
1.0079
1.0102
1.0128
1.0154
1.0181
1.0208
1.0235
1.0263
1.0291
1.0315
1.0332
1.0338
1.0331
1.0312
1.0286
1.0255
1.0223
1.0191
1.0161
1.0132
1.0105
1.0080
1.0059
1.0042
1.0029
1.0019
1.0012
1.0007
1.0004
1.0002
1.0001
1.0001
1.0000
1.0000
1.0000
1.0000
1.0000
1.0000
1.0000
1.0000
1.0000
1.0000
1.0000
1.0000
1.0000
1.0000
1.0000
1.0000
1.0000
1.0000
1.0000
1.0000
1.0000
1.0000
1.0000
1.0000
1.0000
1.0000
1.0000
1.0000
1.0000
1.0000
1.0000
1.0000
1.0000
1.0000
1.0000
1.0000
1.0000
1.0000
1.0000
1.0000
1.0000
1.0000
1.0000
1.0000
1.0000
1.0000
1.0000
1.0000
1.0000
1.0000
1.0000
1.0000
1.0000
1.0000
1.0000
1.0000
1.0000
1.0000
1.0000
1.0000
1.0000
1.0000
1.0000
1.0000
1.0000
1.0000
1.0000
1.0000
1.0000
1.0000
1.0000
1.0000
1.0000
1.0000
1.0000
1.0000
1.0000
1.0000
1.0001
1.0001
1.0002
1.0004
1.0007
1.0012
1.0019
1.0029
1.0042
1.0059
1.0080
1.0105
1.0132
1.0161
1.0191
1.0223
1.0255
1.0286
1.0312
1.0331
1.0338
1.0332
1.0315
1.0291
1.0263
1.0235
1.0208
1.0181
1.0154
1.0128
1.0102
1.0079
1.0058
1.0041
1.0028
1.0018
1.0011
1.0007
1.0004
1.0002
1.0001
1.0000
1.0000
1.0000
1.0000
1.0000
1.0000
1.0000
1.0000
1.0000
1.0000
1.0000
1.0000
1.0000
1.0000
1.0000
1.0000
1.0000
1.0000
1.0000
1.0000
1.0000
1.0000
1.0000
1.0000
1.0000
1.0000
1.0000
1.0000
1.0000
1.0000
1.0000
1.0000
1.0000
1.0000
1.0000
1.0000
1.0000
1.0000
1.0000
1.0000
1.0000
1.0000
1.0001
1.0002
1.0003
1.0006
1.0009
1.0013
1.0019
1.0027
1.0036
1.0045
1.0055
1.0065
1.0076
1.0087
1.0099
1.0110
1.0121
1.0128
1.0131
1.0128
1.0120
1.0108
1.0096
1.0082
1.0070
1.0058
1.0047
1.0037
1.0027
1.0020
1.0014
1.0009
1.0006
1.0003
1.0002
1.0001
1.0000
1.0000
1.0000
1.0000
1.0000
1.0000
1.0000
1.0000
1.0000
1.0000
1.0000
1.0000
1.0000
1.0000
1.0000
1.0000
1.0000
1.0000
1.0000
1.0000
1.0000
1.0000
1.0000
1.0000
1.0000
1.0000
1.0000
1.0000
1.0000
1.0000
1.0000
1.0000
1.0000
1.0000
1.0000
1.0000
1.0000
1.0000
1.0000
1.0000
1.0000
1.0000
1.0000
1.0000
1.0000
1.0000
1.0000
1.0000
1.0000
1.0000
1.0000
1.0000
1.0000
1.0000
1.0000
1.0000
1.0000
1.0000
1.0000
1.0000
1.0000
1.0000
1.0000
1.0000
1.0000
1.0000
1.0000
1.0000
1.0000
1.0000
1.0000
1.0000
1.0000
1.0000
1.0000
1.0000
1.0000
1.0000
1.0000
1.0000
1.0000
1.0000
1.0000
1.0000
1.0001
1.0002
1.0003
1.0006
1.0009
1.0014
1.0020
1.0027
1.0037
1.0047
1.0058
1.0070
1.0082
1.0096
1.0108
1.0120
1.0128
1.0131
1.0128
1.0121
1.0110
1.0099
1.0087
1.0076
1.0065
1.0055
1.0045
1.0036
1.0027
1.0019
1.0013
1.0009
1.0006
1.0003
1.0002
1.0001
1.0000
1.0000
1.0000
1.0000
1.0000
1.0000
1.0000
1.0000
1.0000
1.0000
1.0000
1.0000
1.0000
1.0000
1.0000
1.0000
1.0000
1.0000
1.0000
1.0000
1.0000
1.0000
1.0000
1.0000
1.0000
1.0000
1.0000
1.0000
1.0000
1.0000
1.0000
1.0000
1.0000
1.0000
1.0000
1.0000
1.0000
1.0000
1.0000
1.0000
1.0000
1.0000
1.0000
1.0000
1.0000
1.0000
1.0001
1.0001
1.0002
1.0004
1.0006
1.0008
1.0011
1.0014
1.0018
1.0021
1.0025
1.0029
1.0034
1.0038
1.0042
1.0045
1.0046
1.0045
1.0042
1.0037
1.0032
1.0028
1.0023
1.0019
1.0015
1.0011
1.0008
1.0006
1.0004
1.0002
1.0001
1.0001
1.0000
1.0000
1.0000
1.0000
1.0000
1.0000
1.0000
1.0000
1.0000
1.0000
1.0000
1.0000
1.0000
1.0000
1.0000
1.0000
1.0000
1.0000
1.0000
1.0000
1.0000
1.0000
1.0000
1.0000
1.0000
1.0000
1.0000
1.0000
1.0000
1.0000
1.0000
1.0000
1.0000
1.0000
1.0000
1.0000
1.0000
1.0000
1.0000
1.0000
1.0000
1.0000
1.0000
1.0000
1.0000
1.0000
1.0000
1.0000
1.0000
1.0000
1.0000
1.0000
1.0000
1.0000
1.0000
1.0000
1.0000
1.0000
1.0000
1.0000
1.0000
1.0000
1.0000
1.0000
1.0000
1.0000
1.0000
1.0000
1.0000
1.0000
1.0000
1.0000
1.0000
1.0000
1.0000
1.0000
1.0000
1.0000
1.0000
1.0000
1.0000
1.0000
1.0000
1.0000
1.0000
1.0000
1.0000
1.0000
1.0001
1.0001
1.0002
1.0004
1.0006
1.0008
1.0011
1.0015
1.0019
1.0023
1.0028
1.0032
1.0037
1.0042
1.0045
1.0046
1.0045
1.0042
1.0038
1.0034
1.0029
1.0025
1.0021
1.0018
1.0014
1.0011
1.0008
1.0006
1.0004
1.0002
1.0001
1.0001
1.0000
1.0000
1.0000
1.0000
1.0000
1.0000
1.0000
1.0000
1.0000
1.0000
1.0000
1.0000
1.0000
1.0000
1.0000
1.0000
1.0000
1.0000
1.0000
1.0000
1.0000
1.0000
1.0000
1.0000
1.0000
1.0000
1.0000
1.0000
1.0000
1.0000
1.0000
1.0000
1.0000
1.0000
1.0000
1.0000
1.0000
1.0000
1.0000
1.0000
1.0000
1.0000
1.0000
1.0000
1.0000
1.0000
1.0000
1.0000
1.0000
1.0000
1.0001
1.0001
1.0002
1.0002
1.0003
1.0004
1.0006
1.0007
1.0009
1.0010
1.0012
1.0014
1.0016
1.0017
1.0018
1.0017
1.0016
1.0014
1.0012
1.0010
1.0008
1.0006
1.0005
1.0003
1.0002
1.0002
1.0001
1.0001
1.0000
1.0000
1.0000
1.0000
1.0000
1.0000
1.0000
1.0000
1.0000
1.0000
1.0000
1.0000
1.0000
1.0000
1.0000
1.0000
1.0000
1.0000
1.0000
1.0000
1.0000
1.0000
1.0000
1.0000
1.0000
1.0000
1.0000
1.0000
1.0000
1.0000
1.0000
1.0000
1.0000
1.0000
1.0000
1.0000
1.0000
1.0000
1.0000
1.0000
1.0000
1.0000
1.0000
1.0000
1.0000
1.0000
1.0000
1.0000
1.0000
1.0000
1.0000
1.0000
1.0000
1.0000
1.0000
1.0000
1.0000
1.0000
1.0000
1.0000
1.0000
1.0000
1.0000
1.0000
1.0000
1.0000
1.0000
1.0000
1.0000
1.0000
1.0000
1.0000
1.0000
1.0000
1.0000
1.0000
1.0000
1.0000
1.0000
1.0000
1.0000
1.0000
1.0000
1.0000
1.0000
1.0000
1.0000
1.0000
1.0000
1.0000
1.0000
1.0000
1.0001
1.0001
1.0002
1.0002
1.0003
1.0005
1.0006
1.0008
1.0010
1.0012
1.0014
1.0016
1.0017
1.0018
1.0017
1.0016
1.0014
1.0012
1.0010
1.0009
1.0007
1.0006
1.0004
1.0003
1.0002
1.0002
1.0001
1.0001
1.0000
1.0000
1.0000
1.0000
1.0000
1.0000
1.0000
1.0000
1.0000
1.0000
1.0000
1.0000
1.0000
1.0000
1.0000
1.0000
1.0000
1.0000
1.0000
1.0000
1.0000
1.0000
1.0000
1.0000
1.0000
1.0000
